observation_id,collection_run_id,supersedes,correction_reason,collected_at,provider_quote_timestamp,source_last_updated,quote_validity_text,collection_method,source_system,source_url,connector_id,connector_version,methodology_version,origin_country_iso3,origin_currency,destination_country_iso3,destination_currency,amount_sent,amount_sent_includes_fee,provider_id,provider_name_raw,provider_name_canonical,provider_type,option_id,option_name_raw,funding_method,delivery_method,amount_received,fee,fee_currency,fee_is_promotional,provider_fx_rate,benchmark_fx_rate,benchmark_source,benchmark_observation_id,speed_text,speed_hours_min,speed_hours_max,availability_status,status_detail,raw_payload_sha256,raw_payload_path,notes,rate_is_promotional,promotion_detail
8995b914-8926-44f2-adaa-247420a2686a,backfill-nrbt-historical-20260909T230949Z-7acea919,,,2026-09-09T11:30:00+00:00,2023-08-01T00:00:00+00:00,,,published_tariff,collector,https://www.reservebank.to/data/docs/fmarkets/exrates/average_daily_exchange_rates.xlsx,benchmarks.nrbt.historical_backfill,0.1.0,0.4,NZL,NZD,TON,TOP,1.0,,nrbt,National Reserve Bank of Tonga,National Reserve Bank of Tonga,other,,,,,1.4427932477276004,,,,1.4427932477276004,,,,,,,observed,"Backfilled 2023-08-01 from NRBT's historical rates file (Round 4 backfill, reports/04-historical.md Task B). BUY 0.7096 / MID 0.6931 / SELL 0.6766 NZD per 1 TOP; provider_fx_rate and amount_received are the MID rate inverted to TOP per 1 NZD (1.442793), per METHODOLOGY.md section 2.4. collected_at reflects when this project actually fetched the underlying file (2026-09-09, once); provider_quote_timestamp carries the historical date this specific rate applied to -- these are deliberately not collapsed into each other.",0bca3100bd6ac8a784b2d8f7fbace9588aaee644770905c603802fc9e06f0962,archive/nrbt/2026/09/09/0bca3100bd6ac8a784b2d8f7fbace9588aaee644770905c603802fc9e06f0962.json.gz,,false,
110b93f1-d0d4-4d2d-9c6a-d3a54dd0ed1b,backfill-nrbt-historical-20260909T230949Z-7acea919,,,2026-09-09T11:30:00+00:00,2023-08-01T00:00:00+00:00,,,published_tariff,collector,https://www.reservebank.to/data/docs/fmarkets/exrates/average_daily_exchange_rates.xlsx,benchmarks.nrbt.historical_backfill,0.1.0,0.4,AUS,AUD,TON,TOP,1.0,,nrbt,National Reserve Bank of Tonga,National Reserve Bank of Tonga,other,,,,,1.5738117721120555,,,,1.5738117721120555,,,,,,,observed,"Backfilled 2023-08-01 from NRBT's historical rates file (Round 4 backfill, reports/04-historical.md Task B). BUY 0.6486 / MID 0.6354 / SELL 0.6223 AUD per 1 TOP; provider_fx_rate and amount_received are the MID rate inverted to TOP per 1 AUD (1.573812), per METHODOLOGY.md section 2.4. collected_at reflects when this project actually fetched the underlying file (2026-09-09, once); provider_quote_timestamp carries the historical date this specific rate applied to -- these are deliberately not collapsed into each other.",0bca3100bd6ac8a784b2d8f7fbace9588aaee644770905c603802fc9e06f0962,archive/nrbt/2026/09/09/0bca3100bd6ac8a784b2d8f7fbace9588aaee644770905c603802fc9e06f0962.json.gz,,false,
f9f6d8b2-6a94-4f4d-b1e9-c145e9853645,backfill-nrbt-historical-20260909T230949Z-7acea919,,,2026-09-09T11:30:00+00:00,2023-08-02T00:00:00+00:00,,,published_tariff,collector,https://www.reservebank.to/data/docs/fmarkets/exrates/average_daily_exchange_rates.xlsx,benchmarks.nrbt.historical_backfill,0.1.0,0.4,NZL,NZD,TON,TOP,1.0,,nrbt,National Reserve Bank of Tonga,National Reserve Bank of Tonga,other,,,,,1.4390559792775939,,,,1.4390559792775939,,,,,,,observed,"Backfilled 2023-08-02 from NRBT's historical rates file (Round 4 backfill, reports/04-historical.md Task B). BUY 0.7114 / MID 0.6949 / SELL 0.6784 NZD per 1 TOP; provider_fx_rate and amount_received are the MID rate inverted to TOP per 1 NZD (1.439056), per METHODOLOGY.md section 2.4. collected_at reflects when this project actually fetched the underlying file (2026-09-09, once); provider_quote_timestamp carries the historical date this specific rate applied to -- these are deliberately not collapsed into each other.",0bca3100bd6ac8a784b2d8f7fbace9588aaee644770905c603802fc9e06f0962,archive/nrbt/2026/09/09/0bca3100bd6ac8a784b2d8f7fbace9588aaee644770905c603802fc9e06f0962.json.gz,,false,
46fb79c1-bc43-4a87-9f5a-f16d8f60cc49,backfill-nrbt-historical-20260909T230949Z-7acea919,,,2026-09-09T11:30:00+00:00,2023-08-02T00:00:00+00:00,,,published_tariff,collector,https://www.reservebank.to/data/docs/fmarkets/exrates/average_daily_exchange_rates.xlsx,benchmarks.nrbt.historical_backfill,0.1.0,0.4,AUS,AUD,TON,TOP,1.0,,nrbt,National Reserve Bank of Tonga,National Reserve Bank of Tonga,other,,,,,1.5610365282547614,,,,1.5610365282547614,,,,,,,observed,"Backfilled 2023-08-02 from NRBT's historical rates file (Round 4 backfill, reports/04-historical.md Task B). BUY 0.6537 / MID 0.6406 / SELL 0.6274 AUD per 1 TOP; provider_fx_rate and amount_received are the MID rate inverted to TOP per 1 AUD (1.561037), per METHODOLOGY.md section 2.4. collected_at reflects when this project actually fetched the underlying file (2026-09-09, once); provider_quote_timestamp carries the historical date this specific rate applied to -- these are deliberately not collapsed into each other.",0bca3100bd6ac8a784b2d8f7fbace9588aaee644770905c603802fc9e06f0962,archive/nrbt/2026/09/09/0bca3100bd6ac8a784b2d8f7fbace9588aaee644770905c603802fc9e06f0962.json.gz,,false,
9b8a7e0b-d77b-47ac-84f9-6333ce606dcb,backfill-nrbt-historical-20260909T230949Z-7acea919,,,2026-09-09T11:30:00+00:00,2023-08-03T00:00:00+00:00,,,published_tariff,collector,https://www.reservebank.to/data/docs/fmarkets/exrates/average_daily_exchange_rates.xlsx,benchmarks.nrbt.historical_backfill,0.1.0,0.4,NZL,NZD,TON,TOP,1.0,,nrbt,National Reserve Bank of Tonga,National Reserve Bank of Tonga,other,,,,,1.4336917562724014,,,,1.4336917562724014,,,,,,,observed,"Backfilled 2023-08-03 from NRBT's historical rates file (Round 4 backfill, reports/04-historical.md Task B). BUY 0.714 / MID 0.6975 / SELL 0.681 NZD per 1 TOP; provider_fx_rate and amount_received are the MID rate inverted to TOP per 1 NZD (1.433692), per METHODOLOGY.md section 2.4. collected_at reflects when this project actually fetched the underlying file (2026-09-09, once); provider_quote_timestamp carries the historical date this specific rate applied to -- these are deliberately not collapsed into each other.",0bca3100bd6ac8a784b2d8f7fbace9588aaee644770905c603802fc9e06f0962,archive/nrbt/2026/09/09/0bca3100bd6ac8a784b2d8f7fbace9588aaee644770905c603802fc9e06f0962.json.gz,,false,
128d6d7b-f5ca-494a-8b30-d6b4a2fa181e,backfill-nrbt-historical-20260909T230949Z-7acea919,,,2026-09-09T11:30:00+00:00,2023-08-03T00:00:00+00:00,,,published_tariff,collector,https://www.reservebank.to/data/docs/fmarkets/exrates/average_daily_exchange_rates.xlsx,benchmarks.nrbt.historical_backfill,0.1.0,0.4,AUS,AUD,TON,TOP,1.0,,nrbt,National Reserve Bank of Tonga,National Reserve Bank of Tonga,other,,,,,1.547269070091289,,,,1.547269070091289,,,,,,,observed,"Backfilled 2023-08-03 from NRBT's historical rates file (Round 4 backfill, reports/04-historical.md Task B). BUY 0.6594 / MID 0.6463 / SELL 0.6332 AUD per 1 TOP; provider_fx_rate and amount_received are the MID rate inverted to TOP per 1 AUD (1.547269), per METHODOLOGY.md section 2.4. collected_at reflects when this project actually fetched the underlying file (2026-09-09, once); provider_quote_timestamp carries the historical date this specific rate applied to -- these are deliberately not collapsed into each other.",0bca3100bd6ac8a784b2d8f7fbace9588aaee644770905c603802fc9e06f0962,archive/nrbt/2026/09/09/0bca3100bd6ac8a784b2d8f7fbace9588aaee644770905c603802fc9e06f0962.json.gz,,false,
b966a9ba-2d83-4536-9522-34ca938d717e,backfill-nrbt-historical-20260909T230949Z-7acea919,,,2026-09-09T11:30:00+00:00,2023-08-04T00:00:00+00:00,,,published_tariff,collector,https://www.reservebank.to/data/docs/fmarkets/exrates/average_daily_exchange_rates.xlsx,benchmarks.nrbt.historical_backfill,0.1.0,0.4,NZL,NZD,TON,TOP,1.0,,nrbt,National Reserve Bank of Tonga,National Reserve Bank of Tonga,other,,,,,1.4322543683758235,,,,1.4322543683758235,,,,,,,observed,"Backfilled 2023-08-04 from NRBT's historical rates file (Round 4 backfill, reports/04-historical.md Task B). BUY 0.7147 / MID 0.6982 / SELL 0.6817 NZD per 1 TOP; provider_fx_rate and amount_received are the MID rate inverted to TOP per 1 NZD (1.432254), per METHODOLOGY.md section 2.4. collected_at reflects when this project actually fetched the underlying file (2026-09-09, once); provider_quote_timestamp carries the historical date this specific rate applied to -- these are deliberately not collapsed into each other.",0bca3100bd6ac8a784b2d8f7fbace9588aaee644770905c603802fc9e06f0962,archive/nrbt/2026/09/09/0bca3100bd6ac8a784b2d8f7fbace9588aaee644770905c603802fc9e06f0962.json.gz,,false,
dc0176f0-45a2-48bf-a6cd-40b64c0f5dea,backfill-nrbt-historical-20260909T230949Z-7acea919,,,2026-09-09T11:30:00+00:00,2023-08-04T00:00:00+00:00,,,published_tariff,collector,https://www.reservebank.to/data/docs/fmarkets/exrates/average_daily_exchange_rates.xlsx,benchmarks.nrbt.historical_backfill,0.1.0,0.4,AUS,AUD,TON,TOP,1.0,,nrbt,National Reserve Bank of Tonga,National Reserve Bank of Tonga,other,,,,,1.547987616099071,,,,1.547987616099071,,,,,,,observed,"Backfilled 2023-08-04 from NRBT's historical rates file (Round 4 backfill, reports/04-historical.md Task B). BUY 0.6592 / MID 0.646 / SELL 0.6328 AUD per 1 TOP; provider_fx_rate and amount_received are the MID rate inverted to TOP per 1 AUD (1.547988), per METHODOLOGY.md section 2.4. collected_at reflects when this project actually fetched the underlying file (2026-09-09, once); provider_quote_timestamp carries the historical date this specific rate applied to -- these are deliberately not collapsed into each other.",0bca3100bd6ac8a784b2d8f7fbace9588aaee644770905c603802fc9e06f0962,archive/nrbt/2026/09/09/0bca3100bd6ac8a784b2d8f7fbace9588aaee644770905c603802fc9e06f0962.json.gz,,false,
2fe33fa1-cd06-4ef0-a7de-655d6b9798c4,backfill-nrbt-historical-20260909T230949Z-7acea919,,,2026-09-09T11:30:00+00:00,2023-08-07T00:00:00+00:00,,,published_tariff,collector,https://www.reservebank.to/data/docs/fmarkets/exrates/average_daily_exchange_rates.xlsx,benchmarks.nrbt.historical_backfill,0.1.0,0.4,NZL,NZD,TON,TOP,1.0,,nrbt,National Reserve Bank of Tonga,National Reserve Bank of Tonga,other,,,,,1.432870038687491,,,,1.432870038687491,,,,,,,observed,"Backfilled 2023-08-07 from NRBT's historical rates file (Round 4 backfill, reports/04-historical.md Task B). BUY 0.7141 / MID 0.6979 / SELL 0.6816 NZD per 1 TOP; provider_fx_rate and amount_received are the MID rate inverted to TOP per 1 NZD (1.432870), per METHODOLOGY.md section 2.4. collected_at reflects when this project actually fetched the underlying file (2026-09-09, once); provider_quote_timestamp carries the historical date this specific rate applied to -- these are deliberately not collapsed into each other.",0bca3100bd6ac8a784b2d8f7fbace9588aaee644770905c603802fc9e06f0962,archive/nrbt/2026/09/09/0bca3100bd6ac8a784b2d8f7fbace9588aaee644770905c603802fc9e06f0962.json.gz,,false,
cb11bf14-7f9c-4e92-9cc6-4f4e43d13957,backfill-nrbt-historical-20260909T230949Z-7acea919,,,2026-09-09T11:30:00+00:00,2023-08-07T00:00:00+00:00,,,published_tariff,collector,https://www.reservebank.to/data/docs/fmarkets/exrates/average_daily_exchange_rates.xlsx,benchmarks.nrbt.historical_backfill,0.1.0,0.4,AUS,AUD,TON,TOP,1.0,,nrbt,National Reserve Bank of Tonga,National Reserve Bank of Tonga,other,,,,,1.548467017652524,,,,1.548467017652524,,,,,,,observed,"Backfilled 2023-08-07 from NRBT's historical rates file (Round 4 backfill, reports/04-historical.md Task B). BUY 0.659 / MID 0.6458 / SELL 0.6326 AUD per 1 TOP; provider_fx_rate and amount_received are the MID rate inverted to TOP per 1 AUD (1.548467), per METHODOLOGY.md section 2.4. collected_at reflects when this project actually fetched the underlying file (2026-09-09, once); provider_quote_timestamp carries the historical date this specific rate applied to -- these are deliberately not collapsed into each other.",0bca3100bd6ac8a784b2d8f7fbace9588aaee644770905c603802fc9e06f0962,archive/nrbt/2026/09/09/0bca3100bd6ac8a784b2d8f7fbace9588aaee644770905c603802fc9e06f0962.json.gz,,false,
8a4657a1-de31-48b4-945f-b7172275f1ab,backfill-nrbt-historical-20260909T230949Z-7acea919,,,2026-09-09T11:30:00+00:00,2023-08-08T00:00:00+00:00,,,published_tariff,collector,https://www.reservebank.to/data/docs/fmarkets/exrates/average_daily_exchange_rates.xlsx,benchmarks.nrbt.historical_backfill,0.1.0,0.4,NZL,NZD,TON,TOP,1.0,,nrbt,National Reserve Bank of Tonga,National Reserve Bank of Tonga,other,,,,,1.4343086632243258,,,,1.4343086632243258,,,,,,,observed,"Backfilled 2023-08-08 from NRBT's historical rates file (Round 4 backfill, reports/04-historical.md Task B). BUY 0.7135 / MID 0.6972 / SELL 0.6809 NZD per 1 TOP; provider_fx_rate and amount_received are the MID rate inverted to TOP per 1 NZD (1.434309), per METHODOLOGY.md section 2.4. collected_at reflects when this project actually fetched the underlying file (2026-09-09, once); provider_quote_timestamp carries the historical date this specific rate applied to -- these are deliberately not collapsed into each other.",0bca3100bd6ac8a784b2d8f7fbace9588aaee644770905c603802fc9e06f0962,archive/nrbt/2026/09/09/0bca3100bd6ac8a784b2d8f7fbace9588aaee644770905c603802fc9e06f0962.json.gz,,false,
f27999fe-b240-4c66-9a6c-8fcc894e7b6d,backfill-nrbt-historical-20260909T230949Z-7acea919,,,2026-09-09T11:30:00+00:00,2023-08-08T00:00:00+00:00,,,published_tariff,collector,https://www.reservebank.to/data/docs/fmarkets/exrates/average_daily_exchange_rates.xlsx,benchmarks.nrbt.historical_backfill,0.1.0,0.4,AUS,AUD,TON,TOP,1.0,,nrbt,National Reserve Bank of Tonga,National Reserve Bank of Tonga,other,,,,,1.549666821633349,,,,1.549666821633349,,,,,,,observed,"Backfilled 2023-08-08 from NRBT's historical rates file (Round 4 backfill, reports/04-historical.md Task B). BUY 0.6584 / MID 0.6453 / SELL 0.6321 AUD per 1 TOP; provider_fx_rate and amount_received are the MID rate inverted to TOP per 1 AUD (1.549667), per METHODOLOGY.md section 2.4. collected_at reflects when this project actually fetched the underlying file (2026-09-09, once); provider_quote_timestamp carries the historical date this specific rate applied to -- these are deliberately not collapsed into each other.",0bca3100bd6ac8a784b2d8f7fbace9588aaee644770905c603802fc9e06f0962,archive/nrbt/2026/09/09/0bca3100bd6ac8a784b2d8f7fbace9588aaee644770905c603802fc9e06f0962.json.gz,,false,
80d04f89-dc38-4003-b5d3-e8fbee23f798,backfill-nrbt-historical-20260909T230949Z-7acea919,,,2026-09-09T11:30:00+00:00,2023-08-09T00:00:00+00:00,,,published_tariff,collector,https://www.reservebank.to/data/docs/fmarkets/exrates/average_daily_exchange_rates.xlsx,benchmarks.nrbt.historical_backfill,0.1.0,0.4,NZL,NZD,TON,TOP,1.0,,nrbt,National Reserve Bank of Tonga,National Reserve Bank of Tonga,other,,,,,1.4287755393627661,,,,1.4287755393627661,,,,,,,observed,"Backfilled 2023-08-09 from NRBT's historical rates file (Round 4 backfill, reports/04-historical.md Task B). BUY 0.7165 / MID 0.6999 / SELL 0.6834 NZD per 1 TOP; provider_fx_rate and amount_received are the MID rate inverted to TOP per 1 NZD (1.428776), per METHODOLOGY.md section 2.4. collected_at reflects when this project actually fetched the underlying file (2026-09-09, once); provider_quote_timestamp carries the historical date this specific rate applied to -- these are deliberately not collapsed into each other.",0bca3100bd6ac8a784b2d8f7fbace9588aaee644770905c603802fc9e06f0962,archive/nrbt/2026/09/09/0bca3100bd6ac8a784b2d8f7fbace9588aaee644770905c603802fc9e06f0962.json.gz,,false,
75208ab4-7dd6-457e-b612-e907ea119e88,backfill-nrbt-historical-20260909T230949Z-7acea919,,,2026-09-09T11:30:00+00:00,2023-08-09T00:00:00+00:00,,,published_tariff,collector,https://www.reservebank.to/data/docs/fmarkets/exrates/average_daily_exchange_rates.xlsx,benchmarks.nrbt.historical_backfill,0.1.0,0.4,AUS,AUD,TON,TOP,1.0,,nrbt,National Reserve Bank of Tonga,National Reserve Bank of Tonga,other,,,,,1.544878727019929,,,,1.544878727019929,,,,,,,observed,"Backfilled 2023-08-09 from NRBT's historical rates file (Round 4 backfill, reports/04-historical.md Task B). BUY 0.6605 / MID 0.6473 / SELL 0.6342 AUD per 1 TOP; provider_fx_rate and amount_received are the MID rate inverted to TOP per 1 AUD (1.544879), per METHODOLOGY.md section 2.4. collected_at reflects when this project actually fetched the underlying file (2026-09-09, once); provider_quote_timestamp carries the historical date this specific rate applied to -- these are deliberately not collapsed into each other.",0bca3100bd6ac8a784b2d8f7fbace9588aaee644770905c603802fc9e06f0962,archive/nrbt/2026/09/09/0bca3100bd6ac8a784b2d8f7fbace9588aaee644770905c603802fc9e06f0962.json.gz,,false,
550e36da-15d8-4f40-a94f-dca50b45178d,backfill-nrbt-historical-20260909T230949Z-7acea919,,,2026-09-09T11:30:00+00:00,2023-08-10T00:00:00+00:00,,,published_tariff,collector,https://www.reservebank.to/data/docs/fmarkets/exrates/average_daily_exchange_rates.xlsx,benchmarks.nrbt.historical_backfill,0.1.0,0.4,NZL,NZD,TON,TOP,1.0,,nrbt,National Reserve Bank of Tonga,National Reserve Bank of Tonga,other,,,,,1.4287755393627661,,,,1.4287755393627661,,,,,,,observed,"Backfilled 2023-08-10 from NRBT's historical rates file (Round 4 backfill, reports/04-historical.md Task B). BUY 0.7165 / MID 0.6999 / SELL 0.6834 NZD per 1 TOP; provider_fx_rate and amount_received are the MID rate inverted to TOP per 1 NZD (1.428776), per METHODOLOGY.md section 2.4. collected_at reflects when this project actually fetched the underlying file (2026-09-09, once); provider_quote_timestamp carries the historical date this specific rate applied to -- these are deliberately not collapsed into each other.",0bca3100bd6ac8a784b2d8f7fbace9588aaee644770905c603802fc9e06f0962,archive/nrbt/2026/09/09/0bca3100bd6ac8a784b2d8f7fbace9588aaee644770905c603802fc9e06f0962.json.gz,,false,
81ac4a8a-d928-4e08-a11d-1787eabf8d9b,backfill-nrbt-historical-20260909T230949Z-7acea919,,,2026-09-09T11:30:00+00:00,2023-08-10T00:00:00+00:00,,,published_tariff,collector,https://www.reservebank.to/data/docs/fmarkets/exrates/average_daily_exchange_rates.xlsx,benchmarks.nrbt.historical_backfill,0.1.0,0.4,AUS,AUD,TON,TOP,1.0,,nrbt,National Reserve Bank of Tonga,National Reserve Bank of Tonga,other,,,,,1.5453562046051614,,,,1.5453562046051614,,,,,,,observed,"Backfilled 2023-08-10 from NRBT's historical rates file (Round 4 backfill, reports/04-historical.md Task B). BUY 0.6602 / MID 0.6471 / SELL 0.6339 AUD per 1 TOP; provider_fx_rate and amount_received are the MID rate inverted to TOP per 1 AUD (1.545356), per METHODOLOGY.md section 2.4. collected_at reflects when this project actually fetched the underlying file (2026-09-09, once); provider_quote_timestamp carries the historical date this specific rate applied to -- these are deliberately not collapsed into each other.",0bca3100bd6ac8a784b2d8f7fbace9588aaee644770905c603802fc9e06f0962,archive/nrbt/2026/09/09/0bca3100bd6ac8a784b2d8f7fbace9588aaee644770905c603802fc9e06f0962.json.gz,,false,
29ea4110-9c12-4bff-99f4-8bcb413cf8fc,backfill-nrbt-historical-20260909T230949Z-7acea919,,,2026-09-09T11:30:00+00:00,2023-08-11T00:00:00+00:00,,,published_tariff,collector,https://www.reservebank.to/data/docs/fmarkets/exrates/average_daily_exchange_rates.xlsx,benchmarks.nrbt.historical_backfill,0.1.0,0.4,NZL,NZD,TON,TOP,1.0,,nrbt,National Reserve Bank of Tonga,National Reserve Bank of Tonga,other,,,,,1.4265335235378032,,,,1.4265335235378032,,,,,,,observed,"Backfilled 2023-08-11 from NRBT's historical rates file (Round 4 backfill, reports/04-historical.md Task B). BUY 0.7176 / MID 0.701 / SELL 0.6845 NZD per 1 TOP; provider_fx_rate and amount_received are the MID rate inverted to TOP per 1 NZD (1.426534), per METHODOLOGY.md section 2.4. collected_at reflects when this project actually fetched the underlying file (2026-09-09, once); provider_quote_timestamp carries the historical date this specific rate applied to -- these are deliberately not collapsed into each other.",0bca3100bd6ac8a784b2d8f7fbace9588aaee644770905c603802fc9e06f0962,archive/nrbt/2026/09/09/0bca3100bd6ac8a784b2d8f7fbace9588aaee644770905c603802fc9e06f0962.json.gz,,false,
98171c96-1e59-4724-99c5-19f3dd219e50,backfill-nrbt-historical-20260909T230949Z-7acea919,,,2026-09-09T11:30:00+00:00,2023-08-11T00:00:00+00:00,,,published_tariff,collector,https://www.reservebank.to/data/docs/fmarkets/exrates/average_daily_exchange_rates.xlsx,benchmarks.nrbt.historical_backfill,0.1.0,0.4,AUS,AUD,TON,TOP,1.0,,nrbt,National Reserve Bank of Tonga,National Reserve Bank of Tonga,other,,,,,1.5441630636195183,,,,1.5441630636195183,,,,,,,observed,"Backfilled 2023-08-11 from NRBT's historical rates file (Round 4 backfill, reports/04-historical.md Task B). BUY 0.6608 / MID 0.6476 / SELL 0.6345 AUD per 1 TOP; provider_fx_rate and amount_received are the MID rate inverted to TOP per 1 AUD (1.544163), per METHODOLOGY.md section 2.4. collected_at reflects when this project actually fetched the underlying file (2026-09-09, once); provider_quote_timestamp carries the historical date this specific rate applied to -- these are deliberately not collapsed into each other.",0bca3100bd6ac8a784b2d8f7fbace9588aaee644770905c603802fc9e06f0962,archive/nrbt/2026/09/09/0bca3100bd6ac8a784b2d8f7fbace9588aaee644770905c603802fc9e06f0962.json.gz,,false,
bab207d5-642a-4499-96d5-06b982006a6f,backfill-nrbt-historical-20260909T230949Z-7acea919,,,2026-09-09T11:30:00+00:00,2023-08-14T00:00:00+00:00,,,published_tariff,collector,https://www.reservebank.to/data/docs/fmarkets/exrates/average_daily_exchange_rates.xlsx,benchmarks.nrbt.historical_backfill,0.1.0,0.4,NZL,NZD,TON,TOP,1.0,,nrbt,National Reserve Bank of Tonga,National Reserve Bank of Tonga,other,,,,,1.4212620807276861,,,,1.4212620807276861,,,,,,,observed,"Backfilled 2023-08-14 from NRBT's historical rates file (Round 4 backfill, reports/04-historical.md Task B). BUY 0.7202 / MID 0.7036 / SELL 0.687 NZD per 1 TOP; provider_fx_rate and amount_received are the MID rate inverted to TOP per 1 NZD (1.421262), per METHODOLOGY.md section 2.4. collected_at reflects when this project actually fetched the underlying file (2026-09-09, once); provider_quote_timestamp carries the historical date this specific rate applied to -- these are deliberately not collapsed into each other.",0bca3100bd6ac8a784b2d8f7fbace9588aaee644770905c603802fc9e06f0962,archive/nrbt/2026/09/09/0bca3100bd6ac8a784b2d8f7fbace9588aaee644770905c603802fc9e06f0962.json.gz,,false,
143eefdf-fea7-4461-99a4-02af64e95a3c,backfill-nrbt-historical-20260909T230949Z-7acea919,,,2026-09-09T11:30:00+00:00,2023-08-14T00:00:00+00:00,,,published_tariff,collector,https://www.reservebank.to/data/docs/fmarkets/exrates/average_daily_exchange_rates.xlsx,benchmarks.nrbt.historical_backfill,0.1.0,0.4,AUS,AUD,TON,TOP,1.0,,nrbt,National Reserve Bank of Tonga,National Reserve Bank of Tonga,other,,,,,1.5429717636167257,,,,1.5429717636167257,,,,,,,observed,"Backfilled 2023-08-14 from NRBT's historical rates file (Round 4 backfill, reports/04-historical.md Task B). BUY 0.6612 / MID 0.6481 / SELL 0.6349 AUD per 1 TOP; provider_fx_rate and amount_received are the MID rate inverted to TOP per 1 AUD (1.542972), per METHODOLOGY.md section 2.4. collected_at reflects when this project actually fetched the underlying file (2026-09-09, once); provider_quote_timestamp carries the historical date this specific rate applied to -- these are deliberately not collapsed into each other.",0bca3100bd6ac8a784b2d8f7fbace9588aaee644770905c603802fc9e06f0962,archive/nrbt/2026/09/09/0bca3100bd6ac8a784b2d8f7fbace9588aaee644770905c603802fc9e06f0962.json.gz,,false,
d1fb4304-37e4-4e10-8f31-13c50db45033,backfill-nrbt-historical-20260909T230949Z-7acea919,,,2026-09-09T11:30:00+00:00,2023-08-15T00:00:00+00:00,,,published_tariff,collector,https://www.reservebank.to/data/docs/fmarkets/exrates/average_daily_exchange_rates.xlsx,benchmarks.nrbt.historical_backfill,0.1.0,0.4,NZL,NZD,TON,TOP,1.0,,nrbt,National Reserve Bank of Tonga,National Reserve Bank of Tonga,other,,,,,1.419849495953429,,,,1.419849495953429,,,,,,,observed,"Backfilled 2023-08-15 from NRBT's historical rates file (Round 4 backfill, reports/04-historical.md Task B). BUY 0.7207 / MID 0.7043 / SELL 0.6879 NZD per 1 TOP; provider_fx_rate and amount_received are the MID rate inverted to TOP per 1 NZD (1.419849), per METHODOLOGY.md section 2.4. collected_at reflects when this project actually fetched the underlying file (2026-09-09, once); provider_quote_timestamp carries the historical date this specific rate applied to -- these are deliberately not collapsed into each other.",0bca3100bd6ac8a784b2d8f7fbace9588aaee644770905c603802fc9e06f0962,archive/nrbt/2026/09/09/0bca3100bd6ac8a784b2d8f7fbace9588aaee644770905c603802fc9e06f0962.json.gz,,false,
16f70f59-01c0-4757-8f14-8504326f0f94,backfill-nrbt-historical-20260909T230949Z-7acea919,,,2026-09-09T11:30:00+00:00,2023-08-15T00:00:00+00:00,,,published_tariff,collector,https://www.reservebank.to/data/docs/fmarkets/exrates/average_daily_exchange_rates.xlsx,benchmarks.nrbt.historical_backfill,0.1.0,0.4,AUS,AUD,TON,TOP,1.0,,nrbt,National Reserve Bank of Tonga,National Reserve Bank of Tonga,other,,,,,1.5413070283600492,,,,1.5413070283600492,,,,,,,observed,"Backfilled 2023-08-15 from NRBT's historical rates file (Round 4 backfill, reports/04-historical.md Task B). BUY 0.6619 / MID 0.6488 / SELL 0.6356 AUD per 1 TOP; provider_fx_rate and amount_received are the MID rate inverted to TOP per 1 AUD (1.541307), per METHODOLOGY.md section 2.4. collected_at reflects when this project actually fetched the underlying file (2026-09-09, once); provider_quote_timestamp carries the historical date this specific rate applied to -- these are deliberately not collapsed into each other.",0bca3100bd6ac8a784b2d8f7fbace9588aaee644770905c603802fc9e06f0962,archive/nrbt/2026/09/09/0bca3100bd6ac8a784b2d8f7fbace9588aaee644770905c603802fc9e06f0962.json.gz,,false,
29008631-4848-4861-9e74-e48789294c9c,backfill-nrbt-historical-20260909T230949Z-7acea919,,,2026-09-09T11:30:00+00:00,2023-08-16T00:00:00+00:00,,,published_tariff,collector,https://www.reservebank.to/data/docs/fmarkets/exrates/average_daily_exchange_rates.xlsx,benchmarks.nrbt.historical_backfill,0.1.0,0.4,NZL,NZD,TON,TOP,1.0,,nrbt,National Reserve Bank of Tonga,National Reserve Bank of Tonga,other,,,,,1.4186409419775856,,,,1.4186409419775856,,,,,,,observed,"Backfilled 2023-08-16 from NRBT's historical rates file (Round 4 backfill, reports/04-historical.md Task B). BUY 0.7213 / MID 0.7049 / SELL 0.6885 NZD per 1 TOP; provider_fx_rate and amount_received are the MID rate inverted to TOP per 1 NZD (1.418641), per METHODOLOGY.md section 2.4. collected_at reflects when this project actually fetched the underlying file (2026-09-09, once); provider_quote_timestamp carries the historical date this specific rate applied to -- these are deliberately not collapsed into each other.",0bca3100bd6ac8a784b2d8f7fbace9588aaee644770905c603802fc9e06f0962,archive/nrbt/2026/09/09/0bca3100bd6ac8a784b2d8f7fbace9588aaee644770905c603802fc9e06f0962.json.gz,,false,
4f4eaaa9-e196-4be9-a75a-49c713566da2,backfill-nrbt-historical-20260909T230949Z-7acea919,,,2026-09-09T11:30:00+00:00,2023-08-16T00:00:00+00:00,,,published_tariff,collector,https://www.reservebank.to/data/docs/fmarkets/exrates/average_daily_exchange_rates.xlsx,benchmarks.nrbt.historical_backfill,0.1.0,0.4,AUS,AUD,TON,TOP,1.0,,nrbt,National Reserve Bank of Tonga,National Reserve Bank of Tonga,other,,,,,1.5386982612709648,,,,1.5386982612709648,,,,,,,observed,"Backfilled 2023-08-16 from NRBT's historical rates file (Round 4 backfill, reports/04-historical.md Task B). BUY 0.663 / MID 0.6499 / SELL 0.6367 AUD per 1 TOP; provider_fx_rate and amount_received are the MID rate inverted to TOP per 1 AUD (1.538698), per METHODOLOGY.md section 2.4. collected_at reflects when this project actually fetched the underlying file (2026-09-09, once); provider_quote_timestamp carries the historical date this specific rate applied to -- these are deliberately not collapsed into each other.",0bca3100bd6ac8a784b2d8f7fbace9588aaee644770905c603802fc9e06f0962,archive/nrbt/2026/09/09/0bca3100bd6ac8a784b2d8f7fbace9588aaee644770905c603802fc9e06f0962.json.gz,,false,
1875dc44-7e25-4aa3-8c05-11eefcdac48e,backfill-nrbt-historical-20260909T230949Z-7acea919,,,2026-09-09T11:30:00+00:00,2023-08-17T00:00:00+00:00,,,published_tariff,collector,https://www.reservebank.to/data/docs/fmarkets/exrates/average_daily_exchange_rates.xlsx,benchmarks.nrbt.historical_backfill,0.1.0,0.4,NZL,NZD,TON,TOP,1.0,,nrbt,National Reserve Bank of Tonga,National Reserve Bank of Tonga,other,,,,,1.417233560090703,,,,1.417233560090703,,,,,,,observed,"Backfilled 2023-08-17 from NRBT's historical rates file (Round 4 backfill, reports/04-historical.md Task B). BUY 0.722 / MID 0.7056 / SELL 0.6892 NZD per 1 TOP; provider_fx_rate and amount_received are the MID rate inverted to TOP per 1 NZD (1.417234), per METHODOLOGY.md section 2.4. collected_at reflects when this project actually fetched the underlying file (2026-09-09, once); provider_quote_timestamp carries the historical date this specific rate applied to -- these are deliberately not collapsed into each other.",0bca3100bd6ac8a784b2d8f7fbace9588aaee644770905c603802fc9e06f0962,archive/nrbt/2026/09/09/0bca3100bd6ac8a784b2d8f7fbace9588aaee644770905c603802fc9e06f0962.json.gz,,false,
01f6ccf9-4f72-4017-9df7-1a90da1e4421,backfill-nrbt-historical-20260909T230949Z-7acea919,,,2026-09-09T11:30:00+00:00,2023-08-17T00:00:00+00:00,,,published_tariff,collector,https://www.reservebank.to/data/docs/fmarkets/exrates/average_daily_exchange_rates.xlsx,benchmarks.nrbt.historical_backfill,0.1.0,0.4,AUS,AUD,TON,TOP,1.0,,nrbt,National Reserve Bank of Tonga,National Reserve Bank of Tonga,other,,,,,1.5330369461904032,,,,1.5330369461904032,,,,,,,observed,"Backfilled 2023-08-17 from NRBT's historical rates file (Round 4 backfill, reports/04-historical.md Task B). BUY 0.6655 / MID 0.6523 / SELL 0.6391 AUD per 1 TOP; provider_fx_rate and amount_received are the MID rate inverted to TOP per 1 AUD (1.533037), per METHODOLOGY.md section 2.4. collected_at reflects when this project actually fetched the underlying file (2026-09-09, once); provider_quote_timestamp carries the historical date this specific rate applied to -- these are deliberately not collapsed into each other.",0bca3100bd6ac8a784b2d8f7fbace9588aaee644770905c603802fc9e06f0962,archive/nrbt/2026/09/09/0bca3100bd6ac8a784b2d8f7fbace9588aaee644770905c603802fc9e06f0962.json.gz,,false,
ffdaf43e-188d-4ed9-ab27-030f2e68aab1,backfill-nrbt-historical-20260909T230949Z-7acea919,,,2026-09-09T11:30:00+00:00,2023-08-18T00:00:00+00:00,,,published_tariff,collector,https://www.reservebank.to/data/docs/fmarkets/exrates/average_daily_exchange_rates.xlsx,benchmarks.nrbt.historical_backfill,0.1.0,0.4,NZL,NZD,TON,TOP,1.0,,nrbt,National Reserve Bank of Tonga,National Reserve Bank of Tonga,other,,,,,1.4168319637291018,,,,1.4168319637291018,,,,,,,observed,"Backfilled 2023-08-18 from NRBT's historical rates file (Round 4 backfill, reports/04-historical.md Task B). BUY 0.7222 / MID 0.7058 / SELL 0.6895 NZD per 1 TOP; provider_fx_rate and amount_received are the MID rate inverted to TOP per 1 NZD (1.416832), per METHODOLOGY.md section 2.4. collected_at reflects when this project actually fetched the underlying file (2026-09-09, once); provider_quote_timestamp carries the historical date this specific rate applied to -- these are deliberately not collapsed into each other.",0bca3100bd6ac8a784b2d8f7fbace9588aaee644770905c603802fc9e06f0962,archive/nrbt/2026/09/09/0bca3100bd6ac8a784b2d8f7fbace9588aaee644770905c603802fc9e06f0962.json.gz,,false,
b98b4f42-ec49-4ee2-8832-4e683a87e7bb,backfill-nrbt-historical-20260909T230949Z-7acea919,,,2026-09-09T11:30:00+00:00,2023-08-18T00:00:00+00:00,,,published_tariff,collector,https://www.reservebank.to/data/docs/fmarkets/exrates/average_daily_exchange_rates.xlsx,benchmarks.nrbt.historical_backfill,0.1.0,0.4,AUS,AUD,TON,TOP,1.0,,nrbt,National Reserve Bank of Tonga,National Reserve Bank of Tonga,other,,,,,1.5288182235132242,,,,1.5288182235132242,,,,,,,observed,"Backfilled 2023-08-18 from NRBT's historical rates file (Round 4 backfill, reports/04-historical.md Task B). BUY 0.6673 / MID 0.6541 / SELL 0.6409 AUD per 1 TOP; provider_fx_rate and amount_received are the MID rate inverted to TOP per 1 AUD (1.528818), per METHODOLOGY.md section 2.4. collected_at reflects when this project actually fetched the underlying file (2026-09-09, once); provider_quote_timestamp carries the historical date this specific rate applied to -- these are deliberately not collapsed into each other.",0bca3100bd6ac8a784b2d8f7fbace9588aaee644770905c603802fc9e06f0962,archive/nrbt/2026/09/09/0bca3100bd6ac8a784b2d8f7fbace9588aaee644770905c603802fc9e06f0962.json.gz,,false,
7f50fd2e-377c-4b0a-972a-38b023dea21b,backfill-nrbt-historical-20260909T230949Z-7acea919,,,2026-09-09T11:30:00+00:00,2023-08-21T00:00:00+00:00,,,published_tariff,collector,https://www.reservebank.to/data/docs/fmarkets/exrates/average_daily_exchange_rates.xlsx,benchmarks.nrbt.historical_backfill,0.1.0,0.4,NZL,NZD,TON,TOP,1.0,,nrbt,National Reserve Bank of Tonga,National Reserve Bank of Tonga,other,,,,,1.4170327334561428,,,,1.4170327334561428,,,,,,,observed,"Backfilled 2023-08-21 from NRBT's historical rates file (Round 4 backfill, reports/04-historical.md Task B). BUY 0.7221 / MID 0.7057 / SELL 0.6893 NZD per 1 TOP; provider_fx_rate and amount_received are the MID rate inverted to TOP per 1 NZD (1.417033), per METHODOLOGY.md section 2.4. collected_at reflects when this project actually fetched the underlying file (2026-09-09, once); provider_quote_timestamp carries the historical date this specific rate applied to -- these are deliberately not collapsed into each other.",0bca3100bd6ac8a784b2d8f7fbace9588aaee644770905c603802fc9e06f0962,archive/nrbt/2026/09/09/0bca3100bd6ac8a784b2d8f7fbace9588aaee644770905c603802fc9e06f0962.json.gz,,false,
dfc60c0d-4de6-4d49-9b1e-a07338c60551,backfill-nrbt-historical-20260909T230949Z-7acea919,,,2026-09-09T11:30:00+00:00,2023-08-21T00:00:00+00:00,,,published_tariff,collector,https://www.reservebank.to/data/docs/fmarkets/exrates/average_daily_exchange_rates.xlsx,benchmarks.nrbt.historical_backfill,0.1.0,0.4,AUS,AUD,TON,TOP,1.0,,nrbt,National Reserve Bank of Tonga,National Reserve Bank of Tonga,other,,,,,1.528350909368791,,,,1.528350909368791,,,,,,,observed,"Backfilled 2023-08-21 from NRBT's historical rates file (Round 4 backfill, reports/04-historical.md Task B). BUY 0.6675 / MID 0.6543 / SELL 0.6412 AUD per 1 TOP; provider_fx_rate and amount_received are the MID rate inverted to TOP per 1 AUD (1.528351), per METHODOLOGY.md section 2.4. collected_at reflects when this project actually fetched the underlying file (2026-09-09, once); provider_quote_timestamp carries the historical date this specific rate applied to -- these are deliberately not collapsed into each other.",0bca3100bd6ac8a784b2d8f7fbace9588aaee644770905c603802fc9e06f0962,archive/nrbt/2026/09/09/0bca3100bd6ac8a784b2d8f7fbace9588aaee644770905c603802fc9e06f0962.json.gz,,false,
668cba1e-2de2-4e4f-8552-347f60eb7226,backfill-nrbt-historical-20260909T230949Z-7acea919,,,2026-09-09T11:30:00+00:00,2023-08-22T00:00:00+00:00,,,published_tariff,collector,https://www.reservebank.to/data/docs/fmarkets/exrates/average_daily_exchange_rates.xlsx,benchmarks.nrbt.historical_backfill,0.1.0,0.4,NZL,NZD,TON,TOP,1.0,,nrbt,National Reserve Bank of Tonga,National Reserve Bank of Tonga,other,,,,,1.41622999575131,,,,1.41622999575131,,,,,,,observed,"Backfilled 2023-08-22 from NRBT's historical rates file (Round 4 backfill, reports/04-historical.md Task B). BUY 0.7225 / MID 0.7061 / SELL 0.6897 NZD per 1 TOP; provider_fx_rate and amount_received are the MID rate inverted to TOP per 1 NZD (1.416230), per METHODOLOGY.md section 2.4. collected_at reflects when this project actually fetched the underlying file (2026-09-09, once); provider_quote_timestamp carries the historical date this specific rate applied to -- these are deliberately not collapsed into each other.",0bca3100bd6ac8a784b2d8f7fbace9588aaee644770905c603802fc9e06f0962,archive/nrbt/2026/09/09/0bca3100bd6ac8a784b2d8f7fbace9588aaee644770905c603802fc9e06f0962.json.gz,,false,
6498a23d-dd8b-4f0d-bda2-b668a89143a9,backfill-nrbt-historical-20260909T230949Z-7acea919,,,2026-09-09T11:30:00+00:00,2023-08-22T00:00:00+00:00,,,published_tariff,collector,https://www.reservebank.to/data/docs/fmarkets/exrates/average_daily_exchange_rates.xlsx,benchmarks.nrbt.historical_backfill,0.1.0,0.4,AUS,AUD,TON,TOP,1.0,,nrbt,National Reserve Bank of Tonga,National Reserve Bank of Tonga,other,,,,,1.5295197308045272,,,,1.5295197308045272,,,,,,,observed,"Backfilled 2023-08-22 from NRBT's historical rates file (Round 4 backfill, reports/04-historical.md Task B). BUY 0.667 / MID 0.6538 / SELL 0.6406 AUD per 1 TOP; provider_fx_rate and amount_received are the MID rate inverted to TOP per 1 AUD (1.529520), per METHODOLOGY.md section 2.4. collected_at reflects when this project actually fetched the underlying file (2026-09-09, once); provider_quote_timestamp carries the historical date this specific rate applied to -- these are deliberately not collapsed into each other.",0bca3100bd6ac8a784b2d8f7fbace9588aaee644770905c603802fc9e06f0962,archive/nrbt/2026/09/09/0bca3100bd6ac8a784b2d8f7fbace9588aaee644770905c603802fc9e06f0962.json.gz,,false,
db28366a-baf3-4c50-9cc0-2dc52c18b1aa,backfill-nrbt-historical-20260909T230949Z-7acea919,,,2026-09-09T11:30:00+00:00,2023-08-23T00:00:00+00:00,,,published_tariff,collector,https://www.reservebank.to/data/docs/fmarkets/exrates/average_daily_exchange_rates.xlsx,benchmarks.nrbt.historical_backfill,0.1.0,0.4,NZL,NZD,TON,TOP,1.0,,nrbt,National Reserve Bank of Tonga,National Reserve Bank of Tonga,other,,,,,1.4150275930380642,,,,1.4150275930380642,,,,,,,observed,"Backfilled 2023-08-23 from NRBT's historical rates file (Round 4 backfill, reports/04-historical.md Task B). BUY 0.7229 / MID 0.7067 / SELL 0.6905 NZD per 1 TOP; provider_fx_rate and amount_received are the MID rate inverted to TOP per 1 NZD (1.415028), per METHODOLOGY.md section 2.4. collected_at reflects when this project actually fetched the underlying file (2026-09-09, once); provider_quote_timestamp carries the historical date this specific rate applied to -- these are deliberately not collapsed into each other.",0bca3100bd6ac8a784b2d8f7fbace9588aaee644770905c603802fc9e06f0962,archive/nrbt/2026/09/09/0bca3100bd6ac8a784b2d8f7fbace9588aaee644770905c603802fc9e06f0962.json.gz,,false,
3df7f518-ea5c-4eef-b154-669248b082e1,backfill-nrbt-historical-20260909T230949Z-7acea919,,,2026-09-09T11:30:00+00:00,2023-08-23T00:00:00+00:00,,,published_tariff,collector,https://www.reservebank.to/data/docs/fmarkets/exrates/average_daily_exchange_rates.xlsx,benchmarks.nrbt.historical_backfill,0.1.0,0.4,AUS,AUD,TON,TOP,1.0,,nrbt,National Reserve Bank of Tonga,National Reserve Bank of Tonga,other,,,,,1.527650473571647,,,,1.527650473571647,,,,,,,observed,"Backfilled 2023-08-23 from NRBT's historical rates file (Round 4 backfill, reports/04-historical.md Task B). BUY 0.6678 / MID 0.6546 / SELL 0.6414 AUD per 1 TOP; provider_fx_rate and amount_received are the MID rate inverted to TOP per 1 AUD (1.527650), per METHODOLOGY.md section 2.4. collected_at reflects when this project actually fetched the underlying file (2026-09-09, once); provider_quote_timestamp carries the historical date this specific rate applied to -- these are deliberately not collapsed into each other.",0bca3100bd6ac8a784b2d8f7fbace9588aaee644770905c603802fc9e06f0962,archive/nrbt/2026/09/09/0bca3100bd6ac8a784b2d8f7fbace9588aaee644770905c603802fc9e06f0962.json.gz,,false,
a1569978-4abd-414d-b841-02769cd27407,backfill-nrbt-historical-20260909T230949Z-7acea919,,,2026-09-09T11:30:00+00:00,2023-08-24T00:00:00+00:00,,,published_tariff,collector,https://www.reservebank.to/data/docs/fmarkets/exrates/average_daily_exchange_rates.xlsx,benchmarks.nrbt.historical_backfill,0.1.0,0.4,NZL,NZD,TON,TOP,1.0,,nrbt,National Reserve Bank of Tonga,National Reserve Bank of Tonga,other,,,,,1.4170327334561428,,,,1.4170327334561428,,,,,,,observed,"Backfilled 2023-08-24 from NRBT's historical rates file (Round 4 backfill, reports/04-historical.md Task B). BUY 0.722 / MID 0.7057 / SELL 0.6895 NZD per 1 TOP; provider_fx_rate and amount_received are the MID rate inverted to TOP per 1 NZD (1.417033), per METHODOLOGY.md section 2.4. collected_at reflects when this project actually fetched the underlying file (2026-09-09, once); provider_quote_timestamp carries the historical date this specific rate applied to -- these are deliberately not collapsed into each other.",0bca3100bd6ac8a784b2d8f7fbace9588aaee644770905c603802fc9e06f0962,archive/nrbt/2026/09/09/0bca3100bd6ac8a784b2d8f7fbace9588aaee644770905c603802fc9e06f0962.json.gz,,false,
70501eb0-9e14-45dd-9c65-464480facc26,backfill-nrbt-historical-20260909T230949Z-7acea919,,,2026-09-09T11:30:00+00:00,2023-08-24T00:00:00+00:00,,,published_tariff,collector,https://www.reservebank.to/data/docs/fmarkets/exrates/average_daily_exchange_rates.xlsx,benchmarks.nrbt.historical_backfill,0.1.0,0.4,AUS,AUD,TON,TOP,1.0,,nrbt,National Reserve Bank of Tonga,National Reserve Bank of Tonga,other,,,,,1.5349194167306217,,,,1.5349194167306217,,,,,,,observed,"Backfilled 2023-08-24 from NRBT's historical rates file (Round 4 backfill, reports/04-historical.md Task B). BUY 0.6647 / MID 0.6515 / SELL 0.6384 AUD per 1 TOP; provider_fx_rate and amount_received are the MID rate inverted to TOP per 1 AUD (1.534919), per METHODOLOGY.md section 2.4. collected_at reflects when this project actually fetched the underlying file (2026-09-09, once); provider_quote_timestamp carries the historical date this specific rate applied to -- these are deliberately not collapsed into each other.",0bca3100bd6ac8a784b2d8f7fbace9588aaee644770905c603802fc9e06f0962,archive/nrbt/2026/09/09/0bca3100bd6ac8a784b2d8f7fbace9588aaee644770905c603802fc9e06f0962.json.gz,,false,
efc3ad6c-7f33-4625-b2e3-35883806fcf8,backfill-nrbt-historical-20260909T230949Z-7acea919,,,2026-09-09T11:30:00+00:00,2023-08-25T00:00:00+00:00,,,published_tariff,collector,https://www.reservebank.to/data/docs/fmarkets/exrates/average_daily_exchange_rates.xlsx,benchmarks.nrbt.historical_backfill,0.1.0,0.4,NZL,NZD,TON,TOP,1.0,,nrbt,National Reserve Bank of Tonga,National Reserve Bank of Tonga,other,,,,,1.4106361969248131,,,,1.4106361969248131,,,,,,,observed,"Backfilled 2023-08-25 from NRBT's historical rates file (Round 4 backfill, reports/04-historical.md Task B). BUY 0.7251 / MID 0.7089 / SELL 0.6926 NZD per 1 TOP; provider_fx_rate and amount_received are the MID rate inverted to TOP per 1 NZD (1.410636), per METHODOLOGY.md section 2.4. collected_at reflects when this project actually fetched the underlying file (2026-09-09, once); provider_quote_timestamp carries the historical date this specific rate applied to -- these are deliberately not collapsed into each other.",0bca3100bd6ac8a784b2d8f7fbace9588aaee644770905c603802fc9e06f0962,archive/nrbt/2026/09/09/0bca3100bd6ac8a784b2d8f7fbace9588aaee644770905c603802fc9e06f0962.json.gz,,false,
b2492f3e-5477-40e1-af10-ceffc2c7d01e,backfill-nrbt-historical-20260909T230949Z-7acea919,,,2026-09-09T11:30:00+00:00,2023-08-25T00:00:00+00:00,,,published_tariff,collector,https://www.reservebank.to/data/docs/fmarkets/exrates/average_daily_exchange_rates.xlsx,benchmarks.nrbt.historical_backfill,0.1.0,0.4,AUS,AUD,TON,TOP,1.0,,nrbt,National Reserve Bank of Tonga,National Reserve Bank of Tonga,other,,,,,1.5304560759106214,,,,1.5304560759106214,,,,,,,observed,"Backfilled 2023-08-25 from NRBT's historical rates file (Round 4 backfill, reports/04-historical.md Task B). BUY 0.6666 / MID 0.6534 / SELL 0.6402 AUD per 1 TOP; provider_fx_rate and amount_received are the MID rate inverted to TOP per 1 AUD (1.530456), per METHODOLOGY.md section 2.4. collected_at reflects when this project actually fetched the underlying file (2026-09-09, once); provider_quote_timestamp carries the historical date this specific rate applied to -- these are deliberately not collapsed into each other.",0bca3100bd6ac8a784b2d8f7fbace9588aaee644770905c603802fc9e06f0962,archive/nrbt/2026/09/09/0bca3100bd6ac8a784b2d8f7fbace9588aaee644770905c603802fc9e06f0962.json.gz,,false,
952d5b44-8481-4e09-8f76-c250d8574437,backfill-nrbt-historical-20260909T230949Z-7acea919,,,2026-09-09T11:30:00+00:00,2023-08-28T00:00:00+00:00,,,published_tariff,collector,https://www.reservebank.to/data/docs/fmarkets/exrates/average_daily_exchange_rates.xlsx,benchmarks.nrbt.historical_backfill,0.1.0,0.4,NZL,NZD,TON,TOP,1.0,,nrbt,National Reserve Bank of Tonga,National Reserve Bank of Tonga,other,,,,,1.4039028499227852,,,,1.4039028499227852,,,,,,,observed,"Backfilled 2023-08-28 from NRBT's historical rates file (Round 4 backfill, reports/04-historical.md Task B). BUY 0.7282 / MID 0.7123 / SELL 0.6963 NZD per 1 TOP; provider_fx_rate and amount_received are the MID rate inverted to TOP per 1 NZD (1.403903), per METHODOLOGY.md section 2.4. collected_at reflects when this project actually fetched the underlying file (2026-09-09, once); provider_quote_timestamp carries the historical date this specific rate applied to -- these are deliberately not collapsed into each other.",0bca3100bd6ac8a784b2d8f7fbace9588aaee644770905c603802fc9e06f0962,archive/nrbt/2026/09/09/0bca3100bd6ac8a784b2d8f7fbace9588aaee644770905c603802fc9e06f0962.json.gz,,false,
acc79889-ff1a-47e1-8b44-8ad00592d22e,backfill-nrbt-historical-20260909T230949Z-7acea919,,,2026-09-09T11:30:00+00:00,2023-08-28T00:00:00+00:00,,,published_tariff,collector,https://www.reservebank.to/data/docs/fmarkets/exrates/average_daily_exchange_rates.xlsx,benchmarks.nrbt.historical_backfill,0.1.0,0.4,AUS,AUD,TON,TOP,1.0,,nrbt,National Reserve Bank of Tonga,National Reserve Bank of Tonga,other,,,,,1.528350909368791,,,,1.528350909368791,,,,,,,observed,"Backfilled 2023-08-28 from NRBT's historical rates file (Round 4 backfill, reports/04-historical.md Task B). BUY 0.6675 / MID 0.6543 / SELL 0.6411 AUD per 1 TOP; provider_fx_rate and amount_received are the MID rate inverted to TOP per 1 AUD (1.528351), per METHODOLOGY.md section 2.4. collected_at reflects when this project actually fetched the underlying file (2026-09-09, once); provider_quote_timestamp carries the historical date this specific rate applied to -- these are deliberately not collapsed into each other.",0bca3100bd6ac8a784b2d8f7fbace9588aaee644770905c603802fc9e06f0962,archive/nrbt/2026/09/09/0bca3100bd6ac8a784b2d8f7fbace9588aaee644770905c603802fc9e06f0962.json.gz,,false,
85b71dc1-3efa-4485-900e-c502c7815ca5,backfill-nrbt-historical-20260909T230949Z-7acea919,,,2026-09-09T11:30:00+00:00,2023-08-29T00:00:00+00:00,,,published_tariff,collector,https://www.reservebank.to/data/docs/fmarkets/exrates/average_daily_exchange_rates.xlsx,benchmarks.nrbt.historical_backfill,0.1.0,0.4,NZL,NZD,TON,TOP,1.0,,nrbt,National Reserve Bank of Tonga,National Reserve Bank of Tonga,other,,,,,1.4040999719180005,,,,1.4040999719180005,,,,,,,observed,"Backfilled 2023-08-29 from NRBT's historical rates file (Round 4 backfill, reports/04-historical.md Task B). BUY 0.7281 / MID 0.7122 / SELL 0.6962 NZD per 1 TOP; provider_fx_rate and amount_received are the MID rate inverted to TOP per 1 NZD (1.404100), per METHODOLOGY.md section 2.4. collected_at reflects when this project actually fetched the underlying file (2026-09-09, once); provider_quote_timestamp carries the historical date this specific rate applied to -- these are deliberately not collapsed into each other.",0bca3100bd6ac8a784b2d8f7fbace9588aaee644770905c603802fc9e06f0962,archive/nrbt/2026/09/09/0bca3100bd6ac8a784b2d8f7fbace9588aaee644770905c603802fc9e06f0962.json.gz,,false,
423296f1-8df9-4574-88b7-fa07975ec05b,backfill-nrbt-historical-20260909T230949Z-7acea919,,,2026-09-09T11:30:00+00:00,2023-08-29T00:00:00+00:00,,,published_tariff,collector,https://www.reservebank.to/data/docs/fmarkets/exrates/average_daily_exchange_rates.xlsx,benchmarks.nrbt.historical_backfill,0.1.0,0.4,AUS,AUD,TON,TOP,1.0,,nrbt,National Reserve Bank of Tonga,National Reserve Bank of Tonga,other,,,,,1.5309246785058175,,,,1.5309246785058175,,,,,,,observed,"Backfilled 2023-08-29 from NRBT's historical rates file (Round 4 backfill, reports/04-historical.md Task B). BUY 0.6664 / MID 0.6532 / SELL 0.64 AUD per 1 TOP; provider_fx_rate and amount_received are the MID rate inverted to TOP per 1 AUD (1.530925), per METHODOLOGY.md section 2.4. collected_at reflects when this project actually fetched the underlying file (2026-09-09, once); provider_quote_timestamp carries the historical date this specific rate applied to -- these are deliberately not collapsed into each other.",0bca3100bd6ac8a784b2d8f7fbace9588aaee644770905c603802fc9e06f0962,archive/nrbt/2026/09/09/0bca3100bd6ac8a784b2d8f7fbace9588aaee644770905c603802fc9e06f0962.json.gz,,false,
1631f74d-c801-48bb-bfcf-0b44b0c0af28,backfill-nrbt-historical-20260909T230949Z-7acea919,,,2026-09-09T11:30:00+00:00,2023-08-30T00:00:00+00:00,,,published_tariff,collector,https://www.reservebank.to/data/docs/fmarkets/exrates/average_daily_exchange_rates.xlsx,benchmarks.nrbt.historical_backfill,0.1.0,0.4,NZL,NZD,TON,TOP,1.0,,nrbt,National Reserve Bank of Tonga,National Reserve Bank of Tonga,other,,,,,1.4084507042253522,,,,1.4084507042253522,,,,,,,observed,"Backfilled 2023-08-30 from NRBT's historical rates file (Round 4 backfill, reports/04-historical.md Task B). BUY 0.7259 / MID 0.71 / SELL 0.6941 NZD per 1 TOP; provider_fx_rate and amount_received are the MID rate inverted to TOP per 1 NZD (1.408451), per METHODOLOGY.md section 2.4. collected_at reflects when this project actually fetched the underlying file (2026-09-09, once); provider_quote_timestamp carries the historical date this specific rate applied to -- these are deliberately not collapsed into each other.",0bca3100bd6ac8a784b2d8f7fbace9588aaee644770905c603802fc9e06f0962,archive/nrbt/2026/09/09/0bca3100bd6ac8a784b2d8f7fbace9588aaee644770905c603802fc9e06f0962.json.gz,,false,
fab1ade4-3714-42c2-afef-1f0de0e34822,backfill-nrbt-historical-20260909T230949Z-7acea919,,,2026-09-09T11:30:00+00:00,2023-08-30T00:00:00+00:00,,,published_tariff,collector,https://www.reservebank.to/data/docs/fmarkets/exrates/average_daily_exchange_rates.xlsx,benchmarks.nrbt.historical_backfill,0.1.0,0.4,AUS,AUD,TON,TOP,1.0,,nrbt,National Reserve Bank of Tonga,National Reserve Bank of Tonga,other,,,,,1.538935056940597,,,,1.538935056940597,,,,,,,observed,"Backfilled 2023-08-30 from NRBT's historical rates file (Round 4 backfill, reports/04-historical.md Task B). BUY 0.663 / MID 0.6498 / SELL 0.6367 AUD per 1 TOP; provider_fx_rate and amount_received are the MID rate inverted to TOP per 1 AUD (1.538935), per METHODOLOGY.md section 2.4. collected_at reflects when this project actually fetched the underlying file (2026-09-09, once); provider_quote_timestamp carries the historical date this specific rate applied to -- these are deliberately not collapsed into each other.",0bca3100bd6ac8a784b2d8f7fbace9588aaee644770905c603802fc9e06f0962,archive/nrbt/2026/09/09/0bca3100bd6ac8a784b2d8f7fbace9588aaee644770905c603802fc9e06f0962.json.gz,,false,
988393ae-34cc-42da-b095-a0c45b85b75e,backfill-nrbt-historical-20260909T230949Z-7acea919,,,2026-09-09T11:30:00+00:00,2023-08-31T00:00:00+00:00,,,published_tariff,collector,https://www.reservebank.to/data/docs/fmarkets/exrates/average_daily_exchange_rates.xlsx,benchmarks.nrbt.historical_backfill,0.1.0,0.4,NZL,NZD,TON,TOP,1.0,,nrbt,National Reserve Bank of Tonga,National Reserve Bank of Tonga,other,,,,,1.4088475626937165,,,,1.4088475626937165,,,,,,,observed,"Backfilled 2023-08-31 from NRBT's historical rates file (Round 4 backfill, reports/04-historical.md Task B). BUY 0.7258 / MID 0.7098 / SELL 0.6939 NZD per 1 TOP; provider_fx_rate and amount_received are the MID rate inverted to TOP per 1 NZD (1.408848), per METHODOLOGY.md section 2.4. collected_at reflects when this project actually fetched the underlying file (2026-09-09, once); provider_quote_timestamp carries the historical date this specific rate applied to -- these are deliberately not collapsed into each other.",0bca3100bd6ac8a784b2d8f7fbace9588aaee644770905c603802fc9e06f0962,archive/nrbt/2026/09/09/0bca3100bd6ac8a784b2d8f7fbace9588aaee644770905c603802fc9e06f0962.json.gz,,false,
3f30110a-9a5d-402e-9b88-80922085f9e7,backfill-nrbt-historical-20260909T230949Z-7acea919,,,2026-09-09T11:30:00+00:00,2023-08-31T00:00:00+00:00,,,published_tariff,collector,https://www.reservebank.to/data/docs/fmarkets/exrates/average_daily_exchange_rates.xlsx,benchmarks.nrbt.historical_backfill,0.1.0,0.4,AUS,AUD,TON,TOP,1.0,,nrbt,National Reserve Bank of Tonga,National Reserve Bank of Tonga,other,,,,,1.538935056940597,,,,1.538935056940597,,,,,,,observed,"Backfilled 2023-08-31 from NRBT's historical rates file (Round 4 backfill, reports/04-historical.md Task B). BUY 0.6629 / MID 0.6498 / SELL 0.6366 AUD per 1 TOP; provider_fx_rate and amount_received are the MID rate inverted to TOP per 1 AUD (1.538935), per METHODOLOGY.md section 2.4. collected_at reflects when this project actually fetched the underlying file (2026-09-09, once); provider_quote_timestamp carries the historical date this specific rate applied to -- these are deliberately not collapsed into each other.",0bca3100bd6ac8a784b2d8f7fbace9588aaee644770905c603802fc9e06f0962,archive/nrbt/2026/09/09/0bca3100bd6ac8a784b2d8f7fbace9588aaee644770905c603802fc9e06f0962.json.gz,,false,
99d5a162-aacb-42ae-a849-0cddc6234473,manual-audit-2023-audit2-20260910T002305Z-356d2a48,,,2023-08-01T00:00:00+00:00,,,,manual_audit,devpolicy_manual_audit,https://sendmoneypacific.org/,manual_audit.2023_import,0.1.0,0.4,AUS,AUD,TON,TOP,200.0,,ria-money-transfer,Ria,Ria Money Transfer,global_mto,,Ria,Account,Mobile,311.43,2.89,AUD,,1.58,,,,Less than one hour,,,observed,"Manual audit observation, wave 'audit2' (Round 4 ingestion, reports/04-historical.md Task A). Observed via the Send Money Pacific comparison site. amount_sent is a fixed 200 units of the origin currency, confirmed by arithmetic against amount_received/fee/rate across the wave, not assumed from a single row.",e13690f5b7e6794b2adc8a2994f5c0f5f67ef497e871bae2a208b31cad8bcc8b,archive/manual-audit-2023/2026/09/10/e13690f5b7e6794b2adc8a2994f5c0f5f67ef497e871bae2a208b31cad8bcc8b.json.gz,Original audit's own reported Cost_PP: 2.07 (methodology/benchmark undocumented in source -- not this project's NRBT benchmark). original audit benchmark (200 AUD->TOP): 316.82 (undocumented methodology).,,
aa5923d6-5ff0-4f56-8df6-ba42b048efdf,manual-audit-2023-audit2-20260910T002305Z-356d2a48,,,2023-08-01T00:00:00+00:00,,,,manual_audit,devpolicy_manual_audit,https://sendmoneypacific.org/,manual_audit.2023_import,0.1.0,0.4,AUS,AUD,TON,TOP,200.0,,moneygram,Moneygram (Online),MoneyGram,global_mto,,Moneygram (Online),Account,Mobile,308.98,0.0,AUD,,1.54,,,,Next day,,,observed,"Manual audit observation, wave 'audit2' (Round 4 ingestion, reports/04-historical.md Task A). Observed via the Send Money Pacific comparison site. amount_sent is a fixed 200 units of the origin currency, confirmed by arithmetic against amount_received/fee/rate across the wave, not assumed from a single row.",e13690f5b7e6794b2adc8a2994f5c0f5f67ef497e871bae2a208b31cad8bcc8b,archive/manual-audit-2023/2026/09/10/e13690f5b7e6794b2adc8a2994f5c0f5f67ef497e871bae2a208b31cad8bcc8b.json.gz,Original audit's own reported Cost_PP: 2.84 (methodology/benchmark undocumented in source -- not this project's NRBT benchmark). original audit benchmark (200 AUD->TOP): 316.82 (undocumented methodology).,,
ccff9c34-1d22-48be-964f-288379c79efb,manual-audit-2023-audit2-20260910T002305Z-356d2a48,,,2023-08-01T00:00:00+00:00,,,,manual_audit,devpolicy_manual_audit,https://sendmoneypacific.org/,manual_audit.2023_import,0.1.0,0.4,AUS,AUD,TON,TOP,200.0,,ave-paanga-pau,Ave Paanga Pau,'Ave Pa'anga Pau,corridor_specialist,,Ave Paanga Pau,Prepaid,Account,307.26,0.0,AUD,,1.54,,,,Less than one hour,,,observed,"Manual audit observation, wave 'audit2' (Round 4 ingestion, reports/04-historical.md Task A). Observed via the Send Money Pacific comparison site. amount_sent is a fixed 200 units of the origin currency, confirmed by arithmetic against amount_received/fee/rate across the wave, not assumed from a single row.",e13690f5b7e6794b2adc8a2994f5c0f5f67ef497e871bae2a208b31cad8bcc8b,archive/manual-audit-2023/2026/09/10/e13690f5b7e6794b2adc8a2994f5c0f5f67ef497e871bae2a208b31cad8bcc8b.json.gz,Original audit's own reported Cost_PP: 3.38 (methodology/benchmark undocumented in source -- not this project's NRBT benchmark). original audit benchmark (200 AUD->TOP): 316.82 (undocumented methodology).,,
f4921784-0310-453c-9000-a070c3d1c013,manual-audit-2023-audit2-20260910T002305Z-356d2a48,,,2023-08-01T00:00:00+00:00,,,,manual_audit,devpolicy_manual_audit,https://sendmoneypacific.org/,manual_audit.2023_import,0.1.0,0.4,AUS,AUD,TON,TOP,200.0,,anz-australia,ANZ,ANZ (Australia),bank,,ANZ,Online,Account,306.86,0.0,AUD,,1.53,,,,2 days,,,observed,"Manual audit observation, wave 'audit2' (Round 4 ingestion, reports/04-historical.md Task A). Observed via the Send Money Pacific comparison site. amount_sent is a fixed 200 units of the origin currency, confirmed by arithmetic against amount_received/fee/rate across the wave, not assumed from a single row.",e13690f5b7e6794b2adc8a2994f5c0f5f67ef497e871bae2a208b31cad8bcc8b,archive/manual-audit-2023/2026/09/10/e13690f5b7e6794b2adc8a2994f5c0f5f67ef497e871bae2a208b31cad8bcc8b.json.gz,Original audit's own reported Cost_PP: 3.5 (methodology/benchmark undocumented in source -- not this project's NRBT benchmark). original audit benchmark (200 AUD->TOP): 316.82 (undocumented methodology).,,
ade75cf5-16b8-4a07-8749-efa8466f1fe5,manual-audit-2023-audit2-20260910T002305Z-356d2a48,,,2023-08-01T00:00:00+00:00,,,,manual_audit,devpolicy_manual_audit,https://sendmoneypacific.org/,manual_audit.2023_import,0.1.0,0.4,AUS,AUD,TON,TOP,200.0,,klickex,KlickEX,KlickEx,corridor_specialist,,KlickEX,Account,Mobile,298.78,5.0,AUD,,1.53,,,,Instant,,,observed,"Manual audit observation, wave 'audit2' (Round 4 ingestion, reports/04-historical.md Task A). Observed via the Send Money Pacific comparison site. amount_sent is a fixed 200 units of the origin currency, confirmed by arithmetic against amount_received/fee/rate across the wave, not assumed from a single row.",e13690f5b7e6794b2adc8a2994f5c0f5f67ef497e871bae2a208b31cad8bcc8b,archive/manual-audit-2023/2026/09/10/e13690f5b7e6794b2adc8a2994f5c0f5f67ef497e871bae2a208b31cad8bcc8b.json.gz,Original audit's own reported Cost_PP: 6.14 (methodology/benchmark undocumented in source -- not this project's NRBT benchmark). original audit benchmark (200 AUD->TOP): 316.82 (undocumented methodology).,,
bdf57fdb-d477-482a-8fc8-700186365b56,manual-audit-2023-audit2-20260910T002305Z-356d2a48,,,2023-08-01T00:00:00+00:00,,,,manual_audit,devpolicy_manual_audit,https://sendmoneypacific.org/,manual_audit.2023_import,0.1.0,0.4,AUS,AUD,TON,TOP,200.0,,moneygram,Moneygram (Cash),MoneyGram,global_mto,,Moneygram (Cash),Account,Cash,300.4,2.99,AUD,,1.52,,,,Less than one hour,,,observed,"Manual audit observation, wave 'audit2' (Round 4 ingestion, reports/04-historical.md Task A). Observed via the Send Money Pacific comparison site. amount_sent is a fixed 200 units of the origin currency, confirmed by arithmetic against amount_received/fee/rate across the wave, not assumed from a single row.",e13690f5b7e6794b2adc8a2994f5c0f5f67ef497e871bae2a208b31cad8bcc8b,archive/manual-audit-2023/2026/09/10/e13690f5b7e6794b2adc8a2994f5c0f5f67ef497e871bae2a208b31cad8bcc8b.json.gz,Original audit's own reported Cost_PP: 5.6 (methodology/benchmark undocumented in source -- not this project's NRBT benchmark). original audit benchmark (200 AUD->TOP): 316.82 (undocumented methodology).,,
3d51e1cb-c30f-4dbf-be82-8ad4ce1394e6,manual-audit-2023-audit2-20260910T002305Z-356d2a48,,,2023-08-01T00:00:00+00:00,,,,manual_audit,devpolicy_manual_audit,https://sendmoneypacific.org/,manual_audit.2023_import,0.1.0,0.4,AUS,AUD,TON,TOP,200.0,,western-union,Western Union (Online),Western Union,global_mto,,Western Union (Online),Cash,Cash,293.77,5.0,AUD,,1.51,,,,Instant,,,observed,"Manual audit observation, wave 'audit2' (Round 4 ingestion, reports/04-historical.md Task A). Observed via the Send Money Pacific comparison site. amount_sent is a fixed 200 units of the origin currency, confirmed by arithmetic against amount_received/fee/rate across the wave, not assumed from a single row.",e13690f5b7e6794b2adc8a2994f5c0f5f67ef497e871bae2a208b31cad8bcc8b,archive/manual-audit-2023/2026/09/10/e13690f5b7e6794b2adc8a2994f5c0f5f67ef497e871bae2a208b31cad8bcc8b.json.gz,Original audit's own reported Cost_PP: 7.75 (methodology/benchmark undocumented in source -- not this project's NRBT benchmark). original audit benchmark (200 AUD->TOP): 316.82 (undocumented methodology).,,
0b62e4bc-6ad8-4c48-b31e-271d9bf465af,manual-audit-2023-audit2-20260910T002305Z-356d2a48,,,2023-08-01T00:00:00+00:00,,,,manual_audit,devpolicy_manual_audit,https://sendmoneypacific.org/,manual_audit.2023_import,0.1.0,0.4,AUS,AUD,TON,TOP,200.0,,western-union,Western Union (Cash),Western Union,global_mto,,Western Union (Cash),Online,Mobile,290.68,0.0,AUD,,1.45,,,,Instant,,,observed,"Manual audit observation, wave 'audit2' (Round 4 ingestion, reports/04-historical.md Task A). Observed via the Send Money Pacific comparison site. amount_sent is a fixed 200 units of the origin currency, confirmed by arithmetic against amount_received/fee/rate across the wave, not assumed from a single row.",e13690f5b7e6794b2adc8a2994f5c0f5f67ef497e871bae2a208b31cad8bcc8b,archive/manual-audit-2023/2026/09/10/e13690f5b7e6794b2adc8a2994f5c0f5f67ef497e871bae2a208b31cad8bcc8b.json.gz,Original audit's own reported Cost_PP: 8.59 (methodology/benchmark undocumented in source -- not this project's NRBT benchmark). original audit benchmark (200 AUD->TOP): 316.82 (undocumented methodology).,,
671f2c3a-af69-4bca-82a0-52e14033fb06,manual-audit-2023-audit2-20260910T002305Z-356d2a48,,,2023-08-01T00:00:00+00:00,,,,manual_audit,devpolicy_manual_audit,https://sendmoneypacific.org/,manual_audit.2023_import,0.1.0,0.4,AUS,AUD,TON,TOP,200.0,,nab,NAB,National Australia Bank,bank,,NAB,Online,Account,246.67,30.0,AUD,,1.45,,,,3 days,,,observed,"Manual audit observation, wave 'audit2' (Round 4 ingestion, reports/04-historical.md Task A). Observed via the Send Money Pacific comparison site. amount_sent is a fixed 200 units of the origin currency, confirmed by arithmetic against amount_received/fee/rate across the wave, not assumed from a single row.",e13690f5b7e6794b2adc8a2994f5c0f5f67ef497e871bae2a208b31cad8bcc8b,archive/manual-audit-2023/2026/09/10/e13690f5b7e6794b2adc8a2994f5c0f5f67ef497e871bae2a208b31cad8bcc8b.json.gz,Original audit's own reported Cost_PP: 23.74 (methodology/benchmark undocumented in source -- not this project's NRBT benchmark). original audit benchmark (200 AUD->TOP): 316.82 (undocumented methodology).,,
c03e4d16-5461-4550-9a7c-17f8f3b6a2aa,manual-audit-2023-audit2-20260910T002305Z-356d2a48,,,2023-08-01T00:00:00+00:00,,,,manual_audit,devpolicy_manual_audit,https://saverpacific.com/,manual_audit.2023_import,0.1.0,0.4,AUS,AUD,TON,TOP,200.0,,ria-money-transfer,Ria,Ria Money Transfer,global_mto,,Ria,Account,Mobile,313.4,2.89,AUD,,1.59,,,,Less than one hour,,,observed,"Manual audit observation, wave 'audit2' (Round 4 ingestion, reports/04-historical.md Task A). Observed via the Saver Pacific comparison site. amount_sent is a fixed 200 units of the origin currency, confirmed by arithmetic against amount_received/fee/rate across the wave, not assumed from a single row.",e13690f5b7e6794b2adc8a2994f5c0f5f67ef497e871bae2a208b31cad8bcc8b,archive/manual-audit-2023/2026/09/10/e13690f5b7e6794b2adc8a2994f5c0f5f67ef497e871bae2a208b31cad8bcc8b.json.gz,Original audit's own reported Cost_PP: 1.08 (methodology/benchmark undocumented in source -- not this project's NRBT benchmark). original audit benchmark (200 AUD->TOP): 316.82 (undocumented methodology).,,
c992f40c-a5e2-4a01-9a5b-4691b3d7b46d,manual-audit-2023-audit2-20260910T002305Z-356d2a48,,,2023-08-01T00:00:00+00:00,,,,manual_audit,devpolicy_manual_audit,https://saverpacific.com/,manual_audit.2023_import,0.1.0,0.4,AUS,AUD,TON,TOP,200.0,,ave-paanga-pau,Ave Paanga Pau,'Ave Pa'anga Pau,corridor_specialist,,Ave Paanga Pau,Prepaid,Account,308.6,0.0,AUD,,1.54,,,,Next day,,,observed,"Manual audit observation, wave 'audit2' (Round 4 ingestion, reports/04-historical.md Task A). Observed via the Saver Pacific comparison site. amount_sent is a fixed 200 units of the origin currency, confirmed by arithmetic against amount_received/fee/rate across the wave, not assumed from a single row.",e13690f5b7e6794b2adc8a2994f5c0f5f67ef497e871bae2a208b31cad8bcc8b,archive/manual-audit-2023/2026/09/10/e13690f5b7e6794b2adc8a2994f5c0f5f67ef497e871bae2a208b31cad8bcc8b.json.gz,Original audit's own reported Cost_PP: 2.59 (methodology/benchmark undocumented in source -- not this project's NRBT benchmark). original audit benchmark (200 AUD->TOP): 316.82 (undocumented methodology).,,
aa5e35c3-6991-4d5f-b1ea-afcb15b7549f,manual-audit-2023-audit2-20260910T002305Z-356d2a48,,,2023-08-01T00:00:00+00:00,,,,manual_audit,devpolicy_manual_audit,https://saverpacific.com/,manual_audit.2023_import,0.1.0,0.4,AUS,AUD,TON,TOP,200.0,,moneygram,Moneygram (Online),MoneyGram,global_mto,,Moneygram (Online),Account,Mobile,309.1,0.0,AUD,,1.55,,,,Same day,,,observed,"Manual audit observation, wave 'audit2' (Round 4 ingestion, reports/04-historical.md Task A). Observed via the Saver Pacific comparison site. amount_sent is a fixed 200 units of the origin currency, confirmed by arithmetic against amount_received/fee/rate across the wave, not assumed from a single row.",e13690f5b7e6794b2adc8a2994f5c0f5f67ef497e871bae2a208b31cad8bcc8b,archive/manual-audit-2023/2026/09/10/e13690f5b7e6794b2adc8a2994f5c0f5f67ef497e871bae2a208b31cad8bcc8b.json.gz,Original audit's own reported Cost_PP: 2.44 (methodology/benchmark undocumented in source -- not this project's NRBT benchmark). original audit benchmark (200 AUD->TOP): 316.82 (undocumented methodology).,,
3646b03b-616f-4368-908a-829d11722a9e,manual-audit-2023-audit2-20260910T002305Z-356d2a48,,,2023-08-01T00:00:00+00:00,,,,manual_audit,devpolicy_manual_audit,https://saverpacific.com/,manual_audit.2023_import,0.1.0,0.4,AUS,AUD,TON,TOP,200.0,,anz-australia,ANZ,ANZ (Australia),bank,,ANZ,Online,Account,304.4,0.0,AUD,,1.52,,,,2 days,,,observed,"Manual audit observation, wave 'audit2' (Round 4 ingestion, reports/04-historical.md Task A). Observed via the Saver Pacific comparison site. amount_sent is a fixed 200 units of the origin currency, confirmed by arithmetic against amount_received/fee/rate across the wave, not assumed from a single row.",e13690f5b7e6794b2adc8a2994f5c0f5f67ef497e871bae2a208b31cad8bcc8b,archive/manual-audit-2023/2026/09/10/e13690f5b7e6794b2adc8a2994f5c0f5f67ef497e871bae2a208b31cad8bcc8b.json.gz,Original audit's own reported Cost_PP: 2.14 (methodology/benchmark undocumented in source -- not this project's NRBT benchmark). original audit benchmark (200 AUD->TOP): 311.06 (undocumented methodology).,,
25bbeb6c-a1ad-48b4-b5d1-6fb33468e694,manual-audit-2023-audit2-20260910T002305Z-356d2a48,,,2023-08-01T00:00:00+00:00,,,,manual_audit,devpolicy_manual_audit,https://saverpacific.com/,manual_audit.2023_import,0.1.0,0.4,AUS,AUD,TON,TOP,200.0,,wantok-money,Wantok,WanTok Money,corridor_specialist,,Wantok,Account,Mobile,299.13,5.0,AUD,,1.53,,,,Less than one hour,,,observed,"Manual audit observation, wave 'audit2' (Round 4 ingestion, reports/04-historical.md Task A). Observed via the Saver Pacific comparison site. amount_sent is a fixed 200 units of the origin currency, confirmed by arithmetic against amount_received/fee/rate across the wave, not assumed from a single row.",e13690f5b7e6794b2adc8a2994f5c0f5f67ef497e871bae2a208b31cad8bcc8b,archive/manual-audit-2023/2026/09/10/e13690f5b7e6794b2adc8a2994f5c0f5f67ef497e871bae2a208b31cad8bcc8b.json.gz,Original audit's own reported Cost_PP: 5.58 (methodology/benchmark undocumented in source -- not this project's NRBT benchmark). original audit benchmark (200 AUD->TOP): 316.82 (undocumented methodology).,,
dcdb9d27-f771-4147-9c03-ce7a8b900fb2,manual-audit-2023-audit2-20260910T002305Z-356d2a48,,,2023-08-01T00:00:00+00:00,,,,manual_audit,devpolicy_manual_audit,https://saverpacific.com/,manual_audit.2023_import,0.1.0,0.4,AUS,AUD,TON,TOP,200.0,,moneygram,Moneygram (Cash),MoneyGram,global_mto,,Moneygram (Cash),Account,Cash,300.66,2.99,AUD,,1.53,,,,Less than one hour,,,observed,"Manual audit observation, wave 'audit2' (Round 4 ingestion, reports/04-historical.md Task A). Observed via the Saver Pacific comparison site. amount_sent is a fixed 200 units of the origin currency, confirmed by arithmetic against amount_received/fee/rate across the wave, not assumed from a single row.",e13690f5b7e6794b2adc8a2994f5c0f5f67ef497e871bae2a208b31cad8bcc8b,archive/manual-audit-2023/2026/09/10/e13690f5b7e6794b2adc8a2994f5c0f5f67ef497e871bae2a208b31cad8bcc8b.json.gz,Original audit's own reported Cost_PP: 5.1 (methodology/benchmark undocumented in source -- not this project's NRBT benchmark). original audit benchmark (200 AUD->TOP): 316.82 (undocumented methodology).,,
99774673-7c3e-48a1-a075-15ade869c54f,manual-audit-2023-audit2-20260910T002305Z-356d2a48,,,2023-08-01T00:00:00+00:00,,,,manual_audit,devpolicy_manual_audit,https://saverpacific.com/,manual_audit.2023_import,0.1.0,0.4,AUS,AUD,TON,TOP,200.0,,western-union,Western Union (Online),Western Union,global_mto,,Western Union (Online),Cash,Cash,294.92,5.0,AUD,,1.51,,,,Instant,,,observed,"Manual audit observation, wave 'audit2' (Round 4 ingestion, reports/04-historical.md Task A). Observed via the Saver Pacific comparison site. amount_sent is a fixed 200 units of the origin currency, confirmed by arithmetic against amount_received/fee/rate across the wave, not assumed from a single row.",e13690f5b7e6794b2adc8a2994f5c0f5f67ef497e871bae2a208b31cad8bcc8b,archive/manual-audit-2023/2026/09/10/e13690f5b7e6794b2adc8a2994f5c0f5f67ef497e871bae2a208b31cad8bcc8b.json.gz,Original audit's own reported Cost_PP: 6.91 (methodology/benchmark undocumented in source -- not this project's NRBT benchmark). original audit benchmark (200 AUD->TOP): 316.82 (undocumented methodology).,,
20a8969f-e2e9-4b2d-b36b-4a9cefba6633,manual-audit-2023-audit2-20260910T002305Z-356d2a48,,,2023-08-01T00:00:00+00:00,,,,manual_audit,devpolicy_manual_audit,https://saverpacific.com/,manual_audit.2023_import,0.1.0,0.4,AUS,AUD,TON,TOP,200.0,,western-union,Western Union (Cash),Western Union,global_mto,,Western Union (Cash),Online,Mobile,294.6,0.0,AUD,,1.47,,,,Instant,,,observed,"Manual audit observation, wave 'audit2' (Round 4 ingestion, reports/04-historical.md Task A). Observed via the Saver Pacific comparison site. amount_sent is a fixed 200 units of the origin currency, confirmed by arithmetic against amount_received/fee/rate across the wave, not assumed from a single row.",e13690f5b7e6794b2adc8a2994f5c0f5f67ef497e871bae2a208b31cad8bcc8b,archive/manual-audit-2023/2026/09/10/e13690f5b7e6794b2adc8a2994f5c0f5f67ef497e871bae2a208b31cad8bcc8b.json.gz,Original audit's own reported Cost_PP: 7.01 (methodology/benchmark undocumented in source -- not this project's NRBT benchmark). original audit benchmark (200 AUD->TOP): 316.82 (undocumented methodology).,,
1b1c0d2b-3e40-4dd8-aadf-d31aa3b9c9e7,manual-audit-2023-audit2-20260910T002305Z-356d2a48,,,2023-08-01T00:00:00+00:00,,,,manual_audit,devpolicy_manual_audit,https://saverpacific.com/,manual_audit.2023_import,0.1.0,0.4,AUS,AUD,TON,TOP,200.0,,ofx,OFX,OFX,global_mto,,OFX,Account,Account,262.26,15.0,AUD,,1.42,,,,3 - 5 days,,,observed,"Manual audit observation, wave 'audit2' (Round 4 ingestion, reports/04-historical.md Task A). Observed via the Saver Pacific comparison site. amount_sent is a fixed 200 units of the origin currency, confirmed by arithmetic against amount_received/fee/rate across the wave, not assumed from a single row.",e13690f5b7e6794b2adc8a2994f5c0f5f67ef497e871bae2a208b31cad8bcc8b,archive/manual-audit-2023/2026/09/10/e13690f5b7e6794b2adc8a2994f5c0f5f67ef497e871bae2a208b31cad8bcc8b.json.gz,Original audit's own reported Cost_PP: 15.69 (methodology/benchmark undocumented in source -- not this project's NRBT benchmark). original audit benchmark (200 AUD->TOP): 311.06 (undocumented methodology).,,
7b1bada6-51f3-4969-8405-1216a92ceb7f,manual-audit-2023-audit2-20260910T002305Z-356d2a48,,,2023-08-01T00:00:00+00:00,,,,manual_audit,devpolicy_manual_audit,https://sendmoneypacific.org/,manual_audit.2023_import,0.1.0,0.4,NZL,NZD,TON,TOP,200.0,,ave-paanga-pau,Ave Paanga Pau,'Ave Pa'anga Pau,corridor_specialist,,Ave Paanga Pau,Prepaid,Account,280.78,0.0,NZD,,1.4,,,,Less than one hour,,,observed,"Manual audit observation, wave 'audit2' (Round 4 ingestion, reports/04-historical.md Task A). Observed via the Send Money Pacific comparison site. amount_sent is a fixed 200 units of the origin currency, confirmed by arithmetic against amount_received/fee/rate across the wave, not assumed from a single row.",e13690f5b7e6794b2adc8a2994f5c0f5f67ef497e871bae2a208b31cad8bcc8b,archive/manual-audit-2023/2026/09/10/e13690f5b7e6794b2adc8a2994f5c0f5f67ef497e871bae2a208b31cad8bcc8b.json.gz,Original audit's own reported Cost_PP: 3.87 (methodology/benchmark undocumented in source -- not this project's NRBT benchmark). original audit benchmark (200 NZD->TOP): 291.14 (undocumented methodology).,,
ed8e40c9-3bab-474d-bc38-c0e545410c5a,manual-audit-2023-audit2-20260910T002305Z-356d2a48,,,2023-08-01T00:00:00+00:00,,,,manual_audit,devpolicy_manual_audit,https://sendmoneypacific.org/,manual_audit.2023_import,0.1.0,0.4,NZL,NZD,TON,TOP,200.0,,anz-new-zealand,ANZ,ANZ (New Zealand),bank,,ANZ,Online,Account,277.64,0.0,NZD,,1.39,,,,2 days,,,observed,"Manual audit observation, wave 'audit2' (Round 4 ingestion, reports/04-historical.md Task A). Observed via the Send Money Pacific comparison site. amount_sent is a fixed 200 units of the origin currency, confirmed by arithmetic against amount_received/fee/rate across the wave, not assumed from a single row.",e13690f5b7e6794b2adc8a2994f5c0f5f67ef497e871bae2a208b31cad8bcc8b,archive/manual-audit-2023/2026/09/10/e13690f5b7e6794b2adc8a2994f5c0f5f67ef497e871bae2a208b31cad8bcc8b.json.gz,Original audit's own reported Cost_PP: 4.94 (methodology/benchmark undocumented in source -- not this project's NRBT benchmark). original audit benchmark (200 NZD->TOP): 291.14 (undocumented methodology).,,
855d46fd-7a60-42c5-a864-909c08b7aa70,manual-audit-2023-audit2-20260910T002305Z-356d2a48,,,2023-08-01T00:00:00+00:00,,,,manual_audit,devpolicy_manual_audit,https://sendmoneypacific.org/,manual_audit.2023_import,0.1.0,0.4,NZL,NZD,TON,TOP,200.0,,klickex,KlickEX,KlickEx,corridor_specialist,,KlickEX,Account,Mobile,274.54,5.0,NZD,,1.41,,,,Instant,,,observed,"Manual audit observation, wave 'audit2' (Round 4 ingestion, reports/04-historical.md Task A). Observed via the Send Money Pacific comparison site. amount_sent is a fixed 200 units of the origin currency, confirmed by arithmetic against amount_received/fee/rate across the wave, not assumed from a single row.",e13690f5b7e6794b2adc8a2994f5c0f5f67ef497e871bae2a208b31cad8bcc8b,archive/manual-audit-2023/2026/09/10/e13690f5b7e6794b2adc8a2994f5c0f5f67ef497e871bae2a208b31cad8bcc8b.json.gz,Original audit's own reported Cost_PP: 6.09 (methodology/benchmark undocumented in source -- not this project's NRBT benchmark). original audit benchmark (200 NZD->TOP): 291.14 (undocumented methodology).,,
3662f9ec-7ddb-4622-95a8-561d9c74a636,manual-audit-2023-audit2-20260910T002305Z-356d2a48,,,2023-08-01T00:00:00+00:00,,,,manual_audit,devpolicy_manual_audit,https://sendmoneypacific.org/,manual_audit.2023_import,0.1.0,0.4,NZL,NZD,TON,TOP,200.0,,wantok-money,Wantok,WanTok Money,corridor_specialist,,Wantok,Account,Mobile,274.54,5.0,NZD,,1.41,,,,Instant,,,observed,"Manual audit observation, wave 'audit2' (Round 4 ingestion, reports/04-historical.md Task A). Observed via the Send Money Pacific comparison site. amount_sent is a fixed 200 units of the origin currency, confirmed by arithmetic against amount_received/fee/rate across the wave, not assumed from a single row.",e13690f5b7e6794b2adc8a2994f5c0f5f67ef497e871bae2a208b31cad8bcc8b,archive/manual-audit-2023/2026/09/10/e13690f5b7e6794b2adc8a2994f5c0f5f67ef497e871bae2a208b31cad8bcc8b.json.gz,Original audit's own reported Cost_PP: 6.09 (methodology/benchmark undocumented in source -- not this project's NRBT benchmark). original audit benchmark (200 NZD->TOP): 291.14 (undocumented methodology).,,
308a16d4-8309-4aff-b465-7afe16f11f62,manual-audit-2023-audit2-20260910T002305Z-356d2a48,,,2023-08-01T00:00:00+00:00,,,,manual_audit,devpolicy_manual_audit,https://sendmoneypacific.org/,manual_audit.2023_import,0.1.0,0.4,NZL,NZD,TON,TOP,200.0,,moneygram,Moneygram (Cash),MoneyGram,global_mto,,Moneygram (Cash),Account,Cash,274.46,4.0,NZD,,1.4,,,,Less than one hour,,,observed,"Manual audit observation, wave 'audit2' (Round 4 ingestion, reports/04-historical.md Task A). Observed via the Send Money Pacific comparison site. amount_sent is a fixed 200 units of the origin currency, confirmed by arithmetic against amount_received/fee/rate across the wave, not assumed from a single row.",e13690f5b7e6794b2adc8a2994f5c0f5f67ef497e871bae2a208b31cad8bcc8b,archive/manual-audit-2023/2026/09/10/e13690f5b7e6794b2adc8a2994f5c0f5f67ef497e871bae2a208b31cad8bcc8b.json.gz,Original audit's own reported Cost_PP: 6.11 (methodology/benchmark undocumented in source -- not this project's NRBT benchmark). original audit benchmark (200 NZD->TOP): 291.14 (undocumented methodology).,,
48d8ede8-f28f-458c-972a-683a1355ce44,manual-audit-2023-audit2-20260910T002305Z-356d2a48,,,2023-08-01T00:00:00+00:00,,,,manual_audit,devpolicy_manual_audit,https://sendmoneypacific.org/,manual_audit.2023_import,0.1.0,0.4,NZL,NZD,TON,TOP,200.0,,moneygram,Moneygram (Online),MoneyGram,global_mto,,Moneygram (Online),Account,Mobile,263.37,4.0,NZD,,1.34,,,,Less than one hour,,,observed,"Manual audit observation, wave 'audit2' (Round 4 ingestion, reports/04-historical.md Task A). Observed via the Send Money Pacific comparison site. amount_sent is a fixed 200 units of the origin currency, confirmed by arithmetic against amount_received/fee/rate across the wave, not assumed from a single row.",e13690f5b7e6794b2adc8a2994f5c0f5f67ef497e871bae2a208b31cad8bcc8b,archive/manual-audit-2023/2026/09/10/e13690f5b7e6794b2adc8a2994f5c0f5f67ef497e871bae2a208b31cad8bcc8b.json.gz,Original audit's own reported Cost_PP: 9.99 (methodology/benchmark undocumented in source -- not this project's NRBT benchmark). original audit benchmark (200 NZD->TOP): 291.14 (undocumented methodology).,,
023064e1-18a8-4662-9d8a-82bcfbd7d4a6,manual-audit-2023-audit2-20260910T002305Z-356d2a48,,,2023-08-01T00:00:00+00:00,,,,manual_audit,devpolicy_manual_audit,https://sendmoneypacific.org/,manual_audit.2023_import,0.1.0,0.4,NZL,NZD,TON,TOP,200.0,,western-union,Western Union (Online),Western Union,global_mto,,Western Union (Online),Online,Mobile,269.34,0.0,NZD,,1.35,,,,Less than one hour,,,observed,"Manual audit observation, wave 'audit2' (Round 4 ingestion, reports/04-historical.md Task A). Observed via the Send Money Pacific comparison site. amount_sent is a fixed 200 units of the origin currency, confirmed by arithmetic against amount_received/fee/rate across the wave, not assumed from a single row.",e13690f5b7e6794b2adc8a2994f5c0f5f67ef497e871bae2a208b31cad8bcc8b,archive/manual-audit-2023/2026/09/10/e13690f5b7e6794b2adc8a2994f5c0f5f67ef497e871bae2a208b31cad8bcc8b.json.gz,Original audit's own reported Cost_PP: 7.78 (methodology/benchmark undocumented in source -- not this project's NRBT benchmark). original audit benchmark (200 NZD->TOP): 291.14 (undocumented methodology).,,
6446a466-5815-40da-aaf9-e1782119d120,manual-audit-2023-audit2-20260910T002305Z-356d2a48,,,2023-08-01T00:00:00+00:00,,,,manual_audit,devpolicy_manual_audit,https://sendmoneypacific.org/,manual_audit.2023_import,0.1.0,0.4,NZL,NZD,TON,TOP,200.0,,western-union,Western Union (Cash),Western Union,global_mto,,Western Union (Cash),Online,Cash,268.94,0.0,NZD,,1.34,,,,Same day,,,observed,"Manual audit observation, wave 'audit2' (Round 4 ingestion, reports/04-historical.md Task A). Observed via the Send Money Pacific comparison site. amount_sent is a fixed 200 units of the origin currency, confirmed by arithmetic against amount_received/fee/rate across the wave, not assumed from a single row.",e13690f5b7e6794b2adc8a2994f5c0f5f67ef497e871bae2a208b31cad8bcc8b,archive/manual-audit-2023/2026/09/10/e13690f5b7e6794b2adc8a2994f5c0f5f67ef497e871bae2a208b31cad8bcc8b.json.gz,Original audit's own reported Cost_PP: 7.92 (methodology/benchmark undocumented in source -- not this project's NRBT benchmark). original audit benchmark (200 NZD->TOP): 291.14 (undocumented methodology).,,
4efd4c9e-e8f9-4eaa-a5ca-7942fc0e42c6,manual-audit-2023-audit2-20260910T002305Z-356d2a48,,,2023-08-01T00:00:00+00:00,,,,manual_audit,devpolicy_manual_audit,https://sendmoneypacific.org/,manual_audit.2023_import,0.1.0,0.4,NZL,NZD,TON,TOP,200.0,,asb,ASB,ASB,bank,,ASB,Account,Account,232.17,30.0,NZD,,1.37,,,,2 days,,,observed,"Manual audit observation, wave 'audit2' (Round 4 ingestion, reports/04-historical.md Task A). Observed via the Send Money Pacific comparison site. amount_sent is a fixed 200 units of the origin currency, confirmed by arithmetic against amount_received/fee/rate across the wave, not assumed from a single row.",e13690f5b7e6794b2adc8a2994f5c0f5f67ef497e871bae2a208b31cad8bcc8b,archive/manual-audit-2023/2026/09/10/e13690f5b7e6794b2adc8a2994f5c0f5f67ef497e871bae2a208b31cad8bcc8b.json.gz,Original audit's own reported Cost_PP: 21.48 (methodology/benchmark undocumented in source -- not this project's NRBT benchmark). original audit benchmark (200 NZD->TOP): 291.14 (undocumented methodology).,,
5f185b87-6b07-4603-a775-a2344773b318,manual-audit-2023-audit2-20260910T002305Z-356d2a48,,,2023-08-01T00:00:00+00:00,,,,manual_audit,devpolicy_manual_audit,https://saverpacific.com/,manual_audit.2023_import,0.1.0,0.4,NZL,NZD,TON,TOP,200.0,,ave-paanga-pau,Ave Paanga Pau,'Ave Pa'anga Pau,corridor_specialist,,Ave Paanga Pau,Prepaid,Account,280.4,0.0,NZD,,1.4,,,,Less than one hour,,,observed,"Manual audit observation, wave 'audit2' (Round 4 ingestion, reports/04-historical.md Task A). Observed via the Saver Pacific comparison site. amount_sent is a fixed 200 units of the origin currency, confirmed by arithmetic against amount_received/fee/rate across the wave, not assumed from a single row.",e13690f5b7e6794b2adc8a2994f5c0f5f67ef497e871bae2a208b31cad8bcc8b,archive/manual-audit-2023/2026/09/10/e13690f5b7e6794b2adc8a2994f5c0f5f67ef497e871bae2a208b31cad8bcc8b.json.gz,Original audit's own reported Cost_PP: 3.69 (methodology/benchmark undocumented in source -- not this project's NRBT benchmark). original audit benchmark (200 NZD->TOP): 291.14 (undocumented methodology).,,
5334830e-2d2b-4b1f-8dd4-f428bb9a38ff,manual-audit-2023-audit2-20260910T002305Z-356d2a48,,,2023-08-01T00:00:00+00:00,,,,manual_audit,devpolicy_manual_audit,https://saverpacific.com/,manual_audit.2023_import,0.1.0,0.4,NZL,NZD,TON,TOP,200.0,,imex,iMEX,IMEX Money Transfer,corridor_specialist,,iMEX,Account,Account/Cash/Mobile,280.0,0.0,NZD,,1.4,,,,Less than one hour,,,observed,"Manual audit observation, wave 'audit2' (Round 4 ingestion, reports/04-historical.md Task A). Observed via the Saver Pacific comparison site. amount_sent is a fixed 200 units of the origin currency, confirmed by arithmetic against amount_received/fee/rate across the wave, not assumed from a single row.",e13690f5b7e6794b2adc8a2994f5c0f5f67ef497e871bae2a208b31cad8bcc8b,archive/manual-audit-2023/2026/09/10/e13690f5b7e6794b2adc8a2994f5c0f5f67ef497e871bae2a208b31cad8bcc8b.json.gz,Original audit's own reported Cost_PP: 3.83 (methodology/benchmark undocumented in source -- not this project's NRBT benchmark). original audit benchmark (200 NZD->TOP): 291.14 (undocumented methodology).,,
2c248a12-45b7-4047-a8e6-250917b3f731,manual-audit-2023-audit2-20260910T002305Z-356d2a48,,,2023-08-01T00:00:00+00:00,,,,manual_audit,devpolicy_manual_audit,https://saverpacific.com/,manual_audit.2023_import,0.1.0,0.4,NZL,NZD,TON,TOP,200.0,,wantok-money,Wantok,WanTok Money,corridor_specialist,,Wantok,Account,Mobile,273.12,5.0,NZD,,1.4,,,,Less than one hour,,,observed,"Manual audit observation, wave 'audit2' (Round 4 ingestion, reports/04-historical.md Task A). Observed via the Saver Pacific comparison site. amount_sent is a fixed 200 units of the origin currency, confirmed by arithmetic against amount_received/fee/rate across the wave, not assumed from a single row.",e13690f5b7e6794b2adc8a2994f5c0f5f67ef497e871bae2a208b31cad8bcc8b,archive/manual-audit-2023/2026/09/10/e13690f5b7e6794b2adc8a2994f5c0f5f67ef497e871bae2a208b31cad8bcc8b.json.gz,Original audit's own reported Cost_PP: 6.19 (methodology/benchmark undocumented in source -- not this project's NRBT benchmark). original audit benchmark (200 NZD->TOP): 291.14 (undocumented methodology).,,
586f5223-0403-4133-8be4-7ea7dff34008,manual-audit-2023-audit2-20260910T002305Z-356d2a48,,,2023-08-01T00:00:00+00:00,,,,manual_audit,devpolicy_manual_audit,https://saverpacific.com/,manual_audit.2023_import,0.1.0,0.4,NZL,NZD,TON,TOP,200.0,,moneygram,Moneygram (Cash),MoneyGram,global_mto,,Moneygram (Cash),Account,Cash,275.16,4.0,NZD,,1.4,,,,Less than one hour,,,observed,"Manual audit observation, wave 'audit2' (Round 4 ingestion, reports/04-historical.md Task A). Observed via the Saver Pacific comparison site. amount_sent is a fixed 200 units of the origin currency, confirmed by arithmetic against amount_received/fee/rate across the wave, not assumed from a single row.",e13690f5b7e6794b2adc8a2994f5c0f5f67ef497e871bae2a208b31cad8bcc8b,archive/manual-audit-2023/2026/09/10/e13690f5b7e6794b2adc8a2994f5c0f5f67ef497e871bae2a208b31cad8bcc8b.json.gz,Original audit's own reported Cost_PP: 5.49 (methodology/benchmark undocumented in source -- not this project's NRBT benchmark). original audit benchmark (200 NZD->TOP): 291.14 (undocumented methodology).,,
141fde70-9945-42ef-abd1-66c292e2e6b3,manual-audit-2023-audit2-20260910T002305Z-356d2a48,,,2023-08-01T00:00:00+00:00,,,,manual_audit,devpolicy_manual_audit,https://saverpacific.com/,manual_audit.2023_import,0.1.0,0.4,NZL,NZD,TON,TOP,200.0,,anz-new-zealand,ANZ,ANZ (New Zealand),bank,,ANZ,Account,Account,274.36,0.0,NZD,,1.37,,,,Next day,,,observed,"Manual audit observation, wave 'audit2' (Round 4 ingestion, reports/04-historical.md Task A). Observed via the Saver Pacific comparison site. amount_sent is a fixed 200 units of the origin currency, confirmed by arithmetic against amount_received/fee/rate across the wave, not assumed from a single row.",e13690f5b7e6794b2adc8a2994f5c0f5f67ef497e871bae2a208b31cad8bcc8b,archive/manual-audit-2023/2026/09/10/e13690f5b7e6794b2adc8a2994f5c0f5f67ef497e871bae2a208b31cad8bcc8b.json.gz,Original audit's own reported Cost_PP: 5.76 (methodology/benchmark undocumented in source -- not this project's NRBT benchmark). original audit benchmark (200 NZD->TOP): 291.14 (undocumented methodology).,,
d7121a15-0a37-4b2f-9a4c-25d432ce9567,manual-audit-2023-audit2-20260910T002305Z-356d2a48,,,2023-08-01T00:00:00+00:00,,,,manual_audit,devpolicy_manual_audit,https://saverpacific.com/,manual_audit.2023_import,0.1.0,0.4,NZL,NZD,TON,TOP,200.0,,moneygram,Moneygram (Online),MoneyGram,global_mto,,Moneygram (Online),Account,Mobile,264.03,4.0,NZD,,1.35,,,,Same day,,,observed,"Manual audit observation, wave 'audit2' (Round 4 ingestion, reports/04-historical.md Task A). Observed via the Saver Pacific comparison site. amount_sent is a fixed 200 units of the origin currency, confirmed by arithmetic against amount_received/fee/rate across the wave, not assumed from a single row.",e13690f5b7e6794b2adc8a2994f5c0f5f67ef497e871bae2a208b31cad8bcc8b,archive/manual-audit-2023/2026/09/10/e13690f5b7e6794b2adc8a2994f5c0f5f67ef497e871bae2a208b31cad8bcc8b.json.gz,Original audit's own reported Cost_PP: 9.31 (methodology/benchmark undocumented in source -- not this project's NRBT benchmark). original audit benchmark (200 NZD->TOP): 291.14 (undocumented methodology).,,
31354618-8419-4b5c-a28b-cce59beec065,manual-audit-2023-audit2-20260910T002305Z-356d2a48,,,2023-08-01T00:00:00+00:00,,,,manual_audit,devpolicy_manual_audit,https://saverpacific.com/,manual_audit.2023_import,0.1.0,0.4,NZL,NZD,TON,TOP,200.0,,western-union,Western Union (Online),Western Union,global_mto,,Western Union (Online),Account,Mobile,269.68,0.0,NZD,,1.35,,,,Less than one hour,,,observed,"Manual audit observation, wave 'audit2' (Round 4 ingestion, reports/04-historical.md Task A). Observed via the Saver Pacific comparison site. amount_sent is a fixed 200 units of the origin currency, confirmed by arithmetic against amount_received/fee/rate across the wave, not assumed from a single row.",e13690f5b7e6794b2adc8a2994f5c0f5f67ef497e871bae2a208b31cad8bcc8b,archive/manual-audit-2023/2026/09/10/e13690f5b7e6794b2adc8a2994f5c0f5f67ef497e871bae2a208b31cad8bcc8b.json.gz,Original audit's own reported Cost_PP: 7.37 (methodology/benchmark undocumented in source -- not this project's NRBT benchmark). original audit benchmark (200 NZD->TOP): 291.14 (undocumented methodology).,,
4ea79b72-6631-447b-bd85-98875c44beba,manual-audit-2023-audit2-20260910T002305Z-356d2a48,,,2023-08-01T00:00:00+00:00,,,,manual_audit,devpolicy_manual_audit,https://saverpacific.com/,manual_audit.2023_import,0.1.0,0.4,NZL,NZD,TON,TOP,200.0,,western-union,Western Union (Cash),Western Union,global_mto,,Western Union (Cash),Account,Cash,269.28,0.0,NZD,,1.35,,,,Less than one hour,,,observed,"Manual audit observation, wave 'audit2' (Round 4 ingestion, reports/04-historical.md Task A). Observed via the Saver Pacific comparison site. amount_sent is a fixed 200 units of the origin currency, confirmed by arithmetic against amount_received/fee/rate across the wave, not assumed from a single row.",e13690f5b7e6794b2adc8a2994f5c0f5f67ef497e871bae2a208b31cad8bcc8b,archive/manual-audit-2023/2026/09/10/e13690f5b7e6794b2adc8a2994f5c0f5f67ef497e871bae2a208b31cad8bcc8b.json.gz,Original audit's own reported Cost_PP: 7.51 (methodology/benchmark undocumented in source -- not this project's NRBT benchmark). original audit benchmark (200 NZD->TOP): 291.14 (undocumented methodology).,,
62ed3674-99f2-4ecb-b660-2d439439dc55,manual-audit-2023-audit2-20260910T002305Z-356d2a48,,,2023-08-01T00:00:00+00:00,,,,manual_audit,devpolicy_manual_audit,https://saverpacific.com/,manual_audit.2023_import,0.1.0,0.4,NZL,NZD,TON,TOP,200.0,,kiwibank,Kiwi Bank,Kiwibank,bank,,Kiwi Bank,Account,Account,245.99,20.0,NZD,,1.37,,,,3 - 5 days,,,observed,"Manual audit observation, wave 'audit2' (Round 4 ingestion, reports/04-historical.md Task A). Observed via the Saver Pacific comparison site. amount_sent is a fixed 200 units of the origin currency, confirmed by arithmetic against amount_received/fee/rate across the wave, not assumed from a single row.",e13690f5b7e6794b2adc8a2994f5c0f5f67ef497e871bae2a208b31cad8bcc8b,archive/manual-audit-2023/2026/09/10/e13690f5b7e6794b2adc8a2994f5c0f5f67ef497e871bae2a208b31cad8bcc8b.json.gz,Original audit's own reported Cost_PP: 15.51 (methodology/benchmark undocumented in source -- not this project's NRBT benchmark). original audit benchmark (200 NZD->TOP): 291.14 (undocumented methodology).,,
be5cc9f8-b865-41d3-a95d-fcb4c0dc9c0c,manual-audit-2023-audit2-20260910T002305Z-356d2a48,,,2023-08-02T00:00:00+00:00,,,,manual_audit,devpolicy_manual_audit,https://sendmoneypacific.org/,manual_audit.2023_import,0.1.0,0.4,AUS,AUD,TON,TOP,200.0,,ria-money-transfer,Ria,Ria Money Transfer,global_mto,,Ria,Account,Mobile,311.43,2.89,AUD,,1.58,,,,Less than one hour,,,observed,"Manual audit observation, wave 'audit2' (Round 4 ingestion, reports/04-historical.md Task A). Observed via the Send Money Pacific comparison site. amount_sent is a fixed 200 units of the origin currency, confirmed by arithmetic against amount_received/fee/rate across the wave, not assumed from a single row.",e13690f5b7e6794b2adc8a2994f5c0f5f67ef497e871bae2a208b31cad8bcc8b,archive/manual-audit-2023/2026/09/10/e13690f5b7e6794b2adc8a2994f5c0f5f67ef497e871bae2a208b31cad8bcc8b.json.gz,Original audit's own reported Cost_PP: 2.07 (methodology/benchmark undocumented in source -- not this project's NRBT benchmark). original audit benchmark (200 AUD->TOP): 316.82 (undocumented methodology).,,
925ff8c3-ee4f-4258-be7b-701526f8edec,manual-audit-2023-audit2-20260910T002305Z-356d2a48,,,2023-08-02T00:00:00+00:00,,,,manual_audit,devpolicy_manual_audit,https://sendmoneypacific.org/,manual_audit.2023_import,0.1.0,0.4,AUS,AUD,TON,TOP,200.0,,moneygram,Moneygram (Online),MoneyGram,global_mto,,Moneygram (Online),Account,Mobile,308.98,0.0,AUD,,1.54,,,,Next day,,,observed,"Manual audit observation, wave 'audit2' (Round 4 ingestion, reports/04-historical.md Task A). Observed via the Send Money Pacific comparison site. amount_sent is a fixed 200 units of the origin currency, confirmed by arithmetic against amount_received/fee/rate across the wave, not assumed from a single row.",e13690f5b7e6794b2adc8a2994f5c0f5f67ef497e871bae2a208b31cad8bcc8b,archive/manual-audit-2023/2026/09/10/e13690f5b7e6794b2adc8a2994f5c0f5f67ef497e871bae2a208b31cad8bcc8b.json.gz,Original audit's own reported Cost_PP: 2.84 (methodology/benchmark undocumented in source -- not this project's NRBT benchmark). original audit benchmark (200 AUD->TOP): 316.82 (undocumented methodology).,,
fae34272-db8d-4173-8cc2-bf7410f8473d,manual-audit-2023-audit2-20260910T002305Z-356d2a48,,,2023-08-02T00:00:00+00:00,,,,manual_audit,devpolicy_manual_audit,https://sendmoneypacific.org/,manual_audit.2023_import,0.1.0,0.4,AUS,AUD,TON,TOP,200.0,,ave-paanga-pau,Ave Paanga Pau,'Ave Pa'anga Pau,corridor_specialist,,Ave Paanga Pau,Prepaid,Account,307.26,0.0,AUD,,1.54,,,,Less than one hour,,,observed,"Manual audit observation, wave 'audit2' (Round 4 ingestion, reports/04-historical.md Task A). Observed via the Send Money Pacific comparison site. amount_sent is a fixed 200 units of the origin currency, confirmed by arithmetic against amount_received/fee/rate across the wave, not assumed from a single row.",e13690f5b7e6794b2adc8a2994f5c0f5f67ef497e871bae2a208b31cad8bcc8b,archive/manual-audit-2023/2026/09/10/e13690f5b7e6794b2adc8a2994f5c0f5f67ef497e871bae2a208b31cad8bcc8b.json.gz,Original audit's own reported Cost_PP: 3.38 (methodology/benchmark undocumented in source -- not this project's NRBT benchmark). original audit benchmark (200 AUD->TOP): 316.82 (undocumented methodology).,,
22ad8561-bcb2-4147-91dd-f6f72ce28bc7,manual-audit-2023-audit2-20260910T002305Z-356d2a48,,,2023-08-02T00:00:00+00:00,,,,manual_audit,devpolicy_manual_audit,https://sendmoneypacific.org/,manual_audit.2023_import,0.1.0,0.4,AUS,AUD,TON,TOP,200.0,,anz-australia,ANZ,ANZ (Australia),bank,,ANZ,Online,Account,306.86,0.0,AUD,,1.53,,,,2 days,,,observed,"Manual audit observation, wave 'audit2' (Round 4 ingestion, reports/04-historical.md Task A). Observed via the Send Money Pacific comparison site. amount_sent is a fixed 200 units of the origin currency, confirmed by arithmetic against amount_received/fee/rate across the wave, not assumed from a single row.",e13690f5b7e6794b2adc8a2994f5c0f5f67ef497e871bae2a208b31cad8bcc8b,archive/manual-audit-2023/2026/09/10/e13690f5b7e6794b2adc8a2994f5c0f5f67ef497e871bae2a208b31cad8bcc8b.json.gz,Original audit's own reported Cost_PP: 3.5 (methodology/benchmark undocumented in source -- not this project's NRBT benchmark). original audit benchmark (200 AUD->TOP): 316.82 (undocumented methodology).,,
92e7c0ec-7587-4a5f-b150-707a64917fa0,manual-audit-2023-audit2-20260910T002305Z-356d2a48,,,2023-08-02T00:00:00+00:00,,,,manual_audit,devpolicy_manual_audit,https://sendmoneypacific.org/,manual_audit.2023_import,0.1.0,0.4,AUS,AUD,TON,TOP,200.0,,klickex,KlickEX,KlickEx,corridor_specialist,,KlickEX,Account,Mobile,298.78,5.0,AUD,,1.53,,,,Instant,,,observed,"Manual audit observation, wave 'audit2' (Round 4 ingestion, reports/04-historical.md Task A). Observed via the Send Money Pacific comparison site. amount_sent is a fixed 200 units of the origin currency, confirmed by arithmetic against amount_received/fee/rate across the wave, not assumed from a single row.",e13690f5b7e6794b2adc8a2994f5c0f5f67ef497e871bae2a208b31cad8bcc8b,archive/manual-audit-2023/2026/09/10/e13690f5b7e6794b2adc8a2994f5c0f5f67ef497e871bae2a208b31cad8bcc8b.json.gz,Original audit's own reported Cost_PP: 6.14 (methodology/benchmark undocumented in source -- not this project's NRBT benchmark). original audit benchmark (200 AUD->TOP): 316.82 (undocumented methodology).,,
76129be3-b176-4d3d-9caf-9a13c748a81f,manual-audit-2023-audit2-20260910T002305Z-356d2a48,,,2023-08-02T00:00:00+00:00,,,,manual_audit,devpolicy_manual_audit,https://sendmoneypacific.org/,manual_audit.2023_import,0.1.0,0.4,AUS,AUD,TON,TOP,200.0,,moneygram,Moneygram (Cash),MoneyGram,global_mto,,Moneygram (Cash),Account,Cash,300.4,2.99,AUD,,1.52,,,,Less than one hour,,,observed,"Manual audit observation, wave 'audit2' (Round 4 ingestion, reports/04-historical.md Task A). Observed via the Send Money Pacific comparison site. amount_sent is a fixed 200 units of the origin currency, confirmed by arithmetic against amount_received/fee/rate across the wave, not assumed from a single row.",e13690f5b7e6794b2adc8a2994f5c0f5f67ef497e871bae2a208b31cad8bcc8b,archive/manual-audit-2023/2026/09/10/e13690f5b7e6794b2adc8a2994f5c0f5f67ef497e871bae2a208b31cad8bcc8b.json.gz,Original audit's own reported Cost_PP: 5.6 (methodology/benchmark undocumented in source -- not this project's NRBT benchmark). original audit benchmark (200 AUD->TOP): 316.82 (undocumented methodology).,,
a158ccb6-6c05-4575-a1d2-39d125265fa4,manual-audit-2023-audit2-20260910T002305Z-356d2a48,,,2023-08-02T00:00:00+00:00,,,,manual_audit,devpolicy_manual_audit,https://sendmoneypacific.org/,manual_audit.2023_import,0.1.0,0.4,AUS,AUD,TON,TOP,200.0,,western-union,Western Union (Online),Western Union,global_mto,,Western Union (Online),Cash,Cash,293.77,5.0,AUD,,1.51,,,,Instant,,,observed,"Manual audit observation, wave 'audit2' (Round 4 ingestion, reports/04-historical.md Task A). Observed via the Send Money Pacific comparison site. amount_sent is a fixed 200 units of the origin currency, confirmed by arithmetic against amount_received/fee/rate across the wave, not assumed from a single row.",e13690f5b7e6794b2adc8a2994f5c0f5f67ef497e871bae2a208b31cad8bcc8b,archive/manual-audit-2023/2026/09/10/e13690f5b7e6794b2adc8a2994f5c0f5f67ef497e871bae2a208b31cad8bcc8b.json.gz,Original audit's own reported Cost_PP: 7.75 (methodology/benchmark undocumented in source -- not this project's NRBT benchmark). original audit benchmark (200 AUD->TOP): 316.82 (undocumented methodology).,,
f5d4ded4-9a8b-4455-95c3-70ddbe92d55a,manual-audit-2023-audit2-20260910T002305Z-356d2a48,,,2023-08-02T00:00:00+00:00,,,,manual_audit,devpolicy_manual_audit,https://sendmoneypacific.org/,manual_audit.2023_import,0.1.0,0.4,AUS,AUD,TON,TOP,200.0,,western-union,Western Union (Cash),Western Union,global_mto,,Western Union (Cash),Online,Mobile,290.68,0.0,AUD,,1.45,,,,Instant,,,observed,"Manual audit observation, wave 'audit2' (Round 4 ingestion, reports/04-historical.md Task A). Observed via the Send Money Pacific comparison site. amount_sent is a fixed 200 units of the origin currency, confirmed by arithmetic against amount_received/fee/rate across the wave, not assumed from a single row.",e13690f5b7e6794b2adc8a2994f5c0f5f67ef497e871bae2a208b31cad8bcc8b,archive/manual-audit-2023/2026/09/10/e13690f5b7e6794b2adc8a2994f5c0f5f67ef497e871bae2a208b31cad8bcc8b.json.gz,Original audit's own reported Cost_PP: 8.59 (methodology/benchmark undocumented in source -- not this project's NRBT benchmark). original audit benchmark (200 AUD->TOP): 316.82 (undocumented methodology).,,
dcff98c6-752b-4d60-a4ec-027fd96df0dd,manual-audit-2023-audit2-20260910T002305Z-356d2a48,,,2023-08-02T00:00:00+00:00,,,,manual_audit,devpolicy_manual_audit,https://sendmoneypacific.org/,manual_audit.2023_import,0.1.0,0.4,AUS,AUD,TON,TOP,200.0,,nab,NAB,National Australia Bank,bank,,NAB,Online,Account,246.67,30.0,AUD,,1.45,,,,3 days,,,observed,"Manual audit observation, wave 'audit2' (Round 4 ingestion, reports/04-historical.md Task A). Observed via the Send Money Pacific comparison site. amount_sent is a fixed 200 units of the origin currency, confirmed by arithmetic against amount_received/fee/rate across the wave, not assumed from a single row.",e13690f5b7e6794b2adc8a2994f5c0f5f67ef497e871bae2a208b31cad8bcc8b,archive/manual-audit-2023/2026/09/10/e13690f5b7e6794b2adc8a2994f5c0f5f67ef497e871bae2a208b31cad8bcc8b.json.gz,Original audit's own reported Cost_PP: 23.74 (methodology/benchmark undocumented in source -- not this project's NRBT benchmark). original audit benchmark (200 AUD->TOP): 316.82 (undocumented methodology).,,
0ebd0d37-4f87-455f-b309-1bf0aa2899a7,manual-audit-2023-audit2-20260910T002305Z-356d2a48,,,2023-08-02T00:00:00+00:00,,,,manual_audit,devpolicy_manual_audit,https://saverpacific.com/,manual_audit.2023_import,0.1.0,0.4,AUS,AUD,TON,TOP,200.0,,ria-money-transfer,Ria,Ria Money Transfer,global_mto,,Ria,Account,Mobile,313.4,2.89,AUD,,1.59,,,,Less than one hour,,,observed,"Manual audit observation, wave 'audit2' (Round 4 ingestion, reports/04-historical.md Task A). Observed via the Saver Pacific comparison site. amount_sent is a fixed 200 units of the origin currency, confirmed by arithmetic against amount_received/fee/rate across the wave, not assumed from a single row.",e13690f5b7e6794b2adc8a2994f5c0f5f67ef497e871bae2a208b31cad8bcc8b,archive/manual-audit-2023/2026/09/10/e13690f5b7e6794b2adc8a2994f5c0f5f67ef497e871bae2a208b31cad8bcc8b.json.gz,Original audit's own reported Cost_PP: 1.08 (methodology/benchmark undocumented in source -- not this project's NRBT benchmark). original audit benchmark (200 AUD->TOP): 316.82 (undocumented methodology).,,
e8f7d0d5-0f29-438b-8129-a7caf257e356,manual-audit-2023-audit2-20260910T002305Z-356d2a48,,,2023-08-02T00:00:00+00:00,,,,manual_audit,devpolicy_manual_audit,https://saverpacific.com/,manual_audit.2023_import,0.1.0,0.4,AUS,AUD,TON,TOP,200.0,,ave-paanga-pau,Ave Paanga Pau,'Ave Pa'anga Pau,corridor_specialist,,Ave Paanga Pau,Prepaid,Account,308.6,0.0,AUD,,1.54,,,,Next day,,,observed,"Manual audit observation, wave 'audit2' (Round 4 ingestion, reports/04-historical.md Task A). Observed via the Saver Pacific comparison site. amount_sent is a fixed 200 units of the origin currency, confirmed by arithmetic against amount_received/fee/rate across the wave, not assumed from a single row.",e13690f5b7e6794b2adc8a2994f5c0f5f67ef497e871bae2a208b31cad8bcc8b,archive/manual-audit-2023/2026/09/10/e13690f5b7e6794b2adc8a2994f5c0f5f67ef497e871bae2a208b31cad8bcc8b.json.gz,Original audit's own reported Cost_PP: 2.59 (methodology/benchmark undocumented in source -- not this project's NRBT benchmark). original audit benchmark (200 AUD->TOP): 316.82 (undocumented methodology).,,
577c48a5-c518-4ab1-90b2-387d4f7f77d1,manual-audit-2023-audit2-20260910T002305Z-356d2a48,,,2023-08-02T00:00:00+00:00,,,,manual_audit,devpolicy_manual_audit,https://saverpacific.com/,manual_audit.2023_import,0.1.0,0.4,AUS,AUD,TON,TOP,200.0,,moneygram,Moneygram (Online),MoneyGram,global_mto,,Moneygram (Online),Account,Mobile,309.1,0.0,AUD,,1.55,,,,Same day,,,observed,"Manual audit observation, wave 'audit2' (Round 4 ingestion, reports/04-historical.md Task A). Observed via the Saver Pacific comparison site. amount_sent is a fixed 200 units of the origin currency, confirmed by arithmetic against amount_received/fee/rate across the wave, not assumed from a single row.",e13690f5b7e6794b2adc8a2994f5c0f5f67ef497e871bae2a208b31cad8bcc8b,archive/manual-audit-2023/2026/09/10/e13690f5b7e6794b2adc8a2994f5c0f5f67ef497e871bae2a208b31cad8bcc8b.json.gz,Original audit's own reported Cost_PP: 2.44 (methodology/benchmark undocumented in source -- not this project's NRBT benchmark). original audit benchmark (200 AUD->TOP): 316.82 (undocumented methodology).,,
44183586-30a2-44ff-81cb-9f7e8c6ca9a3,manual-audit-2023-audit2-20260910T002305Z-356d2a48,,,2023-08-02T00:00:00+00:00,,,,manual_audit,devpolicy_manual_audit,https://saverpacific.com/,manual_audit.2023_import,0.1.0,0.4,AUS,AUD,TON,TOP,200.0,,anz-australia,ANZ,ANZ (Australia),bank,,ANZ,Online,Account,299.6,0.0,AUD,,1.5,,,,2 days,,,observed,"Manual audit observation, wave 'audit2' (Round 4 ingestion, reports/04-historical.md Task A). Observed via the Saver Pacific comparison site. amount_sent is a fixed 200 units of the origin currency, confirmed by arithmetic against amount_received/fee/rate across the wave, not assumed from a single row.",e13690f5b7e6794b2adc8a2994f5c0f5f67ef497e871bae2a208b31cad8bcc8b,archive/manual-audit-2023/2026/09/10/e13690f5b7e6794b2adc8a2994f5c0f5f67ef497e871bae2a208b31cad8bcc8b.json.gz,Original audit's own reported Cost_PP: 2.87 (methodology/benchmark undocumented in source -- not this project's NRBT benchmark). original audit benchmark (200 AUD->TOP): 308.46 (undocumented methodology).,,
ec3fde4d-906c-4844-9d95-055f14158729,manual-audit-2023-audit2-20260910T002305Z-356d2a48,,,2023-08-02T00:00:00+00:00,,,,manual_audit,devpolicy_manual_audit,https://saverpacific.com/,manual_audit.2023_import,0.1.0,0.4,AUS,AUD,TON,TOP,200.0,,wantok-money,Wantok,WanTok Money,corridor_specialist,,Wantok,Account,Mobile,299.13,5.0,AUD,,1.53,,,,Less than one hour,,,observed,"Manual audit observation, wave 'audit2' (Round 4 ingestion, reports/04-historical.md Task A). Observed via the Saver Pacific comparison site. amount_sent is a fixed 200 units of the origin currency, confirmed by arithmetic against amount_received/fee/rate across the wave, not assumed from a single row.",e13690f5b7e6794b2adc8a2994f5c0f5f67ef497e871bae2a208b31cad8bcc8b,archive/manual-audit-2023/2026/09/10/e13690f5b7e6794b2adc8a2994f5c0f5f67ef497e871bae2a208b31cad8bcc8b.json.gz,Original audit's own reported Cost_PP: 5.58 (methodology/benchmark undocumented in source -- not this project's NRBT benchmark). original audit benchmark (200 AUD->TOP): 316.82 (undocumented methodology).,,
853d7699-52bd-46f7-9214-3694cda7e3ad,manual-audit-2023-audit2-20260910T002305Z-356d2a48,,,2023-08-02T00:00:00+00:00,,,,manual_audit,devpolicy_manual_audit,https://saverpacific.com/,manual_audit.2023_import,0.1.0,0.4,AUS,AUD,TON,TOP,200.0,,moneygram,Moneygram (Cash),MoneyGram,global_mto,,Moneygram (Cash),Account,Cash,300.66,2.99,AUD,,1.53,,,,Less than one hour,,,observed,"Manual audit observation, wave 'audit2' (Round 4 ingestion, reports/04-historical.md Task A). Observed via the Saver Pacific comparison site. amount_sent is a fixed 200 units of the origin currency, confirmed by arithmetic against amount_received/fee/rate across the wave, not assumed from a single row.",e13690f5b7e6794b2adc8a2994f5c0f5f67ef497e871bae2a208b31cad8bcc8b,archive/manual-audit-2023/2026/09/10/e13690f5b7e6794b2adc8a2994f5c0f5f67ef497e871bae2a208b31cad8bcc8b.json.gz,Original audit's own reported Cost_PP: 5.1 (methodology/benchmark undocumented in source -- not this project's NRBT benchmark). original audit benchmark (200 AUD->TOP): 316.82 (undocumented methodology).,,
2864ab51-c353-45b2-aa15-09c9fcbbc096,manual-audit-2023-audit2-20260910T002305Z-356d2a48,,,2023-08-02T00:00:00+00:00,,,,manual_audit,devpolicy_manual_audit,https://saverpacific.com/,manual_audit.2023_import,0.1.0,0.4,AUS,AUD,TON,TOP,200.0,,western-union,Western Union (Online),Western Union,global_mto,,Western Union (Online),Cash,Cash,294.92,5.0,AUD,,1.51,,,,Instant,,,observed,"Manual audit observation, wave 'audit2' (Round 4 ingestion, reports/04-historical.md Task A). Observed via the Saver Pacific comparison site. amount_sent is a fixed 200 units of the origin currency, confirmed by arithmetic against amount_received/fee/rate across the wave, not assumed from a single row.",e13690f5b7e6794b2adc8a2994f5c0f5f67ef497e871bae2a208b31cad8bcc8b,archive/manual-audit-2023/2026/09/10/e13690f5b7e6794b2adc8a2994f5c0f5f67ef497e871bae2a208b31cad8bcc8b.json.gz,Original audit's own reported Cost_PP: 6.91 (methodology/benchmark undocumented in source -- not this project's NRBT benchmark). original audit benchmark (200 AUD->TOP): 316.82 (undocumented methodology).,,
1938a21a-9125-430d-993d-7399e3c606e2,manual-audit-2023-audit2-20260910T002305Z-356d2a48,,,2023-08-02T00:00:00+00:00,,,,manual_audit,devpolicy_manual_audit,https://saverpacific.com/,manual_audit.2023_import,0.1.0,0.4,AUS,AUD,TON,TOP,200.0,,western-union,Western Union (Cash),Western Union,global_mto,,Western Union (Cash),Online,Mobile,294.6,0.0,AUD,,1.47,,,,Instant,,,observed,"Manual audit observation, wave 'audit2' (Round 4 ingestion, reports/04-historical.md Task A). Observed via the Saver Pacific comparison site. amount_sent is a fixed 200 units of the origin currency, confirmed by arithmetic against amount_received/fee/rate across the wave, not assumed from a single row.",e13690f5b7e6794b2adc8a2994f5c0f5f67ef497e871bae2a208b31cad8bcc8b,archive/manual-audit-2023/2026/09/10/e13690f5b7e6794b2adc8a2994f5c0f5f67ef497e871bae2a208b31cad8bcc8b.json.gz,Original audit's own reported Cost_PP: 7.01 (methodology/benchmark undocumented in source -- not this project's NRBT benchmark). original audit benchmark (200 AUD->TOP): 316.82 (undocumented methodology).,,
04ea5f72-cfcc-493d-aad7-06b5280320ca,manual-audit-2023-audit2-20260910T002305Z-356d2a48,,,2023-08-02T00:00:00+00:00,,,,manual_audit,devpolicy_manual_audit,https://saverpacific.com/,manual_audit.2023_import,0.1.0,0.4,AUS,AUD,TON,TOP,200.0,,ofx,OFX,OFX,global_mto,,OFX,Account,Account,262.33,15.0,AUD,,1.42,,,,3 - 5 days,,,observed,"Manual audit observation, wave 'audit2' (Round 4 ingestion, reports/04-historical.md Task A). Observed via the Saver Pacific comparison site. amount_sent is a fixed 200 units of the origin currency, confirmed by arithmetic against amount_received/fee/rate across the wave, not assumed from a single row.",e13690f5b7e6794b2adc8a2994f5c0f5f67ef497e871bae2a208b31cad8bcc8b,archive/manual-audit-2023/2026/09/10/e13690f5b7e6794b2adc8a2994f5c0f5f67ef497e871bae2a208b31cad8bcc8b.json.gz,Original audit's own reported Cost_PP: 14.95 (methodology/benchmark undocumented in source -- not this project's NRBT benchmark). original audit benchmark (200 AUD->TOP): 308.46 (undocumented methodology).,,
651e5520-4ae1-4718-b069-064d9de2e833,manual-audit-2023-audit2-20260910T002305Z-356d2a48,,,2023-08-02T00:00:00+00:00,,,,manual_audit,devpolicy_manual_audit,https://sendmoneypacific.org/,manual_audit.2023_import,0.1.0,0.4,NZL,NZD,TON,TOP,200.0,,ave-paanga-pau,Ave Paanga Pau,'Ave Pa'anga Pau,corridor_specialist,,Ave Paanga Pau,Prepaid,Account,280.78,0.0,NZD,,1.4,,,,Less than one hour,,,observed,"Manual audit observation, wave 'audit2' (Round 4 ingestion, reports/04-historical.md Task A). Observed via the Send Money Pacific comparison site. amount_sent is a fixed 200 units of the origin currency, confirmed by arithmetic against amount_received/fee/rate across the wave, not assumed from a single row.",e13690f5b7e6794b2adc8a2994f5c0f5f67ef497e871bae2a208b31cad8bcc8b,archive/manual-audit-2023/2026/09/10/e13690f5b7e6794b2adc8a2994f5c0f5f67ef497e871bae2a208b31cad8bcc8b.json.gz,Original audit's own reported Cost_PP: 3.87 (methodology/benchmark undocumented in source -- not this project's NRBT benchmark). original audit benchmark (200 NZD->TOP): 291.14 (undocumented methodology).,,
58d3de64-e431-4e34-8627-d5c0c743d43f,manual-audit-2023-audit2-20260910T002305Z-356d2a48,,,2023-08-02T00:00:00+00:00,,,,manual_audit,devpolicy_manual_audit,https://sendmoneypacific.org/,manual_audit.2023_import,0.1.0,0.4,NZL,NZD,TON,TOP,200.0,,anz-new-zealand,ANZ,ANZ (New Zealand),bank,,ANZ,Online,Account,277.64,0.0,NZD,,1.39,,,,2 days,,,observed,"Manual audit observation, wave 'audit2' (Round 4 ingestion, reports/04-historical.md Task A). Observed via the Send Money Pacific comparison site. amount_sent is a fixed 200 units of the origin currency, confirmed by arithmetic against amount_received/fee/rate across the wave, not assumed from a single row.",e13690f5b7e6794b2adc8a2994f5c0f5f67ef497e871bae2a208b31cad8bcc8b,archive/manual-audit-2023/2026/09/10/e13690f5b7e6794b2adc8a2994f5c0f5f67ef497e871bae2a208b31cad8bcc8b.json.gz,Original audit's own reported Cost_PP: 4.94 (methodology/benchmark undocumented in source -- not this project's NRBT benchmark). original audit benchmark (200 NZD->TOP): 291.14 (undocumented methodology).,,
ab3c27e7-220d-4d2e-af3a-8e11e9a6fcf3,manual-audit-2023-audit2-20260910T002305Z-356d2a48,,,2023-08-02T00:00:00+00:00,,,,manual_audit,devpolicy_manual_audit,https://sendmoneypacific.org/,manual_audit.2023_import,0.1.0,0.4,NZL,NZD,TON,TOP,200.0,,klickex,KlickEX,KlickEx,corridor_specialist,,KlickEX,Account,Mobile,274.54,5.0,NZD,,1.41,,,,Instant,,,observed,"Manual audit observation, wave 'audit2' (Round 4 ingestion, reports/04-historical.md Task A). Observed via the Send Money Pacific comparison site. amount_sent is a fixed 200 units of the origin currency, confirmed by arithmetic against amount_received/fee/rate across the wave, not assumed from a single row.",e13690f5b7e6794b2adc8a2994f5c0f5f67ef497e871bae2a208b31cad8bcc8b,archive/manual-audit-2023/2026/09/10/e13690f5b7e6794b2adc8a2994f5c0f5f67ef497e871bae2a208b31cad8bcc8b.json.gz,Original audit's own reported Cost_PP: 6.09 (methodology/benchmark undocumented in source -- not this project's NRBT benchmark). original audit benchmark (200 NZD->TOP): 291.14 (undocumented methodology).,,
78601ba9-42a2-404c-9d8d-66e297636b21,manual-audit-2023-audit2-20260910T002305Z-356d2a48,,,2023-08-02T00:00:00+00:00,,,,manual_audit,devpolicy_manual_audit,https://sendmoneypacific.org/,manual_audit.2023_import,0.1.0,0.4,NZL,NZD,TON,TOP,200.0,,wantok-money,Wantok,WanTok Money,corridor_specialist,,Wantok,Account,Mobile,274.54,5.0,NZD,,1.41,,,,Instant,,,observed,"Manual audit observation, wave 'audit2' (Round 4 ingestion, reports/04-historical.md Task A). Observed via the Send Money Pacific comparison site. amount_sent is a fixed 200 units of the origin currency, confirmed by arithmetic against amount_received/fee/rate across the wave, not assumed from a single row.",e13690f5b7e6794b2adc8a2994f5c0f5f67ef497e871bae2a208b31cad8bcc8b,archive/manual-audit-2023/2026/09/10/e13690f5b7e6794b2adc8a2994f5c0f5f67ef497e871bae2a208b31cad8bcc8b.json.gz,Original audit's own reported Cost_PP: 6.09 (methodology/benchmark undocumented in source -- not this project's NRBT benchmark). original audit benchmark (200 NZD->TOP): 291.14 (undocumented methodology).,,
4f1d3433-616d-4dc4-952d-d61725166954,manual-audit-2023-audit2-20260910T002305Z-356d2a48,,,2023-08-02T00:00:00+00:00,,,,manual_audit,devpolicy_manual_audit,https://sendmoneypacific.org/,manual_audit.2023_import,0.1.0,0.4,NZL,NZD,TON,TOP,200.0,,moneygram,Moneygram (Cash),MoneyGram,global_mto,,Moneygram (Cash),Account,Cash,274.46,4.0,NZD,,1.4,,,,Less than one hour,,,observed,"Manual audit observation, wave 'audit2' (Round 4 ingestion, reports/04-historical.md Task A). Observed via the Send Money Pacific comparison site. amount_sent is a fixed 200 units of the origin currency, confirmed by arithmetic against amount_received/fee/rate across the wave, not assumed from a single row.",e13690f5b7e6794b2adc8a2994f5c0f5f67ef497e871bae2a208b31cad8bcc8b,archive/manual-audit-2023/2026/09/10/e13690f5b7e6794b2adc8a2994f5c0f5f67ef497e871bae2a208b31cad8bcc8b.json.gz,Original audit's own reported Cost_PP: 6.11 (methodology/benchmark undocumented in source -- not this project's NRBT benchmark). original audit benchmark (200 NZD->TOP): 291.14 (undocumented methodology).,,
258f5e6e-243d-4b86-bcb9-9d8bca537b01,manual-audit-2023-audit2-20260910T002305Z-356d2a48,,,2023-08-02T00:00:00+00:00,,,,manual_audit,devpolicy_manual_audit,https://sendmoneypacific.org/,manual_audit.2023_import,0.1.0,0.4,NZL,NZD,TON,TOP,200.0,,moneygram,Moneygram (Online),MoneyGram,global_mto,,Moneygram (Online),Account,Mobile,263.37,4.0,NZD,,1.34,,,,Less than one hour,,,observed,"Manual audit observation, wave 'audit2' (Round 4 ingestion, reports/04-historical.md Task A). Observed via the Send Money Pacific comparison site. amount_sent is a fixed 200 units of the origin currency, confirmed by arithmetic against amount_received/fee/rate across the wave, not assumed from a single row.",e13690f5b7e6794b2adc8a2994f5c0f5f67ef497e871bae2a208b31cad8bcc8b,archive/manual-audit-2023/2026/09/10/e13690f5b7e6794b2adc8a2994f5c0f5f67ef497e871bae2a208b31cad8bcc8b.json.gz,Original audit's own reported Cost_PP: 9.99 (methodology/benchmark undocumented in source -- not this project's NRBT benchmark). original audit benchmark (200 NZD->TOP): 291.14 (undocumented methodology).,,
645fbb4c-4764-4432-9744-93bcc13d34f0,manual-audit-2023-audit2-20260910T002305Z-356d2a48,,,2023-08-02T00:00:00+00:00,,,,manual_audit,devpolicy_manual_audit,https://sendmoneypacific.org/,manual_audit.2023_import,0.1.0,0.4,NZL,NZD,TON,TOP,200.0,,western-union,Western Union (Online),Western Union,global_mto,,Western Union (Online),Online,Mobile,269.34,0.0,NZD,,1.35,,,,Less than one hour,,,observed,"Manual audit observation, wave 'audit2' (Round 4 ingestion, reports/04-historical.md Task A). Observed via the Send Money Pacific comparison site. amount_sent is a fixed 200 units of the origin currency, confirmed by arithmetic against amount_received/fee/rate across the wave, not assumed from a single row.",e13690f5b7e6794b2adc8a2994f5c0f5f67ef497e871bae2a208b31cad8bcc8b,archive/manual-audit-2023/2026/09/10/e13690f5b7e6794b2adc8a2994f5c0f5f67ef497e871bae2a208b31cad8bcc8b.json.gz,Original audit's own reported Cost_PP: 7.78 (methodology/benchmark undocumented in source -- not this project's NRBT benchmark). original audit benchmark (200 NZD->TOP): 291.14 (undocumented methodology).,,
d00ddb93-8979-40d0-80aa-9fc0f17522c8,manual-audit-2023-audit2-20260910T002305Z-356d2a48,,,2023-08-02T00:00:00+00:00,,,,manual_audit,devpolicy_manual_audit,https://sendmoneypacific.org/,manual_audit.2023_import,0.1.0,0.4,NZL,NZD,TON,TOP,200.0,,western-union,Western Union (Cash),Western Union,global_mto,,Western Union (Cash),Online,Cash,268.94,0.0,NZD,,1.34,,,,Same day,,,observed,"Manual audit observation, wave 'audit2' (Round 4 ingestion, reports/04-historical.md Task A). Observed via the Send Money Pacific comparison site. amount_sent is a fixed 200 units of the origin currency, confirmed by arithmetic against amount_received/fee/rate across the wave, not assumed from a single row.",e13690f5b7e6794b2adc8a2994f5c0f5f67ef497e871bae2a208b31cad8bcc8b,archive/manual-audit-2023/2026/09/10/e13690f5b7e6794b2adc8a2994f5c0f5f67ef497e871bae2a208b31cad8bcc8b.json.gz,Original audit's own reported Cost_PP: 7.92 (methodology/benchmark undocumented in source -- not this project's NRBT benchmark). original audit benchmark (200 NZD->TOP): 291.14 (undocumented methodology).,,
cbb7c8ad-1b5b-45b8-a4e3-5664b889ef65,manual-audit-2023-audit2-20260910T002305Z-356d2a48,,,2023-08-02T00:00:00+00:00,,,,manual_audit,devpolicy_manual_audit,https://sendmoneypacific.org/,manual_audit.2023_import,0.1.0,0.4,NZL,NZD,TON,TOP,200.0,,asb,ASB,ASB,bank,,ASB,Account,Account,232.17,30.0,NZD,,1.37,,,,2 days,,,observed,"Manual audit observation, wave 'audit2' (Round 4 ingestion, reports/04-historical.md Task A). Observed via the Send Money Pacific comparison site. amount_sent is a fixed 200 units of the origin currency, confirmed by arithmetic against amount_received/fee/rate across the wave, not assumed from a single row.",e13690f5b7e6794b2adc8a2994f5c0f5f67ef497e871bae2a208b31cad8bcc8b,archive/manual-audit-2023/2026/09/10/e13690f5b7e6794b2adc8a2994f5c0f5f67ef497e871bae2a208b31cad8bcc8b.json.gz,Original audit's own reported Cost_PP: 21.48 (methodology/benchmark undocumented in source -- not this project's NRBT benchmark). original audit benchmark (200 NZD->TOP): 291.14 (undocumented methodology).,,
4ca921b0-cd53-42f4-864a-81f97f6c5092,manual-audit-2023-audit2-20260910T002305Z-356d2a48,,,2023-08-02T00:00:00+00:00,,,,manual_audit,devpolicy_manual_audit,https://saverpacific.com/,manual_audit.2023_import,0.1.0,0.4,NZL,NZD,TON,TOP,200.0,,ave-paanga-pau,Ave Paanga Pau,'Ave Pa'anga Pau,corridor_specialist,,Ave Paanga Pau,Prepaid,Account,280.4,0.0,NZD,,1.4,,,,Less than one hour,,,observed,"Manual audit observation, wave 'audit2' (Round 4 ingestion, reports/04-historical.md Task A). Observed via the Saver Pacific comparison site. amount_sent is a fixed 200 units of the origin currency, confirmed by arithmetic against amount_received/fee/rate across the wave, not assumed from a single row.",e13690f5b7e6794b2adc8a2994f5c0f5f67ef497e871bae2a208b31cad8bcc8b,archive/manual-audit-2023/2026/09/10/e13690f5b7e6794b2adc8a2994f5c0f5f67ef497e871bae2a208b31cad8bcc8b.json.gz,Original audit's own reported Cost_PP: 3.69 (methodology/benchmark undocumented in source -- not this project's NRBT benchmark). original audit benchmark (200 NZD->TOP): 291.14 (undocumented methodology).,,
2f092d90-79df-4f4b-9e69-32f2d3b86189,manual-audit-2023-audit2-20260910T002305Z-356d2a48,,,2023-08-02T00:00:00+00:00,,,,manual_audit,devpolicy_manual_audit,https://saverpacific.com/,manual_audit.2023_import,0.1.0,0.4,NZL,NZD,TON,TOP,200.0,,imex,iMEX,IMEX Money Transfer,corridor_specialist,,iMEX,Account,Account/Cash/Mobile,280.0,0.0,NZD,,1.4,,,,Less than one hour,,,observed,"Manual audit observation, wave 'audit2' (Round 4 ingestion, reports/04-historical.md Task A). Observed via the Saver Pacific comparison site. amount_sent is a fixed 200 units of the origin currency, confirmed by arithmetic against amount_received/fee/rate across the wave, not assumed from a single row.",e13690f5b7e6794b2adc8a2994f5c0f5f67ef497e871bae2a208b31cad8bcc8b,archive/manual-audit-2023/2026/09/10/e13690f5b7e6794b2adc8a2994f5c0f5f67ef497e871bae2a208b31cad8bcc8b.json.gz,Original audit's own reported Cost_PP: 3.83 (methodology/benchmark undocumented in source -- not this project's NRBT benchmark). original audit benchmark (200 NZD->TOP): 291.14 (undocumented methodology).,,
5d4e299c-3149-4927-9c7a-2daa997178fd,manual-audit-2023-audit2-20260910T002305Z-356d2a48,,,2023-08-02T00:00:00+00:00,,,,manual_audit,devpolicy_manual_audit,https://saverpacific.com/,manual_audit.2023_import,0.1.0,0.4,NZL,NZD,TON,TOP,200.0,,wantok-money,Wantok,WanTok Money,corridor_specialist,,Wantok,Account,Mobile,273.12,5.0,NZD,,1.4,,,,Less than one hour,,,observed,"Manual audit observation, wave 'audit2' (Round 4 ingestion, reports/04-historical.md Task A). Observed via the Saver Pacific comparison site. amount_sent is a fixed 200 units of the origin currency, confirmed by arithmetic against amount_received/fee/rate across the wave, not assumed from a single row.",e13690f5b7e6794b2adc8a2994f5c0f5f67ef497e871bae2a208b31cad8bcc8b,archive/manual-audit-2023/2026/09/10/e13690f5b7e6794b2adc8a2994f5c0f5f67ef497e871bae2a208b31cad8bcc8b.json.gz,Original audit's own reported Cost_PP: 6.19 (methodology/benchmark undocumented in source -- not this project's NRBT benchmark). original audit benchmark (200 NZD->TOP): 291.14 (undocumented methodology).,,
31152943-0456-498b-b264-8ae4213d03b1,manual-audit-2023-audit2-20260910T002305Z-356d2a48,,,2023-08-02T00:00:00+00:00,,,,manual_audit,devpolicy_manual_audit,https://saverpacific.com/,manual_audit.2023_import,0.1.0,0.4,NZL,NZD,TON,TOP,200.0,,moneygram,Moneygram (Cash),MoneyGram,global_mto,,Moneygram (Cash),Account,Cash,275.16,4.0,NZD,,1.4,,,,Less than one hour,,,observed,"Manual audit observation, wave 'audit2' (Round 4 ingestion, reports/04-historical.md Task A). Observed via the Saver Pacific comparison site. amount_sent is a fixed 200 units of the origin currency, confirmed by arithmetic against amount_received/fee/rate across the wave, not assumed from a single row.",e13690f5b7e6794b2adc8a2994f5c0f5f67ef497e871bae2a208b31cad8bcc8b,archive/manual-audit-2023/2026/09/10/e13690f5b7e6794b2adc8a2994f5c0f5f67ef497e871bae2a208b31cad8bcc8b.json.gz,Original audit's own reported Cost_PP: 5.49 (methodology/benchmark undocumented in source -- not this project's NRBT benchmark). original audit benchmark (200 NZD->TOP): 291.14 (undocumented methodology).,,
5c698bfb-7379-41ea-a97f-46d7db8715b2,manual-audit-2023-audit2-20260910T002305Z-356d2a48,,,2023-08-02T00:00:00+00:00,,,,manual_audit,devpolicy_manual_audit,https://saverpacific.com/,manual_audit.2023_import,0.1.0,0.4,NZL,NZD,TON,TOP,200.0,,anz-new-zealand,ANZ,ANZ (New Zealand),bank,,ANZ,Account,Account,274.36,0.0,NZD,,1.37,,,,Next day,,,observed,"Manual audit observation, wave 'audit2' (Round 4 ingestion, reports/04-historical.md Task A). Observed via the Saver Pacific comparison site. amount_sent is a fixed 200 units of the origin currency, confirmed by arithmetic against amount_received/fee/rate across the wave, not assumed from a single row.",e13690f5b7e6794b2adc8a2994f5c0f5f67ef497e871bae2a208b31cad8bcc8b,archive/manual-audit-2023/2026/09/10/e13690f5b7e6794b2adc8a2994f5c0f5f67ef497e871bae2a208b31cad8bcc8b.json.gz,Original audit's own reported Cost_PP: 5.76 (methodology/benchmark undocumented in source -- not this project's NRBT benchmark). original audit benchmark (200 NZD->TOP): 291.14 (undocumented methodology).,,
5b2559f5-5ca8-4bca-828a-805eb7f39bf9,manual-audit-2023-audit2-20260910T002305Z-356d2a48,,,2023-08-02T00:00:00+00:00,,,,manual_audit,devpolicy_manual_audit,https://saverpacific.com/,manual_audit.2023_import,0.1.0,0.4,NZL,NZD,TON,TOP,200.0,,moneygram,Moneygram (Online),MoneyGram,global_mto,,Moneygram (Online),Account,Mobile,264.03,4.0,NZD,,1.35,,,,Same day,,,observed,"Manual audit observation, wave 'audit2' (Round 4 ingestion, reports/04-historical.md Task A). Observed via the Saver Pacific comparison site. amount_sent is a fixed 200 units of the origin currency, confirmed by arithmetic against amount_received/fee/rate across the wave, not assumed from a single row.",e13690f5b7e6794b2adc8a2994f5c0f5f67ef497e871bae2a208b31cad8bcc8b,archive/manual-audit-2023/2026/09/10/e13690f5b7e6794b2adc8a2994f5c0f5f67ef497e871bae2a208b31cad8bcc8b.json.gz,Original audit's own reported Cost_PP: 9.31 (methodology/benchmark undocumented in source -- not this project's NRBT benchmark). original audit benchmark (200 NZD->TOP): 291.14 (undocumented methodology).,,
a943ad96-99b3-4855-b1db-338aeca6eba5,manual-audit-2023-audit2-20260910T002305Z-356d2a48,,,2023-08-02T00:00:00+00:00,,,,manual_audit,devpolicy_manual_audit,https://saverpacific.com/,manual_audit.2023_import,0.1.0,0.4,NZL,NZD,TON,TOP,200.0,,western-union,Western Union (Online),Western Union,global_mto,,Western Union (Online),Account,Mobile,269.68,0.0,NZD,,1.35,,,,Less than one hour,,,observed,"Manual audit observation, wave 'audit2' (Round 4 ingestion, reports/04-historical.md Task A). Observed via the Saver Pacific comparison site. amount_sent is a fixed 200 units of the origin currency, confirmed by arithmetic against amount_received/fee/rate across the wave, not assumed from a single row.",e13690f5b7e6794b2adc8a2994f5c0f5f67ef497e871bae2a208b31cad8bcc8b,archive/manual-audit-2023/2026/09/10/e13690f5b7e6794b2adc8a2994f5c0f5f67ef497e871bae2a208b31cad8bcc8b.json.gz,Original audit's own reported Cost_PP: 7.37 (methodology/benchmark undocumented in source -- not this project's NRBT benchmark). original audit benchmark (200 NZD->TOP): 291.14 (undocumented methodology).,,
25afcf8d-8873-4abe-b64d-97d243cf6f6a,manual-audit-2023-audit2-20260910T002305Z-356d2a48,,,2023-08-02T00:00:00+00:00,,,,manual_audit,devpolicy_manual_audit,https://saverpacific.com/,manual_audit.2023_import,0.1.0,0.4,NZL,NZD,TON,TOP,200.0,,western-union,Western Union (Cash),Western Union,global_mto,,Western Union (Cash),Account,Cash,269.28,0.0,NZD,,1.35,,,,Less than one hour,,,observed,"Manual audit observation, wave 'audit2' (Round 4 ingestion, reports/04-historical.md Task A). Observed via the Saver Pacific comparison site. amount_sent is a fixed 200 units of the origin currency, confirmed by arithmetic against amount_received/fee/rate across the wave, not assumed from a single row.",e13690f5b7e6794b2adc8a2994f5c0f5f67ef497e871bae2a208b31cad8bcc8b,archive/manual-audit-2023/2026/09/10/e13690f5b7e6794b2adc8a2994f5c0f5f67ef497e871bae2a208b31cad8bcc8b.json.gz,Original audit's own reported Cost_PP: 7.51 (methodology/benchmark undocumented in source -- not this project's NRBT benchmark). original audit benchmark (200 NZD->TOP): 291.14 (undocumented methodology).,,
5447bc53-4c8d-4dbc-9083-6ca7b1984dc3,manual-audit-2023-audit2-20260910T002305Z-356d2a48,,,2023-08-02T00:00:00+00:00,,,,manual_audit,devpolicy_manual_audit,https://saverpacific.com/,manual_audit.2023_import,0.1.0,0.4,NZL,NZD,TON,TOP,200.0,,kiwibank,Kiwi Bank,Kiwibank,bank,,Kiwi Bank,Account,Account,245.99,20.0,NZD,,1.37,,,,3 - 5 days,,,observed,"Manual audit observation, wave 'audit2' (Round 4 ingestion, reports/04-historical.md Task A). Observed via the Saver Pacific comparison site. amount_sent is a fixed 200 units of the origin currency, confirmed by arithmetic against amount_received/fee/rate across the wave, not assumed from a single row.",e13690f5b7e6794b2adc8a2994f5c0f5f67ef497e871bae2a208b31cad8bcc8b,archive/manual-audit-2023/2026/09/10/e13690f5b7e6794b2adc8a2994f5c0f5f67ef497e871bae2a208b31cad8bcc8b.json.gz,Original audit's own reported Cost_PP: 15.51 (methodology/benchmark undocumented in source -- not this project's NRBT benchmark). original audit benchmark (200 NZD->TOP): 291.14 (undocumented methodology).,,
a3190e08-6589-49a3-a630-05f09c16f2b0,manual-audit-2023-audit2-20260910T002305Z-356d2a48,,,2023-08-03T00:00:00+00:00,,,,manual_audit,devpolicy_manual_audit,https://sendmoneypacific.org/,manual_audit.2023_import,0.1.0,0.4,AUS,AUD,TON,TOP,200.0,,ria-money-transfer,Ria,Ria Money Transfer,global_mto,,Ria,Account,Mobile,303.55,2.89,AUD,,1.54,,,,Less than one hour,,,observed,"Manual audit observation, wave 'audit2' (Round 4 ingestion, reports/04-historical.md Task A). Observed via the Send Money Pacific comparison site. amount_sent is a fixed 200 units of the origin currency, confirmed by arithmetic against amount_received/fee/rate across the wave, not assumed from a single row.",e13690f5b7e6794b2adc8a2994f5c0f5f67ef497e871bae2a208b31cad8bcc8b,archive/manual-audit-2023/2026/09/10/e13690f5b7e6794b2adc8a2994f5c0f5f67ef497e871bae2a208b31cad8bcc8b.json.gz,Original audit's own reported Cost_PP: 1.45 (methodology/benchmark undocumented in source -- not this project's NRBT benchmark). original audit benchmark (200 AUD->TOP): 316.82 (undocumented methodology).,,
7e5a9a05-e43d-4bc1-ad5d-d0dddae8dde3,manual-audit-2023-audit2-20260910T002305Z-356d2a48,,,2023-08-03T00:00:00+00:00,,,,manual_audit,devpolicy_manual_audit,https://sendmoneypacific.org/,manual_audit.2023_import,0.1.0,0.4,AUS,AUD,TON,TOP,200.0,,moneygram,Moneygram (Online),MoneyGram,global_mto,,Moneygram (Online),Account,Mobile,300.72,0.0,AUD,,1.5,,,,Next day,,,observed,"Manual audit observation, wave 'audit2' (Round 4 ingestion, reports/04-historical.md Task A). Observed via the Send Money Pacific comparison site. amount_sent is a fixed 200 units of the origin currency, confirmed by arithmetic against amount_received/fee/rate across the wave, not assumed from a single row.",e13690f5b7e6794b2adc8a2994f5c0f5f67ef497e871bae2a208b31cad8bcc8b,archive/manual-audit-2023/2026/09/10/e13690f5b7e6794b2adc8a2994f5c0f5f67ef497e871bae2a208b31cad8bcc8b.json.gz,Original audit's own reported Cost_PP: 2.36 (methodology/benchmark undocumented in source -- not this project's NRBT benchmark). original audit benchmark (200 AUD->TOP): 316.82 (undocumented methodology).,,
6d0c217a-0cc1-4c1b-b3b6-55bfa2e9ab8a,manual-audit-2023-audit2-20260910T002305Z-356d2a48,,,2023-08-03T00:00:00+00:00,,,,manual_audit,devpolicy_manual_audit,https://sendmoneypacific.org/,manual_audit.2023_import,0.1.0,0.4,AUS,AUD,TON,TOP,200.0,,ave-paanga-pau,Ave Paanga Pau,'Ave Pa'anga Pau,corridor_specialist,,Ave Paanga Pau,Prepaid,Account,301.3,0.0,AUD,,1.51,,,,Less than one hour,,,observed,"Manual audit observation, wave 'audit2' (Round 4 ingestion, reports/04-historical.md Task A). Observed via the Send Money Pacific comparison site. amount_sent is a fixed 200 units of the origin currency, confirmed by arithmetic against amount_received/fee/rate across the wave, not assumed from a single row.",e13690f5b7e6794b2adc8a2994f5c0f5f67ef497e871bae2a208b31cad8bcc8b,archive/manual-audit-2023/2026/09/10/e13690f5b7e6794b2adc8a2994f5c0f5f67ef497e871bae2a208b31cad8bcc8b.json.gz,Original audit's own reported Cost_PP: 2.18 (methodology/benchmark undocumented in source -- not this project's NRBT benchmark). original audit benchmark (200 AUD->TOP): 316.82 (undocumented methodology).,,
dff887fe-4125-46d2-bd58-107003e760c1,manual-audit-2023-audit2-20260910T002305Z-356d2a48,,,2023-08-03T00:00:00+00:00,,,,manual_audit,devpolicy_manual_audit,https://sendmoneypacific.org/,manual_audit.2023_import,0.1.0,0.4,AUS,AUD,TON,TOP,200.0,,anz-australia,ANZ,ANZ (Australia),bank,,ANZ,Online,Account,296.6,0.0,AUD,,1.48,,,,2 days,,,observed,"Manual audit observation, wave 'audit2' (Round 4 ingestion, reports/04-historical.md Task A). Observed via the Send Money Pacific comparison site. amount_sent is a fixed 200 units of the origin currency, confirmed by arithmetic against amount_received/fee/rate across the wave, not assumed from a single row.",e13690f5b7e6794b2adc8a2994f5c0f5f67ef497e871bae2a208b31cad8bcc8b,archive/manual-audit-2023/2026/09/10/e13690f5b7e6794b2adc8a2994f5c0f5f67ef497e871bae2a208b31cad8bcc8b.json.gz,Original audit's own reported Cost_PP: 3.7 (methodology/benchmark undocumented in source -- not this project's NRBT benchmark). original audit benchmark (200 AUD->TOP): 316.82 (undocumented methodology).,,
3e015cac-c704-40a3-84ea-6098e6a1af08,manual-audit-2023-audit2-20260910T002305Z-356d2a48,,,2023-08-03T00:00:00+00:00,,,,manual_audit,devpolicy_manual_audit,https://sendmoneypacific.org/,manual_audit.2023_import,0.1.0,0.4,AUS,AUD,TON,TOP,200.0,,klickex,KlickEX,KlickEx,corridor_specialist,,KlickEX,Account,Mobile,296.77,5.0,AUD,,1.52,,,,Instant,,,observed,"Manual audit observation, wave 'audit2' (Round 4 ingestion, reports/04-historical.md Task A). Observed via the Send Money Pacific comparison site. amount_sent is a fixed 200 units of the origin currency, confirmed by arithmetic against amount_received/fee/rate across the wave, not assumed from a single row.",e13690f5b7e6794b2adc8a2994f5c0f5f67ef497e871bae2a208b31cad8bcc8b,archive/manual-audit-2023/2026/09/10/e13690f5b7e6794b2adc8a2994f5c0f5f67ef497e871bae2a208b31cad8bcc8b.json.gz,Original audit's own reported Cost_PP: 3.68 (methodology/benchmark undocumented in source -- not this project's NRBT benchmark). original audit benchmark (200 AUD->TOP): 316.82 (undocumented methodology).,,
fbeae24d-9e02-48cc-94a6-362212701bd0,manual-audit-2023-audit2-20260910T002305Z-356d2a48,,,2023-08-03T00:00:00+00:00,,,,manual_audit,devpolicy_manual_audit,https://sendmoneypacific.org/,manual_audit.2023_import,0.1.0,0.4,AUS,AUD,TON,TOP,200.0,,moneygram,Moneygram (Cash),MoneyGram,global_mto,,Moneygram (Cash),Account,Cash,292.36,2.99,AUD,,1.48,,,,Less than one hour,,,observed,"Manual audit observation, wave 'audit2' (Round 4 ingestion, reports/04-historical.md Task A). Observed via the Send Money Pacific comparison site. amount_sent is a fixed 200 units of the origin currency, confirmed by arithmetic against amount_received/fee/rate across the wave, not assumed from a single row.",e13690f5b7e6794b2adc8a2994f5c0f5f67ef497e871bae2a208b31cad8bcc8b,archive/manual-audit-2023/2026/09/10/e13690f5b7e6794b2adc8a2994f5c0f5f67ef497e871bae2a208b31cad8bcc8b.json.gz,Original audit's own reported Cost_PP: 5.13 (methodology/benchmark undocumented in source -- not this project's NRBT benchmark). original audit benchmark (200 AUD->TOP): 316.82 (undocumented methodology).,,
2fad3e8d-91c9-4841-b13e-def9ebde6aa4,manual-audit-2023-audit2-20260910T002305Z-356d2a48,,,2023-08-03T00:00:00+00:00,,,,manual_audit,devpolicy_manual_audit,https://sendmoneypacific.org/,manual_audit.2023_import,0.1.0,0.4,AUS,AUD,TON,TOP,200.0,,western-union,Western Union (Online),Western Union,global_mto,,Western Union (Online),Cash,Cash,286.94,5.0,AUD,,1.47,,,,Instant,,,observed,"Manual audit observation, wave 'audit2' (Round 4 ingestion, reports/04-historical.md Task A). Observed via the Send Money Pacific comparison site. amount_sent is a fixed 200 units of the origin currency, confirmed by arithmetic against amount_received/fee/rate across the wave, not assumed from a single row.",e13690f5b7e6794b2adc8a2994f5c0f5f67ef497e871bae2a208b31cad8bcc8b,archive/manual-audit-2023/2026/09/10/e13690f5b7e6794b2adc8a2994f5c0f5f67ef497e871bae2a208b31cad8bcc8b.json.gz,Original audit's own reported Cost_PP: 6.95 (methodology/benchmark undocumented in source -- not this project's NRBT benchmark). original audit benchmark (200 AUD->TOP): 316.82 (undocumented methodology).,,
04a041c4-eeed-4314-9c38-baf7183931f6,manual-audit-2023-audit2-20260910T002305Z-356d2a48,,,2023-08-03T00:00:00+00:00,,,,manual_audit,devpolicy_manual_audit,https://sendmoneypacific.org/,manual_audit.2023_import,0.1.0,0.4,AUS,AUD,TON,TOP,200.0,,western-union,Western Union (Cash),Western Union,global_mto,,Western Union (Cash),Online,Mobile,283.94,0.0,AUD,,1.42,,,,Instant,,,observed,"Manual audit observation, wave 'audit2' (Round 4 ingestion, reports/04-historical.md Task A). Observed via the Send Money Pacific comparison site. amount_sent is a fixed 200 units of the origin currency, confirmed by arithmetic against amount_received/fee/rate across the wave, not assumed from a single row.",e13690f5b7e6794b2adc8a2994f5c0f5f67ef497e871bae2a208b31cad8bcc8b,archive/manual-audit-2023/2026/09/10/e13690f5b7e6794b2adc8a2994f5c0f5f67ef497e871bae2a208b31cad8bcc8b.json.gz,Original audit's own reported Cost_PP: 7.81 (methodology/benchmark undocumented in source -- not this project's NRBT benchmark). original audit benchmark (200 AUD->TOP): 316.82 (undocumented methodology).,,
5663b9fb-7a33-4eaf-979a-9c64e542b80d,manual-audit-2023-audit2-20260910T002305Z-356d2a48,,,2023-08-03T00:00:00+00:00,,,,manual_audit,devpolicy_manual_audit,https://sendmoneypacific.org/,manual_audit.2023_import,0.1.0,0.4,AUS,AUD,TON,TOP,200.0,,nab,NAB,National Australia Bank,bank,,NAB,Online,Account,240.99,30.0,AUD,,1.42,,,,3 days,,,observed,"Manual audit observation, wave 'audit2' (Round 4 ingestion, reports/04-historical.md Task A). Observed via the Send Money Pacific comparison site. amount_sent is a fixed 200 units of the origin currency, confirmed by arithmetic against amount_received/fee/rate across the wave, not assumed from a single row.",e13690f5b7e6794b2adc8a2994f5c0f5f67ef497e871bae2a208b31cad8bcc8b,archive/manual-audit-2023/2026/09/10/e13690f5b7e6794b2adc8a2994f5c0f5f67ef497e871bae2a208b31cad8bcc8b.json.gz,Original audit's own reported Cost_PP: 22.95 (methodology/benchmark undocumented in source -- not this project's NRBT benchmark). original audit benchmark (200 AUD->TOP): 316.82 (undocumented methodology).,,
b5b90c71-7607-4f66-8fcd-b9966d36e877,manual-audit-2023-audit2-20260910T002305Z-356d2a48,,,2023-08-03T00:00:00+00:00,,,,manual_audit,devpolicy_manual_audit,https://saverpacific.com/,manual_audit.2023_import,0.1.0,0.4,AUS,AUD,TON,TOP,200.0,,ria-money-transfer,Ria,Ria Money Transfer,global_mto,,Ria,Account,Mobile,313.4,2.89,AUD,,1.59,,,,Less than one hour,,,observed,"Manual audit observation, wave 'audit2' (Round 4 ingestion, reports/04-historical.md Task A). Observed via the Saver Pacific comparison site. amount_sent is a fixed 200 units of the origin currency, confirmed by arithmetic against amount_received/fee/rate across the wave, not assumed from a single row.",e13690f5b7e6794b2adc8a2994f5c0f5f67ef497e871bae2a208b31cad8bcc8b,archive/manual-audit-2023/2026/09/10/e13690f5b7e6794b2adc8a2994f5c0f5f67ef497e871bae2a208b31cad8bcc8b.json.gz,Original audit's own reported Cost_PP: 1.08 (methodology/benchmark undocumented in source -- not this project's NRBT benchmark). original audit benchmark (200 AUD->TOP): 316.82 (undocumented methodology).,,
57447a01-a65c-49c4-bd90-1b186551f72f,manual-audit-2023-audit2-20260910T002305Z-356d2a48,,,2023-08-03T00:00:00+00:00,,,,manual_audit,devpolicy_manual_audit,https://saverpacific.com/,manual_audit.2023_import,0.1.0,0.4,AUS,AUD,TON,TOP,200.0,,ave-paanga-pau,Ave Paanga Pau,'Ave Pa'anga Pau,corridor_specialist,,Ave Paanga Pau,Prepaid,Account,308.6,0.0,AUD,,1.54,,,,Next day,,,observed,"Manual audit observation, wave 'audit2' (Round 4 ingestion, reports/04-historical.md Task A). Observed via the Saver Pacific comparison site. amount_sent is a fixed 200 units of the origin currency, confirmed by arithmetic against amount_received/fee/rate across the wave, not assumed from a single row.",e13690f5b7e6794b2adc8a2994f5c0f5f67ef497e871bae2a208b31cad8bcc8b,archive/manual-audit-2023/2026/09/10/e13690f5b7e6794b2adc8a2994f5c0f5f67ef497e871bae2a208b31cad8bcc8b.json.gz,Original audit's own reported Cost_PP: 2.59 (methodology/benchmark undocumented in source -- not this project's NRBT benchmark). original audit benchmark (200 AUD->TOP): 316.82 (undocumented methodology).,,
af86599e-a44a-4b4f-b2d9-70ef1d045c63,manual-audit-2023-audit2-20260910T002305Z-356d2a48,,,2023-08-03T00:00:00+00:00,,,,manual_audit,devpolicy_manual_audit,https://saverpacific.com/,manual_audit.2023_import,0.1.0,0.4,AUS,AUD,TON,TOP,200.0,,moneygram,Moneygram (Online),MoneyGram,global_mto,,Moneygram (Online),Account,Mobile,309.1,0.0,AUD,,1.55,,,,Same day,,,observed,"Manual audit observation, wave 'audit2' (Round 4 ingestion, reports/04-historical.md Task A). Observed via the Saver Pacific comparison site. amount_sent is a fixed 200 units of the origin currency, confirmed by arithmetic against amount_received/fee/rate across the wave, not assumed from a single row.",e13690f5b7e6794b2adc8a2994f5c0f5f67ef497e871bae2a208b31cad8bcc8b,archive/manual-audit-2023/2026/09/10/e13690f5b7e6794b2adc8a2994f5c0f5f67ef497e871bae2a208b31cad8bcc8b.json.gz,Original audit's own reported Cost_PP: 2.44 (methodology/benchmark undocumented in source -- not this project's NRBT benchmark). original audit benchmark (200 AUD->TOP): 316.82 (undocumented methodology).,,
12fda5dc-b3ad-489b-982b-a85a2def4a36,manual-audit-2023-audit2-20260910T002305Z-356d2a48,,,2023-08-03T00:00:00+00:00,,,,manual_audit,devpolicy_manual_audit,https://saverpacific.com/,manual_audit.2023_import,0.1.0,0.4,AUS,AUD,TON,TOP,200.0,,anz-australia,ANZ,ANZ (Australia),bank,,ANZ,Online,Account,296.6,0.0,AUD,,1.48,,,,2 days,,,observed,"Manual audit observation, wave 'audit2' (Round 4 ingestion, reports/04-historical.md Task A). Observed via the Saver Pacific comparison site. amount_sent is a fixed 200 units of the origin currency, confirmed by arithmetic against amount_received/fee/rate across the wave, not assumed from a single row.",e13690f5b7e6794b2adc8a2994f5c0f5f67ef497e871bae2a208b31cad8bcc8b,archive/manual-audit-2023/2026/09/10/e13690f5b7e6794b2adc8a2994f5c0f5f67ef497e871bae2a208b31cad8bcc8b.json.gz,Original audit's own reported Cost_PP: 4.04 (methodology/benchmark undocumented in source -- not this project's NRBT benchmark). original audit benchmark (200 AUD->TOP): 309.1 (undocumented methodology).,,
b63b7520-b0bc-4a72-b0f2-240414585fac,manual-audit-2023-audit2-20260910T002305Z-356d2a48,,,2023-08-03T00:00:00+00:00,,,,manual_audit,devpolicy_manual_audit,https://saverpacific.com/,manual_audit.2023_import,0.1.0,0.4,AUS,AUD,TON,TOP,200.0,,wantok-money,Wantok,WanTok Money,corridor_specialist,,Wantok,Account,Mobile,299.13,5.0,AUD,,1.53,,,,Less than one hour,,,observed,"Manual audit observation, wave 'audit2' (Round 4 ingestion, reports/04-historical.md Task A). Observed via the Saver Pacific comparison site. amount_sent is a fixed 200 units of the origin currency, confirmed by arithmetic against amount_received/fee/rate across the wave, not assumed from a single row.",e13690f5b7e6794b2adc8a2994f5c0f5f67ef497e871bae2a208b31cad8bcc8b,archive/manual-audit-2023/2026/09/10/e13690f5b7e6794b2adc8a2994f5c0f5f67ef497e871bae2a208b31cad8bcc8b.json.gz,Original audit's own reported Cost_PP: 5.58 (methodology/benchmark undocumented in source -- not this project's NRBT benchmark). original audit benchmark (200 AUD->TOP): 316.82 (undocumented methodology).,,
2821bfec-363a-4e8c-ae11-31dd76334c99,manual-audit-2023-audit2-20260910T002305Z-356d2a48,,,2023-08-03T00:00:00+00:00,,,,manual_audit,devpolicy_manual_audit,https://saverpacific.com/,manual_audit.2023_import,0.1.0,0.4,AUS,AUD,TON,TOP,200.0,,moneygram,Moneygram (Cash),MoneyGram,global_mto,,Moneygram (Cash),Account,Cash,300.66,2.99,AUD,,1.53,,,,Less than one hour,,,observed,"Manual audit observation, wave 'audit2' (Round 4 ingestion, reports/04-historical.md Task A). Observed via the Saver Pacific comparison site. amount_sent is a fixed 200 units of the origin currency, confirmed by arithmetic against amount_received/fee/rate across the wave, not assumed from a single row.",e13690f5b7e6794b2adc8a2994f5c0f5f67ef497e871bae2a208b31cad8bcc8b,archive/manual-audit-2023/2026/09/10/e13690f5b7e6794b2adc8a2994f5c0f5f67ef497e871bae2a208b31cad8bcc8b.json.gz,Original audit's own reported Cost_PP: 5.1 (methodology/benchmark undocumented in source -- not this project's NRBT benchmark). original audit benchmark (200 AUD->TOP): 316.82 (undocumented methodology).,,
4b0efaae-0046-4d61-b66c-5b2a5e864fc9,manual-audit-2023-audit2-20260910T002305Z-356d2a48,,,2023-08-03T00:00:00+00:00,,,,manual_audit,devpolicy_manual_audit,https://saverpacific.com/,manual_audit.2023_import,0.1.0,0.4,AUS,AUD,TON,TOP,200.0,,western-union,Western Union (Online),Western Union,global_mto,,Western Union (Online),Cash,Cash,294.92,5.0,AUD,,1.51,,,,Instant,,,observed,"Manual audit observation, wave 'audit2' (Round 4 ingestion, reports/04-historical.md Task A). Observed via the Saver Pacific comparison site. amount_sent is a fixed 200 units of the origin currency, confirmed by arithmetic against amount_received/fee/rate across the wave, not assumed from a single row.",e13690f5b7e6794b2adc8a2994f5c0f5f67ef497e871bae2a208b31cad8bcc8b,archive/manual-audit-2023/2026/09/10/e13690f5b7e6794b2adc8a2994f5c0f5f67ef497e871bae2a208b31cad8bcc8b.json.gz,Original audit's own reported Cost_PP: 6.91 (methodology/benchmark undocumented in source -- not this project's NRBT benchmark). original audit benchmark (200 AUD->TOP): 316.82 (undocumented methodology).,,
05535782-57f8-4bae-88d7-9c2932b21eba,manual-audit-2023-audit2-20260910T002305Z-356d2a48,,,2023-08-03T00:00:00+00:00,,,,manual_audit,devpolicy_manual_audit,https://saverpacific.com/,manual_audit.2023_import,0.1.0,0.4,AUS,AUD,TON,TOP,200.0,,western-union,Western Union (Cash),Western Union,global_mto,,Western Union (Cash),Online,Mobile,294.6,0.0,AUD,,1.47,,,,Instant,,,observed,"Manual audit observation, wave 'audit2' (Round 4 ingestion, reports/04-historical.md Task A). Observed via the Saver Pacific comparison site. amount_sent is a fixed 200 units of the origin currency, confirmed by arithmetic against amount_received/fee/rate across the wave, not assumed from a single row.",e13690f5b7e6794b2adc8a2994f5c0f5f67ef497e871bae2a208b31cad8bcc8b,archive/manual-audit-2023/2026/09/10/e13690f5b7e6794b2adc8a2994f5c0f5f67ef497e871bae2a208b31cad8bcc8b.json.gz,Original audit's own reported Cost_PP: 7.01 (methodology/benchmark undocumented in source -- not this project's NRBT benchmark). original audit benchmark (200 AUD->TOP): 316.82 (undocumented methodology).,,
19d99660-abd1-47a6-922a-e7807e245afa,manual-audit-2023-audit2-20260910T002305Z-356d2a48,,,2023-08-03T00:00:00+00:00,,,,manual_audit,devpolicy_manual_audit,https://saverpacific.com/,manual_audit.2023_import,0.1.0,0.4,AUS,AUD,TON,TOP,200.0,,ofx,OFX,OFX,global_mto,,OFX,Account,Account,261.37,15.0,AUD,,1.41,,,,3 - 5 days,,,observed,"Manual audit observation, wave 'audit2' (Round 4 ingestion, reports/04-historical.md Task A). Observed via the Saver Pacific comparison site. amount_sent is a fixed 200 units of the origin currency, confirmed by arithmetic against amount_received/fee/rate across the wave, not assumed from a single row.",e13690f5b7e6794b2adc8a2994f5c0f5f67ef497e871bae2a208b31cad8bcc8b,archive/manual-audit-2023/2026/09/10/e13690f5b7e6794b2adc8a2994f5c0f5f67ef497e871bae2a208b31cad8bcc8b.json.gz,Original audit's own reported Cost_PP: 15.44 (methodology/benchmark undocumented in source -- not this project's NRBT benchmark). original audit benchmark (200 AUD->TOP): 309.1 (undocumented methodology).,,
72e9833a-31ae-4f47-a0a2-80d5949947b9,manual-audit-2023-audit2-20260910T002305Z-356d2a48,,,2023-08-03T00:00:00+00:00,,,,manual_audit,devpolicy_manual_audit,https://sendmoneypacific.org/,manual_audit.2023_import,0.1.0,0.4,NZL,NZD,TON,TOP,200.0,,ave-paanga-pau,Ave Paanga Pau,'Ave Pa'anga Pau,corridor_specialist,,Ave Paanga Pau,Prepaid,Account,278.48,0.0,NZD,,1.39,,,,Less than one hour,,,observed,"Manual audit observation, wave 'audit2' (Round 4 ingestion, reports/04-historical.md Task A). Observed via the Send Money Pacific comparison site. amount_sent is a fixed 200 units of the origin currency, confirmed by arithmetic against amount_received/fee/rate across the wave, not assumed from a single row.",e13690f5b7e6794b2adc8a2994f5c0f5f67ef497e871bae2a208b31cad8bcc8b,archive/manual-audit-2023/2026/09/10/e13690f5b7e6794b2adc8a2994f5c0f5f67ef497e871bae2a208b31cad8bcc8b.json.gz,Original audit's own reported Cost_PP: 2.63 (methodology/benchmark undocumented in source -- not this project's NRBT benchmark). original audit benchmark (200 NZD->TOP): 291.14 (undocumented methodology).,,
9888103d-3cdf-4990-921e-131bac99f2e6,manual-audit-2023-audit2-20260910T002305Z-356d2a48,,,2023-08-03T00:00:00+00:00,,,,manual_audit,devpolicy_manual_audit,https://sendmoneypacific.org/,manual_audit.2023_import,0.1.0,0.4,NZL,NZD,TON,TOP,200.0,,anz-new-zealand,ANZ,ANZ (New Zealand),bank,,ANZ,Online,Account,274.72,0.0,NZD,,1.37,,,,2 days,,,observed,"Manual audit observation, wave 'audit2' (Round 4 ingestion, reports/04-historical.md Task A). Observed via the Send Money Pacific comparison site. amount_sent is a fixed 200 units of the origin currency, confirmed by arithmetic against amount_received/fee/rate across the wave, not assumed from a single row.",e13690f5b7e6794b2adc8a2994f5c0f5f67ef497e871bae2a208b31cad8bcc8b,archive/manual-audit-2023/2026/09/10/e13690f5b7e6794b2adc8a2994f5c0f5f67ef497e871bae2a208b31cad8bcc8b.json.gz,Original audit's own reported Cost_PP: 3.94 (methodology/benchmark undocumented in source -- not this project's NRBT benchmark). original audit benchmark (200 NZD->TOP): 291.14 (undocumented methodology).,,
89f7d9ab-d0eb-4998-b3b6-c4f239136bfe,manual-audit-2023-audit2-20260910T002305Z-356d2a48,,,2023-08-03T00:00:00+00:00,,,,manual_audit,devpolicy_manual_audit,https://sendmoneypacific.org/,manual_audit.2023_import,0.1.0,0.4,NZL,NZD,TON,TOP,200.0,,klickex,KlickEX,KlickEx,corridor_specialist,,KlickEX,Account,Mobile,273.19,5.0,NZD,,1.4,,,,Instant,,,observed,"Manual audit observation, wave 'audit2' (Round 4 ingestion, reports/04-historical.md Task A). Observed via the Send Money Pacific comparison site. amount_sent is a fixed 200 units of the origin currency, confirmed by arithmetic against amount_received/fee/rate across the wave, not assumed from a single row.",e13690f5b7e6794b2adc8a2994f5c0f5f67ef497e871bae2a208b31cad8bcc8b,archive/manual-audit-2023/2026/09/10/e13690f5b7e6794b2adc8a2994f5c0f5f67ef497e871bae2a208b31cad8bcc8b.json.gz,Original audit's own reported Cost_PP: 4.53 (methodology/benchmark undocumented in source -- not this project's NRBT benchmark). original audit benchmark (200 NZD->TOP): 291.14 (undocumented methodology).,,
ccb232f7-395d-4dcb-9e34-6509317edf9c,manual-audit-2023-audit2-20260910T002305Z-356d2a48,,,2023-08-03T00:00:00+00:00,,,,manual_audit,devpolicy_manual_audit,https://sendmoneypacific.org/,manual_audit.2023_import,0.1.0,0.4,NZL,NZD,TON,TOP,200.0,,wantok-money,Wantok,WanTok Money,corridor_specialist,,Wantok,Account,Mobile,271.58,5.0,NZD,,1.39,,,,Instant,,,observed,"Manual audit observation, wave 'audit2' (Round 4 ingestion, reports/04-historical.md Task A). Observed via the Send Money Pacific comparison site. amount_sent is a fixed 200 units of the origin currency, confirmed by arithmetic against amount_received/fee/rate across the wave, not assumed from a single row.",e13690f5b7e6794b2adc8a2994f5c0f5f67ef497e871bae2a208b31cad8bcc8b,archive/manual-audit-2023/2026/09/10/e13690f5b7e6794b2adc8a2994f5c0f5f67ef497e871bae2a208b31cad8bcc8b.json.gz,Original audit's own reported Cost_PP: 5.11 (methodology/benchmark undocumented in source -- not this project's NRBT benchmark). original audit benchmark (200 NZD->TOP): 291.14 (undocumented methodology).,,
ff571f5f-19a4-4e91-9da0-f71a2950c656,manual-audit-2023-audit2-20260910T002305Z-356d2a48,,,2023-08-03T00:00:00+00:00,,,,manual_audit,devpolicy_manual_audit,https://sendmoneypacific.org/,manual_audit.2023_import,0.1.0,0.4,NZL,NZD,TON,TOP,200.0,,moneygram,Moneygram (Cash),MoneyGram,global_mto,,Moneygram (Cash),Account,Cash,270.5,4.0,NZD,,1.38,,,,Less than one hour,,,observed,"Manual audit observation, wave 'audit2' (Round 4 ingestion, reports/04-historical.md Task A). Observed via the Send Money Pacific comparison site. amount_sent is a fixed 200 units of the origin currency, confirmed by arithmetic against amount_received/fee/rate across the wave, not assumed from a single row.",e13690f5b7e6794b2adc8a2994f5c0f5f67ef497e871bae2a208b31cad8bcc8b,archive/manual-audit-2023/2026/09/10/e13690f5b7e6794b2adc8a2994f5c0f5f67ef497e871bae2a208b31cad8bcc8b.json.gz,Original audit's own reported Cost_PP: 5.49 (methodology/benchmark undocumented in source -- not this project's NRBT benchmark). original audit benchmark (200 NZD->TOP): 291.14 (undocumented methodology).,,
3e10df8f-0c6a-46d3-8467-ccc3b4719a82,manual-audit-2023-audit2-20260910T002305Z-356d2a48,,,2023-08-03T00:00:00+00:00,,,,manual_audit,devpolicy_manual_audit,https://sendmoneypacific.org/,manual_audit.2023_import,0.1.0,0.4,NZL,NZD,TON,TOP,200.0,,moneygram,Moneygram (Online),MoneyGram,global_mto,,Moneygram (Online),Account,Mobile,259.56,4.0,NZD,,1.32,,,,Less than one hour,,,observed,"Manual audit observation, wave 'audit2' (Round 4 ingestion, reports/04-historical.md Task A). Observed via the Send Money Pacific comparison site. amount_sent is a fixed 200 units of the origin currency, confirmed by arithmetic against amount_received/fee/rate across the wave, not assumed from a single row.",e13690f5b7e6794b2adc8a2994f5c0f5f67ef497e871bae2a208b31cad8bcc8b,archive/manual-audit-2023/2026/09/10/e13690f5b7e6794b2adc8a2994f5c0f5f67ef497e871bae2a208b31cad8bcc8b.json.gz,Original audit's own reported Cost_PP: 9.39 (methodology/benchmark undocumented in source -- not this project's NRBT benchmark). original audit benchmark (200 NZD->TOP): 291.14 (undocumented methodology).,,
5edf3dca-8820-499e-adc1-aad890a41642,manual-audit-2023-audit2-20260910T002305Z-356d2a48,,,2023-08-03T00:00:00+00:00,,,,manual_audit,devpolicy_manual_audit,https://sendmoneypacific.org/,manual_audit.2023_import,0.1.0,0.4,NZL,NZD,TON,TOP,200.0,,western-union,Western Union (Online),Western Union,global_mto,,Western Union (Online),Online,Mobile,266.2,0.0,NZD,,1.33,,,,Less than one hour,,,observed,"Manual audit observation, wave 'audit2' (Round 4 ingestion, reports/04-historical.md Task A). Observed via the Send Money Pacific comparison site. amount_sent is a fixed 200 units of the origin currency, confirmed by arithmetic against amount_received/fee/rate across the wave, not assumed from a single row.",e13690f5b7e6794b2adc8a2994f5c0f5f67ef497e871bae2a208b31cad8bcc8b,archive/manual-audit-2023/2026/09/10/e13690f5b7e6794b2adc8a2994f5c0f5f67ef497e871bae2a208b31cad8bcc8b.json.gz,Original audit's own reported Cost_PP: 6.92 (methodology/benchmark undocumented in source -- not this project's NRBT benchmark). original audit benchmark (200 NZD->TOP): 291.14 (undocumented methodology).,,
e5919dc8-9de3-4d2d-b236-f78c47b92b39,manual-audit-2023-audit2-20260910T002305Z-356d2a48,,,2023-08-03T00:00:00+00:00,,,,manual_audit,devpolicy_manual_audit,https://sendmoneypacific.org/,manual_audit.2023_import,0.1.0,0.4,NZL,NZD,TON,TOP,200.0,,western-union,Western Union (Cash),Western Union,global_mto,,Western Union (Cash),Online,Cash,265.8,0.0,NZD,,1.33,,,,Same day,,,observed,"Manual audit observation, wave 'audit2' (Round 4 ingestion, reports/04-historical.md Task A). Observed via the Send Money Pacific comparison site. amount_sent is a fixed 200 units of the origin currency, confirmed by arithmetic against amount_received/fee/rate across the wave, not assumed from a single row.",e13690f5b7e6794b2adc8a2994f5c0f5f67ef497e871bae2a208b31cad8bcc8b,archive/manual-audit-2023/2026/09/10/e13690f5b7e6794b2adc8a2994f5c0f5f67ef497e871bae2a208b31cad8bcc8b.json.gz,Original audit's own reported Cost_PP: 7.06 (methodology/benchmark undocumented in source -- not this project's NRBT benchmark). original audit benchmark (200 NZD->TOP): 291.14 (undocumented methodology).,,
7dcf0bc2-dc75-4110-9db9-d8afabc003ed,manual-audit-2023-audit2-20260910T002305Z-356d2a48,,,2023-08-03T00:00:00+00:00,,,,manual_audit,devpolicy_manual_audit,https://sendmoneypacific.org/,manual_audit.2023_import,0.1.0,0.4,NZL,NZD,TON,TOP,200.0,,asb,ASB,ASB,bank,,ASB,Account,Account,225.45,30.0,NZD,,1.33,,,,2 days,,,observed,"Manual audit observation, wave 'audit2' (Round 4 ingestion, reports/04-historical.md Task A). Observed via the Send Money Pacific comparison site. amount_sent is a fixed 200 units of the origin currency, confirmed by arithmetic against amount_received/fee/rate across the wave, not assumed from a single row.",e13690f5b7e6794b2adc8a2994f5c0f5f67ef497e871bae2a208b31cad8bcc8b,archive/manual-audit-2023/2026/09/10/e13690f5b7e6794b2adc8a2994f5c0f5f67ef497e871bae2a208b31cad8bcc8b.json.gz,Original audit's own reported Cost_PP: 22.26 (methodology/benchmark undocumented in source -- not this project's NRBT benchmark). original audit benchmark (200 NZD->TOP): 291.14 (undocumented methodology).,,
2a6dd9b1-78a4-4b44-975a-1ac780f07cf9,manual-audit-2023-audit2-20260910T002305Z-356d2a48,,,2023-08-03T00:00:00+00:00,,,,manual_audit,devpolicy_manual_audit,https://saverpacific.com/,manual_audit.2023_import,0.1.0,0.4,NZL,NZD,TON,TOP,200.0,,ave-paanga-pau,Ave Paanga Pau,'Ave Pa'anga Pau,corridor_specialist,,Ave Paanga Pau,Prepaid,Account,280.4,0.0,NZD,,1.4,,,,Less than one hour,,,observed,"Manual audit observation, wave 'audit2' (Round 4 ingestion, reports/04-historical.md Task A). Observed via the Saver Pacific comparison site. amount_sent is a fixed 200 units of the origin currency, confirmed by arithmetic against amount_received/fee/rate across the wave, not assumed from a single row.",e13690f5b7e6794b2adc8a2994f5c0f5f67ef497e871bae2a208b31cad8bcc8b,archive/manual-audit-2023/2026/09/10/e13690f5b7e6794b2adc8a2994f5c0f5f67ef497e871bae2a208b31cad8bcc8b.json.gz,Original audit's own reported Cost_PP: 3.69 (methodology/benchmark undocumented in source -- not this project's NRBT benchmark). original audit benchmark (200 NZD->TOP): 291.14 (undocumented methodology).,,
7ee550e1-6f4d-4406-b0c0-ddaef561c512,manual-audit-2023-audit2-20260910T002305Z-356d2a48,,,2023-08-03T00:00:00+00:00,,,,manual_audit,devpolicy_manual_audit,https://saverpacific.com/,manual_audit.2023_import,0.1.0,0.4,NZL,NZD,TON,TOP,200.0,,imex,iMEX,IMEX Money Transfer,corridor_specialist,,iMEX,Account,Account/Cash/Mobile,280.0,0.0,NZD,,1.4,,,,Less than one hour,,,observed,"Manual audit observation, wave 'audit2' (Round 4 ingestion, reports/04-historical.md Task A). Observed via the Saver Pacific comparison site. amount_sent is a fixed 200 units of the origin currency, confirmed by arithmetic against amount_received/fee/rate across the wave, not assumed from a single row.",e13690f5b7e6794b2adc8a2994f5c0f5f67ef497e871bae2a208b31cad8bcc8b,archive/manual-audit-2023/2026/09/10/e13690f5b7e6794b2adc8a2994f5c0f5f67ef497e871bae2a208b31cad8bcc8b.json.gz,Original audit's own reported Cost_PP: 3.83 (methodology/benchmark undocumented in source -- not this project's NRBT benchmark). original audit benchmark (200 NZD->TOP): 291.14 (undocumented methodology).,,
8b63983d-f4e3-4712-853c-6acb4c4b8c7c,manual-audit-2023-audit2-20260910T002305Z-356d2a48,,,2023-08-03T00:00:00+00:00,,,,manual_audit,devpolicy_manual_audit,https://saverpacific.com/,manual_audit.2023_import,0.1.0,0.4,NZL,NZD,TON,TOP,200.0,,wantok-money,Wantok,WanTok Money,corridor_specialist,,Wantok,Account,Mobile,273.12,5.0,NZD,,1.4,,,,Less than one hour,,,observed,"Manual audit observation, wave 'audit2' (Round 4 ingestion, reports/04-historical.md Task A). Observed via the Saver Pacific comparison site. amount_sent is a fixed 200 units of the origin currency, confirmed by arithmetic against amount_received/fee/rate across the wave, not assumed from a single row.",e13690f5b7e6794b2adc8a2994f5c0f5f67ef497e871bae2a208b31cad8bcc8b,archive/manual-audit-2023/2026/09/10/e13690f5b7e6794b2adc8a2994f5c0f5f67ef497e871bae2a208b31cad8bcc8b.json.gz,Original audit's own reported Cost_PP: 6.19 (methodology/benchmark undocumented in source -- not this project's NRBT benchmark). original audit benchmark (200 NZD->TOP): 291.14 (undocumented methodology).,,
2cfbfc08-3c34-496e-a3e2-56677b32cd38,manual-audit-2023-audit2-20260910T002305Z-356d2a48,,,2023-08-03T00:00:00+00:00,,,,manual_audit,devpolicy_manual_audit,https://saverpacific.com/,manual_audit.2023_import,0.1.0,0.4,NZL,NZD,TON,TOP,200.0,,moneygram,Moneygram (Cash),MoneyGram,global_mto,,Moneygram (Cash),Account,Cash,275.16,4.0,NZD,,1.4,,,,Less than one hour,,,observed,"Manual audit observation, wave 'audit2' (Round 4 ingestion, reports/04-historical.md Task A). Observed via the Saver Pacific comparison site. amount_sent is a fixed 200 units of the origin currency, confirmed by arithmetic against amount_received/fee/rate across the wave, not assumed from a single row.",e13690f5b7e6794b2adc8a2994f5c0f5f67ef497e871bae2a208b31cad8bcc8b,archive/manual-audit-2023/2026/09/10/e13690f5b7e6794b2adc8a2994f5c0f5f67ef497e871bae2a208b31cad8bcc8b.json.gz,Original audit's own reported Cost_PP: 5.49 (methodology/benchmark undocumented in source -- not this project's NRBT benchmark). original audit benchmark (200 NZD->TOP): 291.14 (undocumented methodology).,,
522dc15b-de21-4c5f-8e07-71cd9b85745a,manual-audit-2023-audit2-20260910T002305Z-356d2a48,,,2023-08-03T00:00:00+00:00,,,,manual_audit,devpolicy_manual_audit,https://saverpacific.com/,manual_audit.2023_import,0.1.0,0.4,NZL,NZD,TON,TOP,200.0,,anz-new-zealand,ANZ,ANZ (New Zealand),bank,,ANZ,Account,Account,274.36,0.0,NZD,,1.37,,,,Next day,,,observed,"Manual audit observation, wave 'audit2' (Round 4 ingestion, reports/04-historical.md Task A). Observed via the Saver Pacific comparison site. amount_sent is a fixed 200 units of the origin currency, confirmed by arithmetic against amount_received/fee/rate across the wave, not assumed from a single row.",e13690f5b7e6794b2adc8a2994f5c0f5f67ef497e871bae2a208b31cad8bcc8b,archive/manual-audit-2023/2026/09/10/e13690f5b7e6794b2adc8a2994f5c0f5f67ef497e871bae2a208b31cad8bcc8b.json.gz,Original audit's own reported Cost_PP: 5.76 (methodology/benchmark undocumented in source -- not this project's NRBT benchmark). original audit benchmark (200 NZD->TOP): 291.14 (undocumented methodology).,,
8589537c-9543-4613-aec0-f08b660970d8,manual-audit-2023-audit2-20260910T002305Z-356d2a48,,,2023-08-03T00:00:00+00:00,,,,manual_audit,devpolicy_manual_audit,https://saverpacific.com/,manual_audit.2023_import,0.1.0,0.4,NZL,NZD,TON,TOP,200.0,,moneygram,Moneygram (Online),MoneyGram,global_mto,,Moneygram (Online),Account,Mobile,264.03,4.0,NZD,,1.35,,,,Same day,,,observed,"Manual audit observation, wave 'audit2' (Round 4 ingestion, reports/04-historical.md Task A). Observed via the Saver Pacific comparison site. amount_sent is a fixed 200 units of the origin currency, confirmed by arithmetic against amount_received/fee/rate across the wave, not assumed from a single row.",e13690f5b7e6794b2adc8a2994f5c0f5f67ef497e871bae2a208b31cad8bcc8b,archive/manual-audit-2023/2026/09/10/e13690f5b7e6794b2adc8a2994f5c0f5f67ef497e871bae2a208b31cad8bcc8b.json.gz,Original audit's own reported Cost_PP: 9.31 (methodology/benchmark undocumented in source -- not this project's NRBT benchmark). original audit benchmark (200 NZD->TOP): 291.14 (undocumented methodology).,,
3c22bc14-3484-4054-b06c-2b16319e6ca1,manual-audit-2023-audit2-20260910T002305Z-356d2a48,,,2023-08-03T00:00:00+00:00,,,,manual_audit,devpolicy_manual_audit,https://saverpacific.com/,manual_audit.2023_import,0.1.0,0.4,NZL,NZD,TON,TOP,200.0,,western-union,Western Union (Online),Western Union,global_mto,,Western Union (Online),Account,Mobile,269.68,0.0,NZD,,1.35,,,,Less than one hour,,,observed,"Manual audit observation, wave 'audit2' (Round 4 ingestion, reports/04-historical.md Task A). Observed via the Saver Pacific comparison site. amount_sent is a fixed 200 units of the origin currency, confirmed by arithmetic against amount_received/fee/rate across the wave, not assumed from a single row.",e13690f5b7e6794b2adc8a2994f5c0f5f67ef497e871bae2a208b31cad8bcc8b,archive/manual-audit-2023/2026/09/10/e13690f5b7e6794b2adc8a2994f5c0f5f67ef497e871bae2a208b31cad8bcc8b.json.gz,Original audit's own reported Cost_PP: 7.37 (methodology/benchmark undocumented in source -- not this project's NRBT benchmark). original audit benchmark (200 NZD->TOP): 291.14 (undocumented methodology).,,
a074105e-c7e7-409b-b63f-d0538c95d367,manual-audit-2023-audit2-20260910T002305Z-356d2a48,,,2023-08-03T00:00:00+00:00,,,,manual_audit,devpolicy_manual_audit,https://saverpacific.com/,manual_audit.2023_import,0.1.0,0.4,NZL,NZD,TON,TOP,200.0,,western-union,Western Union (Cash),Western Union,global_mto,,Western Union (Cash),Account,Cash,269.28,0.0,NZD,,1.35,,,,Less than one hour,,,observed,"Manual audit observation, wave 'audit2' (Round 4 ingestion, reports/04-historical.md Task A). Observed via the Saver Pacific comparison site. amount_sent is a fixed 200 units of the origin currency, confirmed by arithmetic against amount_received/fee/rate across the wave, not assumed from a single row.",e13690f5b7e6794b2adc8a2994f5c0f5f67ef497e871bae2a208b31cad8bcc8b,archive/manual-audit-2023/2026/09/10/e13690f5b7e6794b2adc8a2994f5c0f5f67ef497e871bae2a208b31cad8bcc8b.json.gz,Original audit's own reported Cost_PP: 7.51 (methodology/benchmark undocumented in source -- not this project's NRBT benchmark). original audit benchmark (200 NZD->TOP): 291.14 (undocumented methodology).,,
6476f2e8-cbca-419b-b4e7-66cbdca63ed6,manual-audit-2023-audit2-20260910T002305Z-356d2a48,,,2023-08-03T00:00:00+00:00,,,,manual_audit,devpolicy_manual_audit,https://saverpacific.com/,manual_audit.2023_import,0.1.0,0.4,NZL,NZD,TON,TOP,200.0,,kiwibank,Kiwi Bank,Kiwibank,bank,,Kiwi Bank,Account,Account,245.99,20.0,NZD,,1.37,,,,3 - 5 days,,,observed,"Manual audit observation, wave 'audit2' (Round 4 ingestion, reports/04-historical.md Task A). Observed via the Saver Pacific comparison site. amount_sent is a fixed 200 units of the origin currency, confirmed by arithmetic against amount_received/fee/rate across the wave, not assumed from a single row.",e13690f5b7e6794b2adc8a2994f5c0f5f67ef497e871bae2a208b31cad8bcc8b,archive/manual-audit-2023/2026/09/10/e13690f5b7e6794b2adc8a2994f5c0f5f67ef497e871bae2a208b31cad8bcc8b.json.gz,Original audit's own reported Cost_PP: 15.51 (methodology/benchmark undocumented in source -- not this project's NRBT benchmark). original audit benchmark (200 NZD->TOP): 291.14 (undocumented methodology).,,
28547787-631a-4406-ac33-3530c4a6c9b9,manual-audit-2023-audit2-20260910T002305Z-356d2a48,,,2023-08-04T00:00:00+00:00,,,,manual_audit,devpolicy_manual_audit,https://sendmoneypacific.org/,manual_audit.2023_import,0.1.0,0.4,AUS,AUD,TON,TOP,200.0,,ria-money-transfer,Ria,Ria Money Transfer,global_mto,,Ria,Account,Mobile,303.55,2.89,AUD,,1.54,,,,Less than one hour,,,observed,"Manual audit observation, wave 'audit2' (Round 4 ingestion, reports/04-historical.md Task A). Observed via the Send Money Pacific comparison site. amount_sent is a fixed 200 units of the origin currency, confirmed by arithmetic against amount_received/fee/rate across the wave, not assumed from a single row.",e13690f5b7e6794b2adc8a2994f5c0f5f67ef497e871bae2a208b31cad8bcc8b,archive/manual-audit-2023/2026/09/10/e13690f5b7e6794b2adc8a2994f5c0f5f67ef497e871bae2a208b31cad8bcc8b.json.gz,Original audit's own reported Cost_PP: 1.45 (methodology/benchmark undocumented in source -- not this project's NRBT benchmark). original audit benchmark (200 AUD->TOP): 316.82 (undocumented methodology).,,
42929fdb-ed3a-4ee8-a8ab-9a82b26f7345,manual-audit-2023-audit2-20260910T002305Z-356d2a48,,,2023-08-04T00:00:00+00:00,,,,manual_audit,devpolicy_manual_audit,https://sendmoneypacific.org/,manual_audit.2023_import,0.1.0,0.4,AUS,AUD,TON,TOP,200.0,,moneygram,Moneygram (Online),MoneyGram,global_mto,,Moneygram (Online),Account,Mobile,300.72,0.0,AUD,,1.5,,,,Next day,,,observed,"Manual audit observation, wave 'audit2' (Round 4 ingestion, reports/04-historical.md Task A). Observed via the Send Money Pacific comparison site. amount_sent is a fixed 200 units of the origin currency, confirmed by arithmetic against amount_received/fee/rate across the wave, not assumed from a single row.",e13690f5b7e6794b2adc8a2994f5c0f5f67ef497e871bae2a208b31cad8bcc8b,archive/manual-audit-2023/2026/09/10/e13690f5b7e6794b2adc8a2994f5c0f5f67ef497e871bae2a208b31cad8bcc8b.json.gz,Original audit's own reported Cost_PP: 2.36 (methodology/benchmark undocumented in source -- not this project's NRBT benchmark). original audit benchmark (200 AUD->TOP): 316.82 (undocumented methodology).,,
61e2f14e-a3e9-47ec-bb20-d591b67e2248,manual-audit-2023-audit2-20260910T002305Z-356d2a48,,,2023-08-04T00:00:00+00:00,,,,manual_audit,devpolicy_manual_audit,https://sendmoneypacific.org/,manual_audit.2023_import,0.1.0,0.4,AUS,AUD,TON,TOP,200.0,,ave-paanga-pau,Ave Paanga Pau,'Ave Pa'anga Pau,corridor_specialist,,Ave Paanga Pau,Prepaid,Account,301.3,0.0,AUD,,1.51,,,,Less than one hour,,,observed,"Manual audit observation, wave 'audit2' (Round 4 ingestion, reports/04-historical.md Task A). Observed via the Send Money Pacific comparison site. amount_sent is a fixed 200 units of the origin currency, confirmed by arithmetic against amount_received/fee/rate across the wave, not assumed from a single row.",e13690f5b7e6794b2adc8a2994f5c0f5f67ef497e871bae2a208b31cad8bcc8b,archive/manual-audit-2023/2026/09/10/e13690f5b7e6794b2adc8a2994f5c0f5f67ef497e871bae2a208b31cad8bcc8b.json.gz,Original audit's own reported Cost_PP: 2.18 (methodology/benchmark undocumented in source -- not this project's NRBT benchmark). original audit benchmark (200 AUD->TOP): 316.82 (undocumented methodology).,,
f718592e-72c3-4654-8605-b55dc57aa75e,manual-audit-2023-audit2-20260910T002305Z-356d2a48,,,2023-08-04T00:00:00+00:00,,,,manual_audit,devpolicy_manual_audit,https://sendmoneypacific.org/,manual_audit.2023_import,0.1.0,0.4,AUS,AUD,TON,TOP,200.0,,anz-australia,ANZ,ANZ (Australia),bank,,ANZ,Online,Account,296.6,0.0,AUD,,1.48,,,,2 days,,,observed,"Manual audit observation, wave 'audit2' (Round 4 ingestion, reports/04-historical.md Task A). Observed via the Send Money Pacific comparison site. amount_sent is a fixed 200 units of the origin currency, confirmed by arithmetic against amount_received/fee/rate across the wave, not assumed from a single row.",e13690f5b7e6794b2adc8a2994f5c0f5f67ef497e871bae2a208b31cad8bcc8b,archive/manual-audit-2023/2026/09/10/e13690f5b7e6794b2adc8a2994f5c0f5f67ef497e871bae2a208b31cad8bcc8b.json.gz,Original audit's own reported Cost_PP: 3.7 (methodology/benchmark undocumented in source -- not this project's NRBT benchmark). original audit benchmark (200 AUD->TOP): 316.82 (undocumented methodology).,,
791caed0-86c9-4090-affd-a7ee3046b4e8,manual-audit-2023-audit2-20260910T002305Z-356d2a48,,,2023-08-04T00:00:00+00:00,,,,manual_audit,devpolicy_manual_audit,https://sendmoneypacific.org/,manual_audit.2023_import,0.1.0,0.4,AUS,AUD,TON,TOP,200.0,,klickex,KlickEX,KlickEx,corridor_specialist,,KlickEX,Account,Mobile,296.77,5.0,AUD,,1.52,,,,Instant,,,observed,"Manual audit observation, wave 'audit2' (Round 4 ingestion, reports/04-historical.md Task A). Observed via the Send Money Pacific comparison site. amount_sent is a fixed 200 units of the origin currency, confirmed by arithmetic against amount_received/fee/rate across the wave, not assumed from a single row.",e13690f5b7e6794b2adc8a2994f5c0f5f67ef497e871bae2a208b31cad8bcc8b,archive/manual-audit-2023/2026/09/10/e13690f5b7e6794b2adc8a2994f5c0f5f67ef497e871bae2a208b31cad8bcc8b.json.gz,Original audit's own reported Cost_PP: 3.68 (methodology/benchmark undocumented in source -- not this project's NRBT benchmark). original audit benchmark (200 AUD->TOP): 316.82 (undocumented methodology).,,
ac0adc99-a219-4aec-81d8-d128e5ab53a0,manual-audit-2023-audit2-20260910T002305Z-356d2a48,,,2023-08-04T00:00:00+00:00,,,,manual_audit,devpolicy_manual_audit,https://sendmoneypacific.org/,manual_audit.2023_import,0.1.0,0.4,AUS,AUD,TON,TOP,200.0,,moneygram,Moneygram (Cash),MoneyGram,global_mto,,Moneygram (Cash),Account,Cash,292.36,2.99,AUD,,1.48,,,,Less than one hour,,,observed,"Manual audit observation, wave 'audit2' (Round 4 ingestion, reports/04-historical.md Task A). Observed via the Send Money Pacific comparison site. amount_sent is a fixed 200 units of the origin currency, confirmed by arithmetic against amount_received/fee/rate across the wave, not assumed from a single row.",e13690f5b7e6794b2adc8a2994f5c0f5f67ef497e871bae2a208b31cad8bcc8b,archive/manual-audit-2023/2026/09/10/e13690f5b7e6794b2adc8a2994f5c0f5f67ef497e871bae2a208b31cad8bcc8b.json.gz,Original audit's own reported Cost_PP: 5.13 (methodology/benchmark undocumented in source -- not this project's NRBT benchmark). original audit benchmark (200 AUD->TOP): 316.82 (undocumented methodology).,,
13e390b0-82c6-470c-9ef2-9ccaaffd1b52,manual-audit-2023-audit2-20260910T002305Z-356d2a48,,,2023-08-04T00:00:00+00:00,,,,manual_audit,devpolicy_manual_audit,https://sendmoneypacific.org/,manual_audit.2023_import,0.1.0,0.4,AUS,AUD,TON,TOP,200.0,,western-union,Western Union (Online),Western Union,global_mto,,Western Union (Online),Cash,Cash,286.94,5.0,AUD,,1.47,,,,Instant,,,observed,"Manual audit observation, wave 'audit2' (Round 4 ingestion, reports/04-historical.md Task A). Observed via the Send Money Pacific comparison site. amount_sent is a fixed 200 units of the origin currency, confirmed by arithmetic against amount_received/fee/rate across the wave, not assumed from a single row.",e13690f5b7e6794b2adc8a2994f5c0f5f67ef497e871bae2a208b31cad8bcc8b,archive/manual-audit-2023/2026/09/10/e13690f5b7e6794b2adc8a2994f5c0f5f67ef497e871bae2a208b31cad8bcc8b.json.gz,Original audit's own reported Cost_PP: 6.95 (methodology/benchmark undocumented in source -- not this project's NRBT benchmark). original audit benchmark (200 AUD->TOP): 316.82 (undocumented methodology).,,
98b1dd14-7e6f-4d48-9145-e674520e1c37,manual-audit-2023-audit2-20260910T002305Z-356d2a48,,,2023-08-04T00:00:00+00:00,,,,manual_audit,devpolicy_manual_audit,https://sendmoneypacific.org/,manual_audit.2023_import,0.1.0,0.4,AUS,AUD,TON,TOP,200.0,,western-union,Western Union (Cash),Western Union,global_mto,,Western Union (Cash),Online,Mobile,283.94,0.0,AUD,,1.42,,,,Instant,,,observed,"Manual audit observation, wave 'audit2' (Round 4 ingestion, reports/04-historical.md Task A). Observed via the Send Money Pacific comparison site. amount_sent is a fixed 200 units of the origin currency, confirmed by arithmetic against amount_received/fee/rate across the wave, not assumed from a single row.",e13690f5b7e6794b2adc8a2994f5c0f5f67ef497e871bae2a208b31cad8bcc8b,archive/manual-audit-2023/2026/09/10/e13690f5b7e6794b2adc8a2994f5c0f5f67ef497e871bae2a208b31cad8bcc8b.json.gz,Original audit's own reported Cost_PP: 7.81 (methodology/benchmark undocumented in source -- not this project's NRBT benchmark). original audit benchmark (200 AUD->TOP): 316.82 (undocumented methodology).,,
aafb06d0-1763-4d34-87e9-4c14765fc002,manual-audit-2023-audit2-20260910T002305Z-356d2a48,,,2023-08-04T00:00:00+00:00,,,,manual_audit,devpolicy_manual_audit,https://sendmoneypacific.org/,manual_audit.2023_import,0.1.0,0.4,AUS,AUD,TON,TOP,200.0,,nab,NAB,National Australia Bank,bank,,NAB,Online,Account,240.99,30.0,AUD,,1.42,,,,3 days,,,observed,"Manual audit observation, wave 'audit2' (Round 4 ingestion, reports/04-historical.md Task A). Observed via the Send Money Pacific comparison site. amount_sent is a fixed 200 units of the origin currency, confirmed by arithmetic against amount_received/fee/rate across the wave, not assumed from a single row.",e13690f5b7e6794b2adc8a2994f5c0f5f67ef497e871bae2a208b31cad8bcc8b,archive/manual-audit-2023/2026/09/10/e13690f5b7e6794b2adc8a2994f5c0f5f67ef497e871bae2a208b31cad8bcc8b.json.gz,Original audit's own reported Cost_PP: 22.95 (methodology/benchmark undocumented in source -- not this project's NRBT benchmark). original audit benchmark (200 AUD->TOP): 316.82 (undocumented methodology).,,
d8d7d495-0ef5-4aab-aae0-e848f3adae9c,manual-audit-2023-audit2-20260910T002305Z-356d2a48,,,2023-08-04T00:00:00+00:00,,,,manual_audit,devpolicy_manual_audit,https://saverpacific.com/,manual_audit.2023_import,0.1.0,0.4,AUS,AUD,TON,TOP,200.0,,ria-money-transfer,Ria,Ria Money Transfer,global_mto,,Ria,Account,Mobile,313.4,2.89,AUD,,1.59,,,,Less than one hour,,,observed,"Manual audit observation, wave 'audit2' (Round 4 ingestion, reports/04-historical.md Task A). Observed via the Saver Pacific comparison site. amount_sent is a fixed 200 units of the origin currency, confirmed by arithmetic against amount_received/fee/rate across the wave, not assumed from a single row.",e13690f5b7e6794b2adc8a2994f5c0f5f67ef497e871bae2a208b31cad8bcc8b,archive/manual-audit-2023/2026/09/10/e13690f5b7e6794b2adc8a2994f5c0f5f67ef497e871bae2a208b31cad8bcc8b.json.gz,Original audit's own reported Cost_PP: 1.08 (methodology/benchmark undocumented in source -- not this project's NRBT benchmark). original audit benchmark (200 AUD->TOP): 316.82 (undocumented methodology).,,
2ac498c7-a291-494b-8db7-a81d2f053b1f,manual-audit-2023-audit2-20260910T002305Z-356d2a48,,,2023-08-04T00:00:00+00:00,,,,manual_audit,devpolicy_manual_audit,https://saverpacific.com/,manual_audit.2023_import,0.1.0,0.4,AUS,AUD,TON,TOP,200.0,,ave-paanga-pau,Ave Paanga Pau,'Ave Pa'anga Pau,corridor_specialist,,Ave Paanga Pau,Prepaid,Account,308.6,0.0,AUD,,1.54,,,,Next day,,,observed,"Manual audit observation, wave 'audit2' (Round 4 ingestion, reports/04-historical.md Task A). Observed via the Saver Pacific comparison site. amount_sent is a fixed 200 units of the origin currency, confirmed by arithmetic against amount_received/fee/rate across the wave, not assumed from a single row.",e13690f5b7e6794b2adc8a2994f5c0f5f67ef497e871bae2a208b31cad8bcc8b,archive/manual-audit-2023/2026/09/10/e13690f5b7e6794b2adc8a2994f5c0f5f67ef497e871bae2a208b31cad8bcc8b.json.gz,Original audit's own reported Cost_PP: 2.59 (methodology/benchmark undocumented in source -- not this project's NRBT benchmark). original audit benchmark (200 AUD->TOP): 316.82 (undocumented methodology).,,
785b8cd0-7b16-448f-bb97-dde88337ddec,manual-audit-2023-audit2-20260910T002305Z-356d2a48,,,2023-08-04T00:00:00+00:00,,,,manual_audit,devpolicy_manual_audit,https://saverpacific.com/,manual_audit.2023_import,0.1.0,0.4,AUS,AUD,TON,TOP,200.0,,moneygram,Moneygram (Online),MoneyGram,global_mto,,Moneygram (Online),Account,Mobile,309.1,0.0,AUD,,1.55,,,,Same day,,,observed,"Manual audit observation, wave 'audit2' (Round 4 ingestion, reports/04-historical.md Task A). Observed via the Saver Pacific comparison site. amount_sent is a fixed 200 units of the origin currency, confirmed by arithmetic against amount_received/fee/rate across the wave, not assumed from a single row.",e13690f5b7e6794b2adc8a2994f5c0f5f67ef497e871bae2a208b31cad8bcc8b,archive/manual-audit-2023/2026/09/10/e13690f5b7e6794b2adc8a2994f5c0f5f67ef497e871bae2a208b31cad8bcc8b.json.gz,Original audit's own reported Cost_PP: 2.44 (methodology/benchmark undocumented in source -- not this project's NRBT benchmark). original audit benchmark (200 AUD->TOP): 316.82 (undocumented methodology).,,
9fbaf20d-6686-43c4-bb40-2bc21b6de3b5,manual-audit-2023-audit2-20260910T002305Z-356d2a48,,,2023-08-04T00:00:00+00:00,,,,manual_audit,devpolicy_manual_audit,https://saverpacific.com/,manual_audit.2023_import,0.1.0,0.4,AUS,AUD,TON,TOP,200.0,,anz-australia,ANZ,ANZ (Australia),bank,,ANZ,Online,Account,296.54,0.0,AUD,,1.48,,,,2 days,,,observed,"Manual audit observation, wave 'audit2' (Round 4 ingestion, reports/04-historical.md Task A). Observed via the Saver Pacific comparison site. amount_sent is a fixed 200 units of the origin currency, confirmed by arithmetic against amount_received/fee/rate across the wave, not assumed from a single row.",e13690f5b7e6794b2adc8a2994f5c0f5f67ef497e871bae2a208b31cad8bcc8b,archive/manual-audit-2023/2026/09/10/e13690f5b7e6794b2adc8a2994f5c0f5f67ef497e871bae2a208b31cad8bcc8b.json.gz,Original audit's own reported Cost_PP: 4.98 (methodology/benchmark undocumented in source -- not this project's NRBT benchmark). original audit benchmark (200 AUD->TOP): 312.08 (undocumented methodology).,,
d01a4c79-5be6-46de-883c-aa98af1a33f8,manual-audit-2023-audit2-20260910T002305Z-356d2a48,,,2023-08-04T00:00:00+00:00,,,,manual_audit,devpolicy_manual_audit,https://saverpacific.com/,manual_audit.2023_import,0.1.0,0.4,AUS,AUD,TON,TOP,200.0,,wantok-money,Wantok,WanTok Money,corridor_specialist,,Wantok,Account,Mobile,299.13,5.0,AUD,,1.53,,,,Less than one hour,,,observed,"Manual audit observation, wave 'audit2' (Round 4 ingestion, reports/04-historical.md Task A). Observed via the Saver Pacific comparison site. amount_sent is a fixed 200 units of the origin currency, confirmed by arithmetic against amount_received/fee/rate across the wave, not assumed from a single row.",e13690f5b7e6794b2adc8a2994f5c0f5f67ef497e871bae2a208b31cad8bcc8b,archive/manual-audit-2023/2026/09/10/e13690f5b7e6794b2adc8a2994f5c0f5f67ef497e871bae2a208b31cad8bcc8b.json.gz,Original audit's own reported Cost_PP: 5.58 (methodology/benchmark undocumented in source -- not this project's NRBT benchmark). original audit benchmark (200 AUD->TOP): 316.82 (undocumented methodology).,,
f0b9673e-d592-4b46-bd2c-d824369a457a,manual-audit-2023-audit2-20260910T002305Z-356d2a48,,,2023-08-04T00:00:00+00:00,,,,manual_audit,devpolicy_manual_audit,https://saverpacific.com/,manual_audit.2023_import,0.1.0,0.4,AUS,AUD,TON,TOP,200.0,,moneygram,Moneygram (Cash),MoneyGram,global_mto,,Moneygram (Cash),Account,Cash,300.66,2.99,AUD,,1.53,,,,Less than one hour,,,observed,"Manual audit observation, wave 'audit2' (Round 4 ingestion, reports/04-historical.md Task A). Observed via the Saver Pacific comparison site. amount_sent is a fixed 200 units of the origin currency, confirmed by arithmetic against amount_received/fee/rate across the wave, not assumed from a single row.",e13690f5b7e6794b2adc8a2994f5c0f5f67ef497e871bae2a208b31cad8bcc8b,archive/manual-audit-2023/2026/09/10/e13690f5b7e6794b2adc8a2994f5c0f5f67ef497e871bae2a208b31cad8bcc8b.json.gz,Original audit's own reported Cost_PP: 5.1 (methodology/benchmark undocumented in source -- not this project's NRBT benchmark). original audit benchmark (200 AUD->TOP): 316.82 (undocumented methodology).,,
ce5ed99f-603a-43c0-a3b4-0780875c18e2,manual-audit-2023-audit2-20260910T002305Z-356d2a48,,,2023-08-04T00:00:00+00:00,,,,manual_audit,devpolicy_manual_audit,https://saverpacific.com/,manual_audit.2023_import,0.1.0,0.4,AUS,AUD,TON,TOP,200.0,,western-union,Western Union (Online),Western Union,global_mto,,Western Union (Online),Cash,Cash,294.92,5.0,AUD,,1.51,,,,Instant,,,observed,"Manual audit observation, wave 'audit2' (Round 4 ingestion, reports/04-historical.md Task A). Observed via the Saver Pacific comparison site. amount_sent is a fixed 200 units of the origin currency, confirmed by arithmetic against amount_received/fee/rate across the wave, not assumed from a single row.",e13690f5b7e6794b2adc8a2994f5c0f5f67ef497e871bae2a208b31cad8bcc8b,archive/manual-audit-2023/2026/09/10/e13690f5b7e6794b2adc8a2994f5c0f5f67ef497e871bae2a208b31cad8bcc8b.json.gz,Original audit's own reported Cost_PP: 6.91 (methodology/benchmark undocumented in source -- not this project's NRBT benchmark). original audit benchmark (200 AUD->TOP): 316.82 (undocumented methodology).,,
b3db2433-b3e1-4792-a87b-622039a143ed,manual-audit-2023-audit2-20260910T002305Z-356d2a48,,,2023-08-04T00:00:00+00:00,,,,manual_audit,devpolicy_manual_audit,https://saverpacific.com/,manual_audit.2023_import,0.1.0,0.4,AUS,AUD,TON,TOP,200.0,,western-union,Western Union (Cash),Western Union,global_mto,,Western Union (Cash),Online,Mobile,294.6,0.0,AUD,,1.47,,,,Instant,,,observed,"Manual audit observation, wave 'audit2' (Round 4 ingestion, reports/04-historical.md Task A). Observed via the Saver Pacific comparison site. amount_sent is a fixed 200 units of the origin currency, confirmed by arithmetic against amount_received/fee/rate across the wave, not assumed from a single row.",e13690f5b7e6794b2adc8a2994f5c0f5f67ef497e871bae2a208b31cad8bcc8b,archive/manual-audit-2023/2026/09/10/e13690f5b7e6794b2adc8a2994f5c0f5f67ef497e871bae2a208b31cad8bcc8b.json.gz,Original audit's own reported Cost_PP: 7.01 (methodology/benchmark undocumented in source -- not this project's NRBT benchmark). original audit benchmark (200 AUD->TOP): 316.82 (undocumented methodology).,,
adea8e1e-d437-4bc5-849c-338604531506,manual-audit-2023-audit2-20260910T002305Z-356d2a48,,,2023-08-04T00:00:00+00:00,,,,manual_audit,devpolicy_manual_audit,https://saverpacific.com/,manual_audit.2023_import,0.1.0,0.4,AUS,AUD,TON,TOP,200.0,,ofx,OFX,OFX,global_mto,,OFX,Account,Account,261.76,15.0,AUD,,1.41,,,,3 - 5 days,,,observed,"Manual audit observation, wave 'audit2' (Round 4 ingestion, reports/04-historical.md Task A). Observed via the Saver Pacific comparison site. amount_sent is a fixed 200 units of the origin currency, confirmed by arithmetic against amount_received/fee/rate across the wave, not assumed from a single row.",e13690f5b7e6794b2adc8a2994f5c0f5f67ef497e871bae2a208b31cad8bcc8b,archive/manual-audit-2023/2026/09/10/e13690f5b7e6794b2adc8a2994f5c0f5f67ef497e871bae2a208b31cad8bcc8b.json.gz,Original audit's own reported Cost_PP: 16.12 (methodology/benchmark undocumented in source -- not this project's NRBT benchmark). original audit benchmark (200 AUD->TOP): 312.08 (undocumented methodology).,,
eb209dca-ee3a-4e14-8080-b176a81f346a,manual-audit-2023-audit2-20260910T002305Z-356d2a48,,,2023-08-04T00:00:00+00:00,,,,manual_audit,devpolicy_manual_audit,https://sendmoneypacific.org/,manual_audit.2023_import,0.1.0,0.4,NZL,NZD,TON,TOP,200.0,,ave-paanga-pau,Ave Paanga Pau,'Ave Pa'anga Pau,corridor_specialist,,Ave Paanga Pau,Prepaid,Account,278.48,0.0,NZD,,1.39,,,,Less than one hour,,,observed,"Manual audit observation, wave 'audit2' (Round 4 ingestion, reports/04-historical.md Task A). Observed via the Send Money Pacific comparison site. amount_sent is a fixed 200 units of the origin currency, confirmed by arithmetic against amount_received/fee/rate across the wave, not assumed from a single row.",e13690f5b7e6794b2adc8a2994f5c0f5f67ef497e871bae2a208b31cad8bcc8b,archive/manual-audit-2023/2026/09/10/e13690f5b7e6794b2adc8a2994f5c0f5f67ef497e871bae2a208b31cad8bcc8b.json.gz,Original audit's own reported Cost_PP: 2.63 (methodology/benchmark undocumented in source -- not this project's NRBT benchmark). original audit benchmark (200 NZD->TOP): 291.14 (undocumented methodology).,,
ff0f1a37-1463-4231-8428-598dd596bf62,manual-audit-2023-audit2-20260910T002305Z-356d2a48,,,2023-08-04T00:00:00+00:00,,,,manual_audit,devpolicy_manual_audit,https://sendmoneypacific.org/,manual_audit.2023_import,0.1.0,0.4,NZL,NZD,TON,TOP,200.0,,anz-new-zealand,ANZ,ANZ (New Zealand),bank,,ANZ,Online,Account,274.72,0.0,NZD,,1.37,,,,2 days,,,observed,"Manual audit observation, wave 'audit2' (Round 4 ingestion, reports/04-historical.md Task A). Observed via the Send Money Pacific comparison site. amount_sent is a fixed 200 units of the origin currency, confirmed by arithmetic against amount_received/fee/rate across the wave, not assumed from a single row.",e13690f5b7e6794b2adc8a2994f5c0f5f67ef497e871bae2a208b31cad8bcc8b,archive/manual-audit-2023/2026/09/10/e13690f5b7e6794b2adc8a2994f5c0f5f67ef497e871bae2a208b31cad8bcc8b.json.gz,Original audit's own reported Cost_PP: 3.94 (methodology/benchmark undocumented in source -- not this project's NRBT benchmark). original audit benchmark (200 NZD->TOP): 291.14 (undocumented methodology).,,
65391ec4-302a-42e0-9a8f-4633c9986b08,manual-audit-2023-audit2-20260910T002305Z-356d2a48,,,2023-08-04T00:00:00+00:00,,,,manual_audit,devpolicy_manual_audit,https://sendmoneypacific.org/,manual_audit.2023_import,0.1.0,0.4,NZL,NZD,TON,TOP,200.0,,klickex,KlickEX,KlickEx,corridor_specialist,,KlickEX,Account,Mobile,273.19,5.0,NZD,,1.4,,,,Instant,,,observed,"Manual audit observation, wave 'audit2' (Round 4 ingestion, reports/04-historical.md Task A). Observed via the Send Money Pacific comparison site. amount_sent is a fixed 200 units of the origin currency, confirmed by arithmetic against amount_received/fee/rate across the wave, not assumed from a single row.",e13690f5b7e6794b2adc8a2994f5c0f5f67ef497e871bae2a208b31cad8bcc8b,archive/manual-audit-2023/2026/09/10/e13690f5b7e6794b2adc8a2994f5c0f5f67ef497e871bae2a208b31cad8bcc8b.json.gz,Original audit's own reported Cost_PP: 4.53 (methodology/benchmark undocumented in source -- not this project's NRBT benchmark). original audit benchmark (200 NZD->TOP): 291.14 (undocumented methodology).,,
26692d67-a5a0-4e07-841d-2ae51752d8c9,manual-audit-2023-audit2-20260910T002305Z-356d2a48,,,2023-08-04T00:00:00+00:00,,,,manual_audit,devpolicy_manual_audit,https://sendmoneypacific.org/,manual_audit.2023_import,0.1.0,0.4,NZL,NZD,TON,TOP,200.0,,wantok-money,Wantok,WanTok Money,corridor_specialist,,Wantok,Account,Mobile,271.58,5.0,NZD,,1.39,,,,Instant,,,observed,"Manual audit observation, wave 'audit2' (Round 4 ingestion, reports/04-historical.md Task A). Observed via the Send Money Pacific comparison site. amount_sent is a fixed 200 units of the origin currency, confirmed by arithmetic against amount_received/fee/rate across the wave, not assumed from a single row.",e13690f5b7e6794b2adc8a2994f5c0f5f67ef497e871bae2a208b31cad8bcc8b,archive/manual-audit-2023/2026/09/10/e13690f5b7e6794b2adc8a2994f5c0f5f67ef497e871bae2a208b31cad8bcc8b.json.gz,Original audit's own reported Cost_PP: 5.11 (methodology/benchmark undocumented in source -- not this project's NRBT benchmark). original audit benchmark (200 NZD->TOP): 291.14 (undocumented methodology).,,
afb38755-dabe-4f8b-ad7f-e65e85159d4d,manual-audit-2023-audit2-20260910T002305Z-356d2a48,,,2023-08-04T00:00:00+00:00,,,,manual_audit,devpolicy_manual_audit,https://sendmoneypacific.org/,manual_audit.2023_import,0.1.0,0.4,NZL,NZD,TON,TOP,200.0,,moneygram,Moneygram (Cash),MoneyGram,global_mto,,Moneygram (Cash),Account,Cash,270.5,4.0,NZD,,1.38,,,,Less than one hour,,,observed,"Manual audit observation, wave 'audit2' (Round 4 ingestion, reports/04-historical.md Task A). Observed via the Send Money Pacific comparison site. amount_sent is a fixed 200 units of the origin currency, confirmed by arithmetic against amount_received/fee/rate across the wave, not assumed from a single row.",e13690f5b7e6794b2adc8a2994f5c0f5f67ef497e871bae2a208b31cad8bcc8b,archive/manual-audit-2023/2026/09/10/e13690f5b7e6794b2adc8a2994f5c0f5f67ef497e871bae2a208b31cad8bcc8b.json.gz,Original audit's own reported Cost_PP: 5.49 (methodology/benchmark undocumented in source -- not this project's NRBT benchmark). original audit benchmark (200 NZD->TOP): 291.14 (undocumented methodology).,,
e7933c99-74e3-4b14-96ec-0854cd1a30a9,manual-audit-2023-audit2-20260910T002305Z-356d2a48,,,2023-08-04T00:00:00+00:00,,,,manual_audit,devpolicy_manual_audit,https://sendmoneypacific.org/,manual_audit.2023_import,0.1.0,0.4,NZL,NZD,TON,TOP,200.0,,moneygram,Moneygram (Online),MoneyGram,global_mto,,Moneygram (Online),Account,Mobile,259.56,4.0,NZD,,1.32,,,,Less than one hour,,,observed,"Manual audit observation, wave 'audit2' (Round 4 ingestion, reports/04-historical.md Task A). Observed via the Send Money Pacific comparison site. amount_sent is a fixed 200 units of the origin currency, confirmed by arithmetic against amount_received/fee/rate across the wave, not assumed from a single row.",e13690f5b7e6794b2adc8a2994f5c0f5f67ef497e871bae2a208b31cad8bcc8b,archive/manual-audit-2023/2026/09/10/e13690f5b7e6794b2adc8a2994f5c0f5f67ef497e871bae2a208b31cad8bcc8b.json.gz,Original audit's own reported Cost_PP: 9.39 (methodology/benchmark undocumented in source -- not this project's NRBT benchmark). original audit benchmark (200 NZD->TOP): 291.14 (undocumented methodology).,,
b5f58290-a4e0-4692-9023-120f069d2882,manual-audit-2023-audit2-20260910T002305Z-356d2a48,,,2023-08-04T00:00:00+00:00,,,,manual_audit,devpolicy_manual_audit,https://sendmoneypacific.org/,manual_audit.2023_import,0.1.0,0.4,NZL,NZD,TON,TOP,200.0,,western-union,Western Union (Online),Western Union,global_mto,,Western Union (Online),Online,Mobile,266.2,0.0,NZD,,1.33,,,,Less than one hour,,,observed,"Manual audit observation, wave 'audit2' (Round 4 ingestion, reports/04-historical.md Task A). Observed via the Send Money Pacific comparison site. amount_sent is a fixed 200 units of the origin currency, confirmed by arithmetic against amount_received/fee/rate across the wave, not assumed from a single row.",e13690f5b7e6794b2adc8a2994f5c0f5f67ef497e871bae2a208b31cad8bcc8b,archive/manual-audit-2023/2026/09/10/e13690f5b7e6794b2adc8a2994f5c0f5f67ef497e871bae2a208b31cad8bcc8b.json.gz,Original audit's own reported Cost_PP: 6.92 (methodology/benchmark undocumented in source -- not this project's NRBT benchmark). original audit benchmark (200 NZD->TOP): 291.14 (undocumented methodology).,,
24c676b3-8a98-4f2b-afe2-01b286f27bb2,manual-audit-2023-audit2-20260910T002305Z-356d2a48,,,2023-08-04T00:00:00+00:00,,,,manual_audit,devpolicy_manual_audit,https://sendmoneypacific.org/,manual_audit.2023_import,0.1.0,0.4,NZL,NZD,TON,TOP,200.0,,western-union,Western Union (Cash),Western Union,global_mto,,Western Union (Cash),Online,Cash,265.8,0.0,NZD,,1.33,,,,Same day,,,observed,"Manual audit observation, wave 'audit2' (Round 4 ingestion, reports/04-historical.md Task A). Observed via the Send Money Pacific comparison site. amount_sent is a fixed 200 units of the origin currency, confirmed by arithmetic against amount_received/fee/rate across the wave, not assumed from a single row.",e13690f5b7e6794b2adc8a2994f5c0f5f67ef497e871bae2a208b31cad8bcc8b,archive/manual-audit-2023/2026/09/10/e13690f5b7e6794b2adc8a2994f5c0f5f67ef497e871bae2a208b31cad8bcc8b.json.gz,Original audit's own reported Cost_PP: 7.06 (methodology/benchmark undocumented in source -- not this project's NRBT benchmark). original audit benchmark (200 NZD->TOP): 291.14 (undocumented methodology).,,
0d4fca77-f59c-4241-ac31-a9af50eb0b89,manual-audit-2023-audit2-20260910T002305Z-356d2a48,,,2023-08-04T00:00:00+00:00,,,,manual_audit,devpolicy_manual_audit,https://sendmoneypacific.org/,manual_audit.2023_import,0.1.0,0.4,NZL,NZD,TON,TOP,200.0,,asb,ASB,ASB,bank,,ASB,Account,Account,225.45,30.0,NZD,,1.33,,,,2 days,,,observed,"Manual audit observation, wave 'audit2' (Round 4 ingestion, reports/04-historical.md Task A). Observed via the Send Money Pacific comparison site. amount_sent is a fixed 200 units of the origin currency, confirmed by arithmetic against amount_received/fee/rate across the wave, not assumed from a single row.",e13690f5b7e6794b2adc8a2994f5c0f5f67ef497e871bae2a208b31cad8bcc8b,archive/manual-audit-2023/2026/09/10/e13690f5b7e6794b2adc8a2994f5c0f5f67ef497e871bae2a208b31cad8bcc8b.json.gz,Original audit's own reported Cost_PP: 22.26 (methodology/benchmark undocumented in source -- not this project's NRBT benchmark). original audit benchmark (200 NZD->TOP): 291.14 (undocumented methodology).,,
a53914a5-abf8-4fc3-891b-739beee2911c,manual-audit-2023-audit2-20260910T002305Z-356d2a48,,,2023-08-04T00:00:00+00:00,,,,manual_audit,devpolicy_manual_audit,https://saverpacific.com/,manual_audit.2023_import,0.1.0,0.4,NZL,NZD,TON,TOP,200.0,,ave-paanga-pau,Ave Paanga Pau,'Ave Pa'anga Pau,corridor_specialist,,Ave Paanga Pau,Prepaid,Account,280.4,0.0,NZD,,1.4,,,,Less than one hour,,,observed,"Manual audit observation, wave 'audit2' (Round 4 ingestion, reports/04-historical.md Task A). Observed via the Saver Pacific comparison site. amount_sent is a fixed 200 units of the origin currency, confirmed by arithmetic against amount_received/fee/rate across the wave, not assumed from a single row.",e13690f5b7e6794b2adc8a2994f5c0f5f67ef497e871bae2a208b31cad8bcc8b,archive/manual-audit-2023/2026/09/10/e13690f5b7e6794b2adc8a2994f5c0f5f67ef497e871bae2a208b31cad8bcc8b.json.gz,Original audit's own reported Cost_PP: 3.69 (methodology/benchmark undocumented in source -- not this project's NRBT benchmark). original audit benchmark (200 NZD->TOP): 291.14 (undocumented methodology).,,
a96fee4c-fc18-442e-92c7-25155dd2929e,manual-audit-2023-audit2-20260910T002305Z-356d2a48,,,2023-08-04T00:00:00+00:00,,,,manual_audit,devpolicy_manual_audit,https://saverpacific.com/,manual_audit.2023_import,0.1.0,0.4,NZL,NZD,TON,TOP,200.0,,imex,iMEX,IMEX Money Transfer,corridor_specialist,,iMEX,Account,Account/Cash/Mobile,280.0,0.0,NZD,,1.4,,,,Less than one hour,,,observed,"Manual audit observation, wave 'audit2' (Round 4 ingestion, reports/04-historical.md Task A). Observed via the Saver Pacific comparison site. amount_sent is a fixed 200 units of the origin currency, confirmed by arithmetic against amount_received/fee/rate across the wave, not assumed from a single row.",e13690f5b7e6794b2adc8a2994f5c0f5f67ef497e871bae2a208b31cad8bcc8b,archive/manual-audit-2023/2026/09/10/e13690f5b7e6794b2adc8a2994f5c0f5f67ef497e871bae2a208b31cad8bcc8b.json.gz,Original audit's own reported Cost_PP: 3.83 (methodology/benchmark undocumented in source -- not this project's NRBT benchmark). original audit benchmark (200 NZD->TOP): 291.14 (undocumented methodology).,,
604b7c6a-e6bd-49fa-8c42-398dd8b47822,manual-audit-2023-audit2-20260910T002305Z-356d2a48,,,2023-08-04T00:00:00+00:00,,,,manual_audit,devpolicy_manual_audit,https://saverpacific.com/,manual_audit.2023_import,0.1.0,0.4,NZL,NZD,TON,TOP,200.0,,wantok-money,Wantok,WanTok Money,corridor_specialist,,Wantok,Account,Mobile,273.12,5.0,NZD,,1.4,,,,Less than one hour,,,observed,"Manual audit observation, wave 'audit2' (Round 4 ingestion, reports/04-historical.md Task A). Observed via the Saver Pacific comparison site. amount_sent is a fixed 200 units of the origin currency, confirmed by arithmetic against amount_received/fee/rate across the wave, not assumed from a single row.",e13690f5b7e6794b2adc8a2994f5c0f5f67ef497e871bae2a208b31cad8bcc8b,archive/manual-audit-2023/2026/09/10/e13690f5b7e6794b2adc8a2994f5c0f5f67ef497e871bae2a208b31cad8bcc8b.json.gz,Original audit's own reported Cost_PP: 6.19 (methodology/benchmark undocumented in source -- not this project's NRBT benchmark). original audit benchmark (200 NZD->TOP): 291.14 (undocumented methodology).,,
95da154b-cf43-4acb-a604-e57d37770893,manual-audit-2023-audit2-20260910T002305Z-356d2a48,,,2023-08-04T00:00:00+00:00,,,,manual_audit,devpolicy_manual_audit,https://saverpacific.com/,manual_audit.2023_import,0.1.0,0.4,NZL,NZD,TON,TOP,200.0,,moneygram,Moneygram (Cash),MoneyGram,global_mto,,Moneygram (Cash),Account,Cash,275.16,4.0,NZD,,1.4,,,,Less than one hour,,,observed,"Manual audit observation, wave 'audit2' (Round 4 ingestion, reports/04-historical.md Task A). Observed via the Saver Pacific comparison site. amount_sent is a fixed 200 units of the origin currency, confirmed by arithmetic against amount_received/fee/rate across the wave, not assumed from a single row.",e13690f5b7e6794b2adc8a2994f5c0f5f67ef497e871bae2a208b31cad8bcc8b,archive/manual-audit-2023/2026/09/10/e13690f5b7e6794b2adc8a2994f5c0f5f67ef497e871bae2a208b31cad8bcc8b.json.gz,Original audit's own reported Cost_PP: 5.49 (methodology/benchmark undocumented in source -- not this project's NRBT benchmark). original audit benchmark (200 NZD->TOP): 291.14 (undocumented methodology).,,
957cf111-a4ac-4798-b99d-47d2a84130c3,manual-audit-2023-audit2-20260910T002305Z-356d2a48,,,2023-08-04T00:00:00+00:00,,,,manual_audit,devpolicy_manual_audit,https://saverpacific.com/,manual_audit.2023_import,0.1.0,0.4,NZL,NZD,TON,TOP,200.0,,anz-new-zealand,ANZ,ANZ (New Zealand),bank,,ANZ,Account,Account,274.36,0.0,NZD,,1.37,,,,Next day,,,observed,"Manual audit observation, wave 'audit2' (Round 4 ingestion, reports/04-historical.md Task A). Observed via the Saver Pacific comparison site. amount_sent is a fixed 200 units of the origin currency, confirmed by arithmetic against amount_received/fee/rate across the wave, not assumed from a single row.",e13690f5b7e6794b2adc8a2994f5c0f5f67ef497e871bae2a208b31cad8bcc8b,archive/manual-audit-2023/2026/09/10/e13690f5b7e6794b2adc8a2994f5c0f5f67ef497e871bae2a208b31cad8bcc8b.json.gz,Original audit's own reported Cost_PP: 5.76 (methodology/benchmark undocumented in source -- not this project's NRBT benchmark). original audit benchmark (200 NZD->TOP): 291.14 (undocumented methodology).,,
fcdcab14-a8b4-423b-bc1d-edb05b533f47,manual-audit-2023-audit2-20260910T002305Z-356d2a48,,,2023-08-04T00:00:00+00:00,,,,manual_audit,devpolicy_manual_audit,https://saverpacific.com/,manual_audit.2023_import,0.1.0,0.4,NZL,NZD,TON,TOP,200.0,,moneygram,Moneygram (Online),MoneyGram,global_mto,,Moneygram (Online),Account,Mobile,264.03,4.0,NZD,,1.35,,,,Same day,,,observed,"Manual audit observation, wave 'audit2' (Round 4 ingestion, reports/04-historical.md Task A). Observed via the Saver Pacific comparison site. amount_sent is a fixed 200 units of the origin currency, confirmed by arithmetic against amount_received/fee/rate across the wave, not assumed from a single row.",e13690f5b7e6794b2adc8a2994f5c0f5f67ef497e871bae2a208b31cad8bcc8b,archive/manual-audit-2023/2026/09/10/e13690f5b7e6794b2adc8a2994f5c0f5f67ef497e871bae2a208b31cad8bcc8b.json.gz,Original audit's own reported Cost_PP: 9.31 (methodology/benchmark undocumented in source -- not this project's NRBT benchmark). original audit benchmark (200 NZD->TOP): 291.14 (undocumented methodology).,,
4917047d-9fdb-4ce2-ac16-195da81dde98,manual-audit-2023-audit2-20260910T002305Z-356d2a48,,,2023-08-04T00:00:00+00:00,,,,manual_audit,devpolicy_manual_audit,https://saverpacific.com/,manual_audit.2023_import,0.1.0,0.4,NZL,NZD,TON,TOP,200.0,,western-union,Western Union (Online),Western Union,global_mto,,Western Union (Online),Account,Mobile,269.68,0.0,NZD,,1.35,,,,Less than one hour,,,observed,"Manual audit observation, wave 'audit2' (Round 4 ingestion, reports/04-historical.md Task A). Observed via the Saver Pacific comparison site. amount_sent is a fixed 200 units of the origin currency, confirmed by arithmetic against amount_received/fee/rate across the wave, not assumed from a single row.",e13690f5b7e6794b2adc8a2994f5c0f5f67ef497e871bae2a208b31cad8bcc8b,archive/manual-audit-2023/2026/09/10/e13690f5b7e6794b2adc8a2994f5c0f5f67ef497e871bae2a208b31cad8bcc8b.json.gz,Original audit's own reported Cost_PP: 7.37 (methodology/benchmark undocumented in source -- not this project's NRBT benchmark). original audit benchmark (200 NZD->TOP): 291.14 (undocumented methodology).,,
6d2a99ca-633b-42e5-9197-c1c3d376f9f7,manual-audit-2023-audit2-20260910T002305Z-356d2a48,,,2023-08-04T00:00:00+00:00,,,,manual_audit,devpolicy_manual_audit,https://saverpacific.com/,manual_audit.2023_import,0.1.0,0.4,NZL,NZD,TON,TOP,200.0,,western-union,Western Union (Cash),Western Union,global_mto,,Western Union (Cash),Account,Cash,269.28,0.0,NZD,,1.35,,,,Less than one hour,,,observed,"Manual audit observation, wave 'audit2' (Round 4 ingestion, reports/04-historical.md Task A). Observed via the Saver Pacific comparison site. amount_sent is a fixed 200 units of the origin currency, confirmed by arithmetic against amount_received/fee/rate across the wave, not assumed from a single row.",e13690f5b7e6794b2adc8a2994f5c0f5f67ef497e871bae2a208b31cad8bcc8b,archive/manual-audit-2023/2026/09/10/e13690f5b7e6794b2adc8a2994f5c0f5f67ef497e871bae2a208b31cad8bcc8b.json.gz,Original audit's own reported Cost_PP: 7.51 (methodology/benchmark undocumented in source -- not this project's NRBT benchmark). original audit benchmark (200 NZD->TOP): 291.14 (undocumented methodology).,,
4b447712-79ef-472b-875f-ef57cbc50ff6,manual-audit-2023-audit2-20260910T002305Z-356d2a48,,,2023-08-04T00:00:00+00:00,,,,manual_audit,devpolicy_manual_audit,https://saverpacific.com/,manual_audit.2023_import,0.1.0,0.4,NZL,NZD,TON,TOP,200.0,,kiwibank,Kiwi Bank,Kiwibank,bank,,Kiwi Bank,Account,Account,245.99,20.0,NZD,,1.37,,,,3 - 5 days,,,observed,"Manual audit observation, wave 'audit2' (Round 4 ingestion, reports/04-historical.md Task A). Observed via the Saver Pacific comparison site. amount_sent is a fixed 200 units of the origin currency, confirmed by arithmetic against amount_received/fee/rate across the wave, not assumed from a single row.",e13690f5b7e6794b2adc8a2994f5c0f5f67ef497e871bae2a208b31cad8bcc8b,archive/manual-audit-2023/2026/09/10/e13690f5b7e6794b2adc8a2994f5c0f5f67ef497e871bae2a208b31cad8bcc8b.json.gz,Original audit's own reported Cost_PP: 15.51 (methodology/benchmark undocumented in source -- not this project's NRBT benchmark). original audit benchmark (200 NZD->TOP): 291.14 (undocumented methodology).,,
d5c7af6b-a3fa-4895-a097-f8f952ad7b03,manual-audit-2023-audit2-20260910T002305Z-356d2a48,,,2023-08-05T00:00:00+00:00,,,,manual_audit,devpolicy_manual_audit,https://sendmoneypacific.org/,manual_audit.2023_import,0.1.0,0.4,AUS,AUD,TON,TOP,200.0,,ria-money-transfer,Ria,Ria Money Transfer,global_mto,,Ria,Account,Mobile,303.55,2.89,AUD,,1.54,,,,Less than one hour,,,observed,"Manual audit observation, wave 'audit2' (Round 4 ingestion, reports/04-historical.md Task A). Observed via the Send Money Pacific comparison site. amount_sent is a fixed 200 units of the origin currency, confirmed by arithmetic against amount_received/fee/rate across the wave, not assumed from a single row.",e13690f5b7e6794b2adc8a2994f5c0f5f67ef497e871bae2a208b31cad8bcc8b,archive/manual-audit-2023/2026/09/10/e13690f5b7e6794b2adc8a2994f5c0f5f67ef497e871bae2a208b31cad8bcc8b.json.gz,Original audit's own reported Cost_PP: 1.45 (methodology/benchmark undocumented in source -- not this project's NRBT benchmark). original audit benchmark (200 AUD->TOP): 316.82 (undocumented methodology).,,
5e74ed13-6334-4148-971e-2598071e778b,manual-audit-2023-audit2-20260910T002305Z-356d2a48,,,2023-08-05T00:00:00+00:00,,,,manual_audit,devpolicy_manual_audit,https://sendmoneypacific.org/,manual_audit.2023_import,0.1.0,0.4,AUS,AUD,TON,TOP,200.0,,moneygram,Moneygram (Online),MoneyGram,global_mto,,Moneygram (Online),Account,Mobile,300.72,0.0,AUD,,1.5,,,,Next day,,,observed,"Manual audit observation, wave 'audit2' (Round 4 ingestion, reports/04-historical.md Task A). Observed via the Send Money Pacific comparison site. amount_sent is a fixed 200 units of the origin currency, confirmed by arithmetic against amount_received/fee/rate across the wave, not assumed from a single row.",e13690f5b7e6794b2adc8a2994f5c0f5f67ef497e871bae2a208b31cad8bcc8b,archive/manual-audit-2023/2026/09/10/e13690f5b7e6794b2adc8a2994f5c0f5f67ef497e871bae2a208b31cad8bcc8b.json.gz,Original audit's own reported Cost_PP: 2.36 (methodology/benchmark undocumented in source -- not this project's NRBT benchmark). original audit benchmark (200 AUD->TOP): 316.82 (undocumented methodology).,,
e1ee2fa6-164b-44a1-a25b-ce6204614549,manual-audit-2023-audit2-20260910T002305Z-356d2a48,,,2023-08-05T00:00:00+00:00,,,,manual_audit,devpolicy_manual_audit,https://sendmoneypacific.org/,manual_audit.2023_import,0.1.0,0.4,AUS,AUD,TON,TOP,200.0,,ave-paanga-pau,Ave Paanga Pau,'Ave Pa'anga Pau,corridor_specialist,,Ave Paanga Pau,Prepaid,Account,301.3,0.0,AUD,,1.51,,,,Less than one hour,,,observed,"Manual audit observation, wave 'audit2' (Round 4 ingestion, reports/04-historical.md Task A). Observed via the Send Money Pacific comparison site. amount_sent is a fixed 200 units of the origin currency, confirmed by arithmetic against amount_received/fee/rate across the wave, not assumed from a single row.",e13690f5b7e6794b2adc8a2994f5c0f5f67ef497e871bae2a208b31cad8bcc8b,archive/manual-audit-2023/2026/09/10/e13690f5b7e6794b2adc8a2994f5c0f5f67ef497e871bae2a208b31cad8bcc8b.json.gz,Original audit's own reported Cost_PP: 2.18 (methodology/benchmark undocumented in source -- not this project's NRBT benchmark). original audit benchmark (200 AUD->TOP): 316.82 (undocumented methodology).,,
46e31cd8-8eda-4c43-9de3-bcf0a2660a49,manual-audit-2023-audit2-20260910T002305Z-356d2a48,,,2023-08-05T00:00:00+00:00,,,,manual_audit,devpolicy_manual_audit,https://sendmoneypacific.org/,manual_audit.2023_import,0.1.0,0.4,AUS,AUD,TON,TOP,200.0,,anz-australia,ANZ,ANZ (Australia),bank,,ANZ,Online,Account,296.6,0.0,AUD,,1.48,,,,2 days,,,observed,"Manual audit observation, wave 'audit2' (Round 4 ingestion, reports/04-historical.md Task A). Observed via the Send Money Pacific comparison site. amount_sent is a fixed 200 units of the origin currency, confirmed by arithmetic against amount_received/fee/rate across the wave, not assumed from a single row.",e13690f5b7e6794b2adc8a2994f5c0f5f67ef497e871bae2a208b31cad8bcc8b,archive/manual-audit-2023/2026/09/10/e13690f5b7e6794b2adc8a2994f5c0f5f67ef497e871bae2a208b31cad8bcc8b.json.gz,Original audit's own reported Cost_PP: 3.7 (methodology/benchmark undocumented in source -- not this project's NRBT benchmark). original audit benchmark (200 AUD->TOP): 316.82 (undocumented methodology).,,
4669b66f-79a7-4524-bb85-97c3f20fe33b,manual-audit-2023-audit2-20260910T002305Z-356d2a48,,,2023-08-05T00:00:00+00:00,,,,manual_audit,devpolicy_manual_audit,https://sendmoneypacific.org/,manual_audit.2023_import,0.1.0,0.4,AUS,AUD,TON,TOP,200.0,,klickex,KlickEX,KlickEx,corridor_specialist,,KlickEX,Account,Mobile,296.77,5.0,AUD,,1.52,,,,Instant,,,observed,"Manual audit observation, wave 'audit2' (Round 4 ingestion, reports/04-historical.md Task A). Observed via the Send Money Pacific comparison site. amount_sent is a fixed 200 units of the origin currency, confirmed by arithmetic against amount_received/fee/rate across the wave, not assumed from a single row.",e13690f5b7e6794b2adc8a2994f5c0f5f67ef497e871bae2a208b31cad8bcc8b,archive/manual-audit-2023/2026/09/10/e13690f5b7e6794b2adc8a2994f5c0f5f67ef497e871bae2a208b31cad8bcc8b.json.gz,Original audit's own reported Cost_PP: 3.68 (methodology/benchmark undocumented in source -- not this project's NRBT benchmark). original audit benchmark (200 AUD->TOP): 316.82 (undocumented methodology).,,
b8d842f0-2350-433f-9a24-2140f1cdfc6b,manual-audit-2023-audit2-20260910T002305Z-356d2a48,,,2023-08-05T00:00:00+00:00,,,,manual_audit,devpolicy_manual_audit,https://sendmoneypacific.org/,manual_audit.2023_import,0.1.0,0.4,AUS,AUD,TON,TOP,200.0,,moneygram,Moneygram (Cash),MoneyGram,global_mto,,Moneygram (Cash),Account,Cash,292.36,2.99,AUD,,1.48,,,,Less than one hour,,,observed,"Manual audit observation, wave 'audit2' (Round 4 ingestion, reports/04-historical.md Task A). Observed via the Send Money Pacific comparison site. amount_sent is a fixed 200 units of the origin currency, confirmed by arithmetic against amount_received/fee/rate across the wave, not assumed from a single row.",e13690f5b7e6794b2adc8a2994f5c0f5f67ef497e871bae2a208b31cad8bcc8b,archive/manual-audit-2023/2026/09/10/e13690f5b7e6794b2adc8a2994f5c0f5f67ef497e871bae2a208b31cad8bcc8b.json.gz,Original audit's own reported Cost_PP: 5.13 (methodology/benchmark undocumented in source -- not this project's NRBT benchmark). original audit benchmark (200 AUD->TOP): 316.82 (undocumented methodology).,,
52d15858-d030-4340-9e86-e9de0b074e45,manual-audit-2023-audit2-20260910T002305Z-356d2a48,,,2023-08-05T00:00:00+00:00,,,,manual_audit,devpolicy_manual_audit,https://sendmoneypacific.org/,manual_audit.2023_import,0.1.0,0.4,AUS,AUD,TON,TOP,200.0,,western-union,Western Union (Online),Western Union,global_mto,,Western Union (Online),Cash,Cash,286.94,5.0,AUD,,1.47,,,,Instant,,,observed,"Manual audit observation, wave 'audit2' (Round 4 ingestion, reports/04-historical.md Task A). Observed via the Send Money Pacific comparison site. amount_sent is a fixed 200 units of the origin currency, confirmed by arithmetic against amount_received/fee/rate across the wave, not assumed from a single row.",e13690f5b7e6794b2adc8a2994f5c0f5f67ef497e871bae2a208b31cad8bcc8b,archive/manual-audit-2023/2026/09/10/e13690f5b7e6794b2adc8a2994f5c0f5f67ef497e871bae2a208b31cad8bcc8b.json.gz,Original audit's own reported Cost_PP: 6.95 (methodology/benchmark undocumented in source -- not this project's NRBT benchmark). original audit benchmark (200 AUD->TOP): 316.82 (undocumented methodology).,,
b5440143-1e4b-43f7-aad6-22a7a61a04a5,manual-audit-2023-audit2-20260910T002305Z-356d2a48,,,2023-08-05T00:00:00+00:00,,,,manual_audit,devpolicy_manual_audit,https://sendmoneypacific.org/,manual_audit.2023_import,0.1.0,0.4,AUS,AUD,TON,TOP,200.0,,western-union,Western Union (Cash),Western Union,global_mto,,Western Union (Cash),Online,Mobile,283.94,0.0,AUD,,1.42,,,,Instant,,,observed,"Manual audit observation, wave 'audit2' (Round 4 ingestion, reports/04-historical.md Task A). Observed via the Send Money Pacific comparison site. amount_sent is a fixed 200 units of the origin currency, confirmed by arithmetic against amount_received/fee/rate across the wave, not assumed from a single row.",e13690f5b7e6794b2adc8a2994f5c0f5f67ef497e871bae2a208b31cad8bcc8b,archive/manual-audit-2023/2026/09/10/e13690f5b7e6794b2adc8a2994f5c0f5f67ef497e871bae2a208b31cad8bcc8b.json.gz,Original audit's own reported Cost_PP: 7.81 (methodology/benchmark undocumented in source -- not this project's NRBT benchmark). original audit benchmark (200 AUD->TOP): 316.82 (undocumented methodology).,,
bd0a3149-9d4b-4979-8599-ae5ecaec176a,manual-audit-2023-audit2-20260910T002305Z-356d2a48,,,2023-08-05T00:00:00+00:00,,,,manual_audit,devpolicy_manual_audit,https://sendmoneypacific.org/,manual_audit.2023_import,0.1.0,0.4,AUS,AUD,TON,TOP,200.0,,nab,NAB,National Australia Bank,bank,,NAB,Online,Account,240.99,30.0,AUD,,1.42,,,,3 days,,,observed,"Manual audit observation, wave 'audit2' (Round 4 ingestion, reports/04-historical.md Task A). Observed via the Send Money Pacific comparison site. amount_sent is a fixed 200 units of the origin currency, confirmed by arithmetic against amount_received/fee/rate across the wave, not assumed from a single row.",e13690f5b7e6794b2adc8a2994f5c0f5f67ef497e871bae2a208b31cad8bcc8b,archive/manual-audit-2023/2026/09/10/e13690f5b7e6794b2adc8a2994f5c0f5f67ef497e871bae2a208b31cad8bcc8b.json.gz,Original audit's own reported Cost_PP: 22.95 (methodology/benchmark undocumented in source -- not this project's NRBT benchmark). original audit benchmark (200 AUD->TOP): 316.82 (undocumented methodology).,,
a4c7c5f9-f0e2-4a3b-9fcf-2afca650de0e,manual-audit-2023-audit2-20260910T002305Z-356d2a48,,,2023-08-05T00:00:00+00:00,,,,manual_audit,devpolicy_manual_audit,https://saverpacific.com/,manual_audit.2023_import,0.1.0,0.4,AUS,AUD,TON,TOP,200.0,,ria-money-transfer,Ria,Ria Money Transfer,global_mto,,Ria,Account,Mobile,313.4,2.89,AUD,,1.59,,,,Less than one hour,,,observed,"Manual audit observation, wave 'audit2' (Round 4 ingestion, reports/04-historical.md Task A). Observed via the Saver Pacific comparison site. amount_sent is a fixed 200 units of the origin currency, confirmed by arithmetic against amount_received/fee/rate across the wave, not assumed from a single row.",e13690f5b7e6794b2adc8a2994f5c0f5f67ef497e871bae2a208b31cad8bcc8b,archive/manual-audit-2023/2026/09/10/e13690f5b7e6794b2adc8a2994f5c0f5f67ef497e871bae2a208b31cad8bcc8b.json.gz,Original audit's own reported Cost_PP: 1.08 (methodology/benchmark undocumented in source -- not this project's NRBT benchmark). original audit benchmark (200 AUD->TOP): 316.82 (undocumented methodology).,,
15c1cc66-f8ba-4434-aaae-86e9c04c5958,manual-audit-2023-audit2-20260910T002305Z-356d2a48,,,2023-08-05T00:00:00+00:00,,,,manual_audit,devpolicy_manual_audit,https://saverpacific.com/,manual_audit.2023_import,0.1.0,0.4,AUS,AUD,TON,TOP,200.0,,ave-paanga-pau,Ave Paanga Pau,'Ave Pa'anga Pau,corridor_specialist,,Ave Paanga Pau,Prepaid,Account,308.6,0.0,AUD,,1.54,,,,Next day,,,observed,"Manual audit observation, wave 'audit2' (Round 4 ingestion, reports/04-historical.md Task A). Observed via the Saver Pacific comparison site. amount_sent is a fixed 200 units of the origin currency, confirmed by arithmetic against amount_received/fee/rate across the wave, not assumed from a single row.",e13690f5b7e6794b2adc8a2994f5c0f5f67ef497e871bae2a208b31cad8bcc8b,archive/manual-audit-2023/2026/09/10/e13690f5b7e6794b2adc8a2994f5c0f5f67ef497e871bae2a208b31cad8bcc8b.json.gz,Original audit's own reported Cost_PP: 2.59 (methodology/benchmark undocumented in source -- not this project's NRBT benchmark). original audit benchmark (200 AUD->TOP): 316.82 (undocumented methodology).,,
2192c2f6-390b-4bdf-8397-4a9370a8b45a,manual-audit-2023-audit2-20260910T002305Z-356d2a48,,,2023-08-05T00:00:00+00:00,,,,manual_audit,devpolicy_manual_audit,https://saverpacific.com/,manual_audit.2023_import,0.1.0,0.4,AUS,AUD,TON,TOP,200.0,,moneygram,Moneygram (Online),MoneyGram,global_mto,,Moneygram (Online),Account,Mobile,309.1,0.0,AUD,,1.55,,,,Same day,,,observed,"Manual audit observation, wave 'audit2' (Round 4 ingestion, reports/04-historical.md Task A). Observed via the Saver Pacific comparison site. amount_sent is a fixed 200 units of the origin currency, confirmed by arithmetic against amount_received/fee/rate across the wave, not assumed from a single row.",e13690f5b7e6794b2adc8a2994f5c0f5f67ef497e871bae2a208b31cad8bcc8b,archive/manual-audit-2023/2026/09/10/e13690f5b7e6794b2adc8a2994f5c0f5f67ef497e871bae2a208b31cad8bcc8b.json.gz,Original audit's own reported Cost_PP: 2.44 (methodology/benchmark undocumented in source -- not this project's NRBT benchmark). original audit benchmark (200 AUD->TOP): 316.82 (undocumented methodology).,,
e3b11de0-6d2d-40af-9227-bf27c9a1dc90,manual-audit-2023-audit2-20260910T002305Z-356d2a48,,,2023-08-05T00:00:00+00:00,,,,manual_audit,devpolicy_manual_audit,https://saverpacific.com/,manual_audit.2023_import,0.1.0,0.4,AUS,AUD,TON,TOP,200.0,,anz-australia,ANZ,ANZ (Australia),bank,,ANZ,Online,Account,296.54,0.0,AUD,,1.48,,,,2 days,,,observed,"Manual audit observation, wave 'audit2' (Round 4 ingestion, reports/04-historical.md Task A). Observed via the Saver Pacific comparison site. amount_sent is a fixed 200 units of the origin currency, confirmed by arithmetic against amount_received/fee/rate across the wave, not assumed from a single row.",e13690f5b7e6794b2adc8a2994f5c0f5f67ef497e871bae2a208b31cad8bcc8b,archive/manual-audit-2023/2026/09/10/e13690f5b7e6794b2adc8a2994f5c0f5f67ef497e871bae2a208b31cad8bcc8b.json.gz,Original audit's own reported Cost_PP: 4.98 (methodology/benchmark undocumented in source -- not this project's NRBT benchmark). original audit benchmark (200 AUD->TOP): 312.08 (undocumented methodology).,,
5be0bee2-6d3a-4ed4-a7a6-2071a6c58693,manual-audit-2023-audit2-20260910T002305Z-356d2a48,,,2023-08-05T00:00:00+00:00,,,,manual_audit,devpolicy_manual_audit,https://saverpacific.com/,manual_audit.2023_import,0.1.0,0.4,AUS,AUD,TON,TOP,200.0,,wantok-money,Wantok,WanTok Money,corridor_specialist,,Wantok,Account,Mobile,299.13,5.0,AUD,,1.53,,,,Less than one hour,,,observed,"Manual audit observation, wave 'audit2' (Round 4 ingestion, reports/04-historical.md Task A). Observed via the Saver Pacific comparison site. amount_sent is a fixed 200 units of the origin currency, confirmed by arithmetic against amount_received/fee/rate across the wave, not assumed from a single row.",e13690f5b7e6794b2adc8a2994f5c0f5f67ef497e871bae2a208b31cad8bcc8b,archive/manual-audit-2023/2026/09/10/e13690f5b7e6794b2adc8a2994f5c0f5f67ef497e871bae2a208b31cad8bcc8b.json.gz,Original audit's own reported Cost_PP: 5.58 (methodology/benchmark undocumented in source -- not this project's NRBT benchmark). original audit benchmark (200 AUD->TOP): 316.82 (undocumented methodology).,,
92dedc57-b9ee-47e2-bcab-7abb4a3f5edb,manual-audit-2023-audit2-20260910T002305Z-356d2a48,,,2023-08-05T00:00:00+00:00,,,,manual_audit,devpolicy_manual_audit,https://saverpacific.com/,manual_audit.2023_import,0.1.0,0.4,AUS,AUD,TON,TOP,200.0,,moneygram,Moneygram (Cash),MoneyGram,global_mto,,Moneygram (Cash),Account,Cash,300.66,2.99,AUD,,1.53,,,,Less than one hour,,,observed,"Manual audit observation, wave 'audit2' (Round 4 ingestion, reports/04-historical.md Task A). Observed via the Saver Pacific comparison site. amount_sent is a fixed 200 units of the origin currency, confirmed by arithmetic against amount_received/fee/rate across the wave, not assumed from a single row.",e13690f5b7e6794b2adc8a2994f5c0f5f67ef497e871bae2a208b31cad8bcc8b,archive/manual-audit-2023/2026/09/10/e13690f5b7e6794b2adc8a2994f5c0f5f67ef497e871bae2a208b31cad8bcc8b.json.gz,Original audit's own reported Cost_PP: 5.1 (methodology/benchmark undocumented in source -- not this project's NRBT benchmark). original audit benchmark (200 AUD->TOP): 316.82 (undocumented methodology).,,
1e789839-12ea-48df-845b-87acdda628ce,manual-audit-2023-audit2-20260910T002305Z-356d2a48,,,2023-08-05T00:00:00+00:00,,,,manual_audit,devpolicy_manual_audit,https://saverpacific.com/,manual_audit.2023_import,0.1.0,0.4,AUS,AUD,TON,TOP,200.0,,western-union,Western Union (Online),Western Union,global_mto,,Western Union (Online),Cash,Cash,294.92,5.0,AUD,,1.51,,,,Instant,,,observed,"Manual audit observation, wave 'audit2' (Round 4 ingestion, reports/04-historical.md Task A). Observed via the Saver Pacific comparison site. amount_sent is a fixed 200 units of the origin currency, confirmed by arithmetic against amount_received/fee/rate across the wave, not assumed from a single row.",e13690f5b7e6794b2adc8a2994f5c0f5f67ef497e871bae2a208b31cad8bcc8b,archive/manual-audit-2023/2026/09/10/e13690f5b7e6794b2adc8a2994f5c0f5f67ef497e871bae2a208b31cad8bcc8b.json.gz,Original audit's own reported Cost_PP: 6.91 (methodology/benchmark undocumented in source -- not this project's NRBT benchmark). original audit benchmark (200 AUD->TOP): 316.82 (undocumented methodology).,,
2c2c67bd-45a6-4606-895e-2a3dc88fc31f,manual-audit-2023-audit2-20260910T002305Z-356d2a48,,,2023-08-05T00:00:00+00:00,,,,manual_audit,devpolicy_manual_audit,https://saverpacific.com/,manual_audit.2023_import,0.1.0,0.4,AUS,AUD,TON,TOP,200.0,,western-union,Western Union (Cash),Western Union,global_mto,,Western Union (Cash),Online,Mobile,294.6,0.0,AUD,,1.47,,,,Instant,,,observed,"Manual audit observation, wave 'audit2' (Round 4 ingestion, reports/04-historical.md Task A). Observed via the Saver Pacific comparison site. amount_sent is a fixed 200 units of the origin currency, confirmed by arithmetic against amount_received/fee/rate across the wave, not assumed from a single row.",e13690f5b7e6794b2adc8a2994f5c0f5f67ef497e871bae2a208b31cad8bcc8b,archive/manual-audit-2023/2026/09/10/e13690f5b7e6794b2adc8a2994f5c0f5f67ef497e871bae2a208b31cad8bcc8b.json.gz,Original audit's own reported Cost_PP: 7.01 (methodology/benchmark undocumented in source -- not this project's NRBT benchmark). original audit benchmark (200 AUD->TOP): 316.82 (undocumented methodology).,,
dfa1b2f6-0a1e-412a-8318-678fe12b1d67,manual-audit-2023-audit2-20260910T002305Z-356d2a48,,,2023-08-05T00:00:00+00:00,,,,manual_audit,devpolicy_manual_audit,https://saverpacific.com/,manual_audit.2023_import,0.1.0,0.4,AUS,AUD,TON,TOP,200.0,,ofx,OFX,OFX,global_mto,,OFX,Account,Account,258.59,15.0,AUD,,1.4,,,,3 - 5 days,,,observed,"Manual audit observation, wave 'audit2' (Round 4 ingestion, reports/04-historical.md Task A). Observed via the Saver Pacific comparison site. amount_sent is a fixed 200 units of the origin currency, confirmed by arithmetic against amount_received/fee/rate across the wave, not assumed from a single row.",e13690f5b7e6794b2adc8a2994f5c0f5f67ef497e871bae2a208b31cad8bcc8b,archive/manual-audit-2023/2026/09/10/e13690f5b7e6794b2adc8a2994f5c0f5f67ef497e871bae2a208b31cad8bcc8b.json.gz,Original audit's own reported Cost_PP: 17.14 (methodology/benchmark undocumented in source -- not this project's NRBT benchmark). original audit benchmark (200 AUD->TOP): 312.08 (undocumented methodology).,,
c1393ab1-9f71-4d97-be60-4d58f4ec2b41,manual-audit-2023-audit2-20260910T002305Z-356d2a48,,,2023-08-05T00:00:00+00:00,,,,manual_audit,devpolicy_manual_audit,https://sendmoneypacific.org/,manual_audit.2023_import,0.1.0,0.4,NZL,NZD,TON,TOP,200.0,,ave-paanga-pau,Ave Paanga Pau,'Ave Pa'anga Pau,corridor_specialist,,Ave Paanga Pau,Prepaid,Account,278.48,0.0,NZD,,1.39,,,,Less than one hour,,,observed,"Manual audit observation, wave 'audit2' (Round 4 ingestion, reports/04-historical.md Task A). Observed via the Send Money Pacific comparison site. amount_sent is a fixed 200 units of the origin currency, confirmed by arithmetic against amount_received/fee/rate across the wave, not assumed from a single row.",e13690f5b7e6794b2adc8a2994f5c0f5f67ef497e871bae2a208b31cad8bcc8b,archive/manual-audit-2023/2026/09/10/e13690f5b7e6794b2adc8a2994f5c0f5f67ef497e871bae2a208b31cad8bcc8b.json.gz,Original audit's own reported Cost_PP: 2.63 (methodology/benchmark undocumented in source -- not this project's NRBT benchmark). original audit benchmark (200 NZD->TOP): 291.14 (undocumented methodology).,,
78e104b7-c2ec-44e3-8bcc-69d080358d28,manual-audit-2023-audit2-20260910T002305Z-356d2a48,,,2023-08-05T00:00:00+00:00,,,,manual_audit,devpolicy_manual_audit,https://sendmoneypacific.org/,manual_audit.2023_import,0.1.0,0.4,NZL,NZD,TON,TOP,200.0,,anz-new-zealand,ANZ,ANZ (New Zealand),bank,,ANZ,Online,Account,274.72,0.0,NZD,,1.37,,,,2 days,,,observed,"Manual audit observation, wave 'audit2' (Round 4 ingestion, reports/04-historical.md Task A). Observed via the Send Money Pacific comparison site. amount_sent is a fixed 200 units of the origin currency, confirmed by arithmetic against amount_received/fee/rate across the wave, not assumed from a single row.",e13690f5b7e6794b2adc8a2994f5c0f5f67ef497e871bae2a208b31cad8bcc8b,archive/manual-audit-2023/2026/09/10/e13690f5b7e6794b2adc8a2994f5c0f5f67ef497e871bae2a208b31cad8bcc8b.json.gz,Original audit's own reported Cost_PP: 3.94 (methodology/benchmark undocumented in source -- not this project's NRBT benchmark). original audit benchmark (200 NZD->TOP): 291.14 (undocumented methodology).,,
bbb61aee-cbe1-4ab2-8f9a-40926034ac6e,manual-audit-2023-audit2-20260910T002305Z-356d2a48,,,2023-08-05T00:00:00+00:00,,,,manual_audit,devpolicy_manual_audit,https://sendmoneypacific.org/,manual_audit.2023_import,0.1.0,0.4,NZL,NZD,TON,TOP,200.0,,klickex,KlickEX,KlickEx,corridor_specialist,,KlickEX,Account,Mobile,273.19,5.0,NZD,,1.4,,,,Instant,,,observed,"Manual audit observation, wave 'audit2' (Round 4 ingestion, reports/04-historical.md Task A). Observed via the Send Money Pacific comparison site. amount_sent is a fixed 200 units of the origin currency, confirmed by arithmetic against amount_received/fee/rate across the wave, not assumed from a single row.",e13690f5b7e6794b2adc8a2994f5c0f5f67ef497e871bae2a208b31cad8bcc8b,archive/manual-audit-2023/2026/09/10/e13690f5b7e6794b2adc8a2994f5c0f5f67ef497e871bae2a208b31cad8bcc8b.json.gz,Original audit's own reported Cost_PP: 4.53 (methodology/benchmark undocumented in source -- not this project's NRBT benchmark). original audit benchmark (200 NZD->TOP): 291.14 (undocumented methodology).,,
907cd4e7-f03a-484d-9119-41a302c7dafa,manual-audit-2023-audit2-20260910T002305Z-356d2a48,,,2023-08-05T00:00:00+00:00,,,,manual_audit,devpolicy_manual_audit,https://sendmoneypacific.org/,manual_audit.2023_import,0.1.0,0.4,NZL,NZD,TON,TOP,200.0,,wantok-money,Wantok,WanTok Money,corridor_specialist,,Wantok,Account,Mobile,271.58,5.0,NZD,,1.39,,,,Instant,,,observed,"Manual audit observation, wave 'audit2' (Round 4 ingestion, reports/04-historical.md Task A). Observed via the Send Money Pacific comparison site. amount_sent is a fixed 200 units of the origin currency, confirmed by arithmetic against amount_received/fee/rate across the wave, not assumed from a single row.",e13690f5b7e6794b2adc8a2994f5c0f5f67ef497e871bae2a208b31cad8bcc8b,archive/manual-audit-2023/2026/09/10/e13690f5b7e6794b2adc8a2994f5c0f5f67ef497e871bae2a208b31cad8bcc8b.json.gz,Original audit's own reported Cost_PP: 5.11 (methodology/benchmark undocumented in source -- not this project's NRBT benchmark). original audit benchmark (200 NZD->TOP): 291.14 (undocumented methodology).,,
1837602b-5ec2-43ff-a8c6-68fa43ccd339,manual-audit-2023-audit2-20260910T002305Z-356d2a48,,,2023-08-05T00:00:00+00:00,,,,manual_audit,devpolicy_manual_audit,https://sendmoneypacific.org/,manual_audit.2023_import,0.1.0,0.4,NZL,NZD,TON,TOP,200.0,,moneygram,Moneygram (Cash),MoneyGram,global_mto,,Moneygram (Cash),Account,Cash,270.5,4.0,NZD,,1.38,,,,Less than one hour,,,observed,"Manual audit observation, wave 'audit2' (Round 4 ingestion, reports/04-historical.md Task A). Observed via the Send Money Pacific comparison site. amount_sent is a fixed 200 units of the origin currency, confirmed by arithmetic against amount_received/fee/rate across the wave, not assumed from a single row.",e13690f5b7e6794b2adc8a2994f5c0f5f67ef497e871bae2a208b31cad8bcc8b,archive/manual-audit-2023/2026/09/10/e13690f5b7e6794b2adc8a2994f5c0f5f67ef497e871bae2a208b31cad8bcc8b.json.gz,Original audit's own reported Cost_PP: 5.49 (methodology/benchmark undocumented in source -- not this project's NRBT benchmark). original audit benchmark (200 NZD->TOP): 291.14 (undocumented methodology).,,
e1fa99ae-385f-4c19-8e61-11476e23a7fc,manual-audit-2023-audit2-20260910T002305Z-356d2a48,,,2023-08-05T00:00:00+00:00,,,,manual_audit,devpolicy_manual_audit,https://sendmoneypacific.org/,manual_audit.2023_import,0.1.0,0.4,NZL,NZD,TON,TOP,200.0,,moneygram,Moneygram (Online),MoneyGram,global_mto,,Moneygram (Online),Account,Mobile,259.56,4.0,NZD,,1.32,,,,Less than one hour,,,observed,"Manual audit observation, wave 'audit2' (Round 4 ingestion, reports/04-historical.md Task A). Observed via the Send Money Pacific comparison site. amount_sent is a fixed 200 units of the origin currency, confirmed by arithmetic against amount_received/fee/rate across the wave, not assumed from a single row.",e13690f5b7e6794b2adc8a2994f5c0f5f67ef497e871bae2a208b31cad8bcc8b,archive/manual-audit-2023/2026/09/10/e13690f5b7e6794b2adc8a2994f5c0f5f67ef497e871bae2a208b31cad8bcc8b.json.gz,Original audit's own reported Cost_PP: 9.39 (methodology/benchmark undocumented in source -- not this project's NRBT benchmark). original audit benchmark (200 NZD->TOP): 291.14 (undocumented methodology).,,
f5c5bb31-4cb3-45b9-b861-2a08d2837510,manual-audit-2023-audit2-20260910T002305Z-356d2a48,,,2023-08-05T00:00:00+00:00,,,,manual_audit,devpolicy_manual_audit,https://sendmoneypacific.org/,manual_audit.2023_import,0.1.0,0.4,NZL,NZD,TON,TOP,200.0,,western-union,Western Union (Online),Western Union,global_mto,,Western Union (Online),Online,Mobile,266.2,0.0,NZD,,1.33,,,,Less than one hour,,,observed,"Manual audit observation, wave 'audit2' (Round 4 ingestion, reports/04-historical.md Task A). Observed via the Send Money Pacific comparison site. amount_sent is a fixed 200 units of the origin currency, confirmed by arithmetic against amount_received/fee/rate across the wave, not assumed from a single row.",e13690f5b7e6794b2adc8a2994f5c0f5f67ef497e871bae2a208b31cad8bcc8b,archive/manual-audit-2023/2026/09/10/e13690f5b7e6794b2adc8a2994f5c0f5f67ef497e871bae2a208b31cad8bcc8b.json.gz,Original audit's own reported Cost_PP: 6.92 (methodology/benchmark undocumented in source -- not this project's NRBT benchmark). original audit benchmark (200 NZD->TOP): 291.14 (undocumented methodology).,,
f311f8d8-bf8e-47f8-9a76-198071982ec1,manual-audit-2023-audit2-20260910T002305Z-356d2a48,,,2023-08-05T00:00:00+00:00,,,,manual_audit,devpolicy_manual_audit,https://sendmoneypacific.org/,manual_audit.2023_import,0.1.0,0.4,NZL,NZD,TON,TOP,200.0,,western-union,Western Union (Cash),Western Union,global_mto,,Western Union (Cash),Online,Cash,265.8,0.0,NZD,,1.33,,,,Same day,,,observed,"Manual audit observation, wave 'audit2' (Round 4 ingestion, reports/04-historical.md Task A). Observed via the Send Money Pacific comparison site. amount_sent is a fixed 200 units of the origin currency, confirmed by arithmetic against amount_received/fee/rate across the wave, not assumed from a single row.",e13690f5b7e6794b2adc8a2994f5c0f5f67ef497e871bae2a208b31cad8bcc8b,archive/manual-audit-2023/2026/09/10/e13690f5b7e6794b2adc8a2994f5c0f5f67ef497e871bae2a208b31cad8bcc8b.json.gz,Original audit's own reported Cost_PP: 7.06 (methodology/benchmark undocumented in source -- not this project's NRBT benchmark). original audit benchmark (200 NZD->TOP): 291.14 (undocumented methodology).,,
0c186a08-fefe-454c-87d2-5f12529875be,manual-audit-2023-audit2-20260910T002305Z-356d2a48,,,2023-08-05T00:00:00+00:00,,,,manual_audit,devpolicy_manual_audit,https://sendmoneypacific.org/,manual_audit.2023_import,0.1.0,0.4,NZL,NZD,TON,TOP,200.0,,asb,ASB,ASB,bank,,ASB,Account,Account,225.45,30.0,NZD,,1.33,,,,2 days,,,observed,"Manual audit observation, wave 'audit2' (Round 4 ingestion, reports/04-historical.md Task A). Observed via the Send Money Pacific comparison site. amount_sent is a fixed 200 units of the origin currency, confirmed by arithmetic against amount_received/fee/rate across the wave, not assumed from a single row.",e13690f5b7e6794b2adc8a2994f5c0f5f67ef497e871bae2a208b31cad8bcc8b,archive/manual-audit-2023/2026/09/10/e13690f5b7e6794b2adc8a2994f5c0f5f67ef497e871bae2a208b31cad8bcc8b.json.gz,Original audit's own reported Cost_PP: 22.26 (methodology/benchmark undocumented in source -- not this project's NRBT benchmark). original audit benchmark (200 NZD->TOP): 291.14 (undocumented methodology).,,
91b0dfa6-5b22-42ee-bc98-d27bb7e8fd42,manual-audit-2023-audit2-20260910T002305Z-356d2a48,,,2023-08-05T00:00:00+00:00,,,,manual_audit,devpolicy_manual_audit,https://saverpacific.com/,manual_audit.2023_import,0.1.0,0.4,NZL,NZD,TON,TOP,200.0,,ave-paanga-pau,Ave Paanga Pau,'Ave Pa'anga Pau,corridor_specialist,,Ave Paanga Pau,Prepaid,Account,280.4,0.0,NZD,,1.4,,,,Less than one hour,,,observed,"Manual audit observation, wave 'audit2' (Round 4 ingestion, reports/04-historical.md Task A). Observed via the Saver Pacific comparison site. amount_sent is a fixed 200 units of the origin currency, confirmed by arithmetic against amount_received/fee/rate across the wave, not assumed from a single row.",e13690f5b7e6794b2adc8a2994f5c0f5f67ef497e871bae2a208b31cad8bcc8b,archive/manual-audit-2023/2026/09/10/e13690f5b7e6794b2adc8a2994f5c0f5f67ef497e871bae2a208b31cad8bcc8b.json.gz,Original audit's own reported Cost_PP: 3.69 (methodology/benchmark undocumented in source -- not this project's NRBT benchmark). original audit benchmark (200 NZD->TOP): 291.14 (undocumented methodology).,,
3cdfd4d5-5fde-4e78-81fe-ee212607d620,manual-audit-2023-audit2-20260910T002305Z-356d2a48,,,2023-08-05T00:00:00+00:00,,,,manual_audit,devpolicy_manual_audit,https://saverpacific.com/,manual_audit.2023_import,0.1.0,0.4,NZL,NZD,TON,TOP,200.0,,imex,iMEX,IMEX Money Transfer,corridor_specialist,,iMEX,Account,Account/Cash/Mobile,280.0,0.0,NZD,,1.4,,,,Less than one hour,,,observed,"Manual audit observation, wave 'audit2' (Round 4 ingestion, reports/04-historical.md Task A). Observed via the Saver Pacific comparison site. amount_sent is a fixed 200 units of the origin currency, confirmed by arithmetic against amount_received/fee/rate across the wave, not assumed from a single row.",e13690f5b7e6794b2adc8a2994f5c0f5f67ef497e871bae2a208b31cad8bcc8b,archive/manual-audit-2023/2026/09/10/e13690f5b7e6794b2adc8a2994f5c0f5f67ef497e871bae2a208b31cad8bcc8b.json.gz,Original audit's own reported Cost_PP: 3.83 (methodology/benchmark undocumented in source -- not this project's NRBT benchmark). original audit benchmark (200 NZD->TOP): 291.14 (undocumented methodology).,,
17498539-0fb3-4e55-8d4b-ed39ae64bd37,manual-audit-2023-audit2-20260910T002305Z-356d2a48,,,2023-08-05T00:00:00+00:00,,,,manual_audit,devpolicy_manual_audit,https://saverpacific.com/,manual_audit.2023_import,0.1.0,0.4,NZL,NZD,TON,TOP,200.0,,wantok-money,Wantok,WanTok Money,corridor_specialist,,Wantok,Account,Mobile,273.12,5.0,NZD,,1.4,,,,Less than one hour,,,observed,"Manual audit observation, wave 'audit2' (Round 4 ingestion, reports/04-historical.md Task A). Observed via the Saver Pacific comparison site. amount_sent is a fixed 200 units of the origin currency, confirmed by arithmetic against amount_received/fee/rate across the wave, not assumed from a single row.",e13690f5b7e6794b2adc8a2994f5c0f5f67ef497e871bae2a208b31cad8bcc8b,archive/manual-audit-2023/2026/09/10/e13690f5b7e6794b2adc8a2994f5c0f5f67ef497e871bae2a208b31cad8bcc8b.json.gz,Original audit's own reported Cost_PP: 6.19 (methodology/benchmark undocumented in source -- not this project's NRBT benchmark). original audit benchmark (200 NZD->TOP): 291.14 (undocumented methodology).,,
5c7718e8-03fa-41ff-81cb-9bebd4189edd,manual-audit-2023-audit2-20260910T002305Z-356d2a48,,,2023-08-05T00:00:00+00:00,,,,manual_audit,devpolicy_manual_audit,https://saverpacific.com/,manual_audit.2023_import,0.1.0,0.4,NZL,NZD,TON,TOP,200.0,,moneygram,Moneygram (Cash),MoneyGram,global_mto,,Moneygram (Cash),Account,Cash,275.16,4.0,NZD,,1.4,,,,Less than one hour,,,observed,"Manual audit observation, wave 'audit2' (Round 4 ingestion, reports/04-historical.md Task A). Observed via the Saver Pacific comparison site. amount_sent is a fixed 200 units of the origin currency, confirmed by arithmetic against amount_received/fee/rate across the wave, not assumed from a single row.",e13690f5b7e6794b2adc8a2994f5c0f5f67ef497e871bae2a208b31cad8bcc8b,archive/manual-audit-2023/2026/09/10/e13690f5b7e6794b2adc8a2994f5c0f5f67ef497e871bae2a208b31cad8bcc8b.json.gz,Original audit's own reported Cost_PP: 5.49 (methodology/benchmark undocumented in source -- not this project's NRBT benchmark). original audit benchmark (200 NZD->TOP): 291.14 (undocumented methodology).,,
6c3138ed-bf33-4e44-a3ff-e22bb0972b7e,manual-audit-2023-audit2-20260910T002305Z-356d2a48,,,2023-08-05T00:00:00+00:00,,,,manual_audit,devpolicy_manual_audit,https://saverpacific.com/,manual_audit.2023_import,0.1.0,0.4,NZL,NZD,TON,TOP,200.0,,anz-new-zealand,ANZ,ANZ (New Zealand),bank,,ANZ,Account,Account,274.36,0.0,NZD,,1.37,,,,Next day,,,observed,"Manual audit observation, wave 'audit2' (Round 4 ingestion, reports/04-historical.md Task A). Observed via the Saver Pacific comparison site. amount_sent is a fixed 200 units of the origin currency, confirmed by arithmetic against amount_received/fee/rate across the wave, not assumed from a single row.",e13690f5b7e6794b2adc8a2994f5c0f5f67ef497e871bae2a208b31cad8bcc8b,archive/manual-audit-2023/2026/09/10/e13690f5b7e6794b2adc8a2994f5c0f5f67ef497e871bae2a208b31cad8bcc8b.json.gz,Original audit's own reported Cost_PP: 5.76 (methodology/benchmark undocumented in source -- not this project's NRBT benchmark). original audit benchmark (200 NZD->TOP): 291.14 (undocumented methodology).,,
2a22f327-3bab-4fdf-92f8-ce40fce93e41,manual-audit-2023-audit2-20260910T002305Z-356d2a48,,,2023-08-05T00:00:00+00:00,,,,manual_audit,devpolicy_manual_audit,https://saverpacific.com/,manual_audit.2023_import,0.1.0,0.4,NZL,NZD,TON,TOP,200.0,,moneygram,Moneygram (Online),MoneyGram,global_mto,,Moneygram (Online),Account,Mobile,264.03,4.0,NZD,,1.35,,,,Same day,,,observed,"Manual audit observation, wave 'audit2' (Round 4 ingestion, reports/04-historical.md Task A). Observed via the Saver Pacific comparison site. amount_sent is a fixed 200 units of the origin currency, confirmed by arithmetic against amount_received/fee/rate across the wave, not assumed from a single row.",e13690f5b7e6794b2adc8a2994f5c0f5f67ef497e871bae2a208b31cad8bcc8b,archive/manual-audit-2023/2026/09/10/e13690f5b7e6794b2adc8a2994f5c0f5f67ef497e871bae2a208b31cad8bcc8b.json.gz,Original audit's own reported Cost_PP: 9.31 (methodology/benchmark undocumented in source -- not this project's NRBT benchmark). original audit benchmark (200 NZD->TOP): 291.14 (undocumented methodology).,,
6f0f3704-a2db-4f6e-985c-8e033c0d458d,manual-audit-2023-audit2-20260910T002305Z-356d2a48,,,2023-08-05T00:00:00+00:00,,,,manual_audit,devpolicy_manual_audit,https://saverpacific.com/,manual_audit.2023_import,0.1.0,0.4,NZL,NZD,TON,TOP,200.0,,western-union,Western Union (Online),Western Union,global_mto,,Western Union (Online),Account,Mobile,269.68,0.0,NZD,,1.35,,,,Less than one hour,,,observed,"Manual audit observation, wave 'audit2' (Round 4 ingestion, reports/04-historical.md Task A). Observed via the Saver Pacific comparison site. amount_sent is a fixed 200 units of the origin currency, confirmed by arithmetic against amount_received/fee/rate across the wave, not assumed from a single row.",e13690f5b7e6794b2adc8a2994f5c0f5f67ef497e871bae2a208b31cad8bcc8b,archive/manual-audit-2023/2026/09/10/e13690f5b7e6794b2adc8a2994f5c0f5f67ef497e871bae2a208b31cad8bcc8b.json.gz,Original audit's own reported Cost_PP: 7.37 (methodology/benchmark undocumented in source -- not this project's NRBT benchmark). original audit benchmark (200 NZD->TOP): 291.14 (undocumented methodology).,,
4748b2de-7385-4fb9-8a3e-5bb2bc065352,manual-audit-2023-audit2-20260910T002305Z-356d2a48,,,2023-08-05T00:00:00+00:00,,,,manual_audit,devpolicy_manual_audit,https://saverpacific.com/,manual_audit.2023_import,0.1.0,0.4,NZL,NZD,TON,TOP,200.0,,western-union,Western Union (Cash),Western Union,global_mto,,Western Union (Cash),Account,Cash,269.28,0.0,NZD,,1.35,,,,Less than one hour,,,observed,"Manual audit observation, wave 'audit2' (Round 4 ingestion, reports/04-historical.md Task A). Observed via the Saver Pacific comparison site. amount_sent is a fixed 200 units of the origin currency, confirmed by arithmetic against amount_received/fee/rate across the wave, not assumed from a single row.",e13690f5b7e6794b2adc8a2994f5c0f5f67ef497e871bae2a208b31cad8bcc8b,archive/manual-audit-2023/2026/09/10/e13690f5b7e6794b2adc8a2994f5c0f5f67ef497e871bae2a208b31cad8bcc8b.json.gz,Original audit's own reported Cost_PP: 7.51 (methodology/benchmark undocumented in source -- not this project's NRBT benchmark). original audit benchmark (200 NZD->TOP): 291.14 (undocumented methodology).,,
96b84535-38a8-4cc1-a51f-d490a31c2d1f,manual-audit-2023-audit2-20260910T002305Z-356d2a48,,,2023-08-05T00:00:00+00:00,,,,manual_audit,devpolicy_manual_audit,https://saverpacific.com/,manual_audit.2023_import,0.1.0,0.4,NZL,NZD,TON,TOP,200.0,,kiwibank,Kiwi Bank,Kiwibank,bank,,Kiwi Bank,Account,Account,245.99,20.0,NZD,,1.37,,,,3 - 5 days,,,observed,"Manual audit observation, wave 'audit2' (Round 4 ingestion, reports/04-historical.md Task A). Observed via the Saver Pacific comparison site. amount_sent is a fixed 200 units of the origin currency, confirmed by arithmetic against amount_received/fee/rate across the wave, not assumed from a single row.",e13690f5b7e6794b2adc8a2994f5c0f5f67ef497e871bae2a208b31cad8bcc8b,archive/manual-audit-2023/2026/09/10/e13690f5b7e6794b2adc8a2994f5c0f5f67ef497e871bae2a208b31cad8bcc8b.json.gz,Original audit's own reported Cost_PP: 15.51 (methodology/benchmark undocumented in source -- not this project's NRBT benchmark). original audit benchmark (200 NZD->TOP): 291.14 (undocumented methodology).,,
84556e14-91f5-4384-9ad7-3683e8e3d7cb,manual-audit-2023-audit2-20260910T002305Z-356d2a48,,,2023-08-06T00:00:00+00:00,,,,manual_audit,devpolicy_manual_audit,https://sendmoneypacific.org/,manual_audit.2023_import,0.1.0,0.4,AUS,AUD,TON,TOP,200.0,,ria-money-transfer,Ria,Ria Money Transfer,global_mto,,Ria,Account,Mobile,303.55,2.89,AUD,,1.54,,,,Less than one hour,,,observed,"Manual audit observation, wave 'audit2' (Round 4 ingestion, reports/04-historical.md Task A). Observed via the Send Money Pacific comparison site. amount_sent is a fixed 200 units of the origin currency, confirmed by arithmetic against amount_received/fee/rate across the wave, not assumed from a single row.",e13690f5b7e6794b2adc8a2994f5c0f5f67ef497e871bae2a208b31cad8bcc8b,archive/manual-audit-2023/2026/09/10/e13690f5b7e6794b2adc8a2994f5c0f5f67ef497e871bae2a208b31cad8bcc8b.json.gz,Original audit's own reported Cost_PP: 1.45 (methodology/benchmark undocumented in source -- not this project's NRBT benchmark). original audit benchmark (200 AUD->TOP): 316.82 (undocumented methodology).,,
54be4f9c-49e9-4120-821b-81413a475154,manual-audit-2023-audit2-20260910T002305Z-356d2a48,,,2023-08-06T00:00:00+00:00,,,,manual_audit,devpolicy_manual_audit,https://sendmoneypacific.org/,manual_audit.2023_import,0.1.0,0.4,AUS,AUD,TON,TOP,200.0,,moneygram,Moneygram (Online),MoneyGram,global_mto,,Moneygram (Online),Account,Mobile,300.72,0.0,AUD,,1.5,,,,Next day,,,observed,"Manual audit observation, wave 'audit2' (Round 4 ingestion, reports/04-historical.md Task A). Observed via the Send Money Pacific comparison site. amount_sent is a fixed 200 units of the origin currency, confirmed by arithmetic against amount_received/fee/rate across the wave, not assumed from a single row.",e13690f5b7e6794b2adc8a2994f5c0f5f67ef497e871bae2a208b31cad8bcc8b,archive/manual-audit-2023/2026/09/10/e13690f5b7e6794b2adc8a2994f5c0f5f67ef497e871bae2a208b31cad8bcc8b.json.gz,Original audit's own reported Cost_PP: 2.36 (methodology/benchmark undocumented in source -- not this project's NRBT benchmark). original audit benchmark (200 AUD->TOP): 316.82 (undocumented methodology).,,
a739903e-29b9-4f74-b0a4-7a7247cd0a33,manual-audit-2023-audit2-20260910T002305Z-356d2a48,,,2023-08-06T00:00:00+00:00,,,,manual_audit,devpolicy_manual_audit,https://sendmoneypacific.org/,manual_audit.2023_import,0.1.0,0.4,AUS,AUD,TON,TOP,200.0,,ave-paanga-pau,Ave Paanga Pau,'Ave Pa'anga Pau,corridor_specialist,,Ave Paanga Pau,Prepaid,Account,301.3,0.0,AUD,,1.51,,,,Less than one hour,,,observed,"Manual audit observation, wave 'audit2' (Round 4 ingestion, reports/04-historical.md Task A). Observed via the Send Money Pacific comparison site. amount_sent is a fixed 200 units of the origin currency, confirmed by arithmetic against amount_received/fee/rate across the wave, not assumed from a single row.",e13690f5b7e6794b2adc8a2994f5c0f5f67ef497e871bae2a208b31cad8bcc8b,archive/manual-audit-2023/2026/09/10/e13690f5b7e6794b2adc8a2994f5c0f5f67ef497e871bae2a208b31cad8bcc8b.json.gz,Original audit's own reported Cost_PP: 2.18 (methodology/benchmark undocumented in source -- not this project's NRBT benchmark). original audit benchmark (200 AUD->TOP): 316.82 (undocumented methodology).,,
c8c74558-ad49-4ea8-9e4a-7cedcf0677b5,manual-audit-2023-audit2-20260910T002305Z-356d2a48,,,2023-08-06T00:00:00+00:00,,,,manual_audit,devpolicy_manual_audit,https://sendmoneypacific.org/,manual_audit.2023_import,0.1.0,0.4,AUS,AUD,TON,TOP,200.0,,anz-australia,ANZ,ANZ (Australia),bank,,ANZ,Online,Account,296.6,0.0,AUD,,1.48,,,,2 days,,,observed,"Manual audit observation, wave 'audit2' (Round 4 ingestion, reports/04-historical.md Task A). Observed via the Send Money Pacific comparison site. amount_sent is a fixed 200 units of the origin currency, confirmed by arithmetic against amount_received/fee/rate across the wave, not assumed from a single row.",e13690f5b7e6794b2adc8a2994f5c0f5f67ef497e871bae2a208b31cad8bcc8b,archive/manual-audit-2023/2026/09/10/e13690f5b7e6794b2adc8a2994f5c0f5f67ef497e871bae2a208b31cad8bcc8b.json.gz,Original audit's own reported Cost_PP: 3.7 (methodology/benchmark undocumented in source -- not this project's NRBT benchmark). original audit benchmark (200 AUD->TOP): 316.82 (undocumented methodology).,,
fa756605-36b7-4f04-a85f-0f51578e2413,manual-audit-2023-audit2-20260910T002305Z-356d2a48,,,2023-08-06T00:00:00+00:00,,,,manual_audit,devpolicy_manual_audit,https://sendmoneypacific.org/,manual_audit.2023_import,0.1.0,0.4,AUS,AUD,TON,TOP,200.0,,klickex,KlickEX,KlickEx,corridor_specialist,,KlickEX,Account,Mobile,296.77,5.0,AUD,,1.52,,,,Instant,,,observed,"Manual audit observation, wave 'audit2' (Round 4 ingestion, reports/04-historical.md Task A). Observed via the Send Money Pacific comparison site. amount_sent is a fixed 200 units of the origin currency, confirmed by arithmetic against amount_received/fee/rate across the wave, not assumed from a single row.",e13690f5b7e6794b2adc8a2994f5c0f5f67ef497e871bae2a208b31cad8bcc8b,archive/manual-audit-2023/2026/09/10/e13690f5b7e6794b2adc8a2994f5c0f5f67ef497e871bae2a208b31cad8bcc8b.json.gz,Original audit's own reported Cost_PP: 3.68 (methodology/benchmark undocumented in source -- not this project's NRBT benchmark). original audit benchmark (200 AUD->TOP): 316.82 (undocumented methodology).,,
4c29b13e-11ef-4dd6-8b53-e4d1e0b58b35,manual-audit-2023-audit2-20260910T002305Z-356d2a48,,,2023-08-06T00:00:00+00:00,,,,manual_audit,devpolicy_manual_audit,https://sendmoneypacific.org/,manual_audit.2023_import,0.1.0,0.4,AUS,AUD,TON,TOP,200.0,,moneygram,Moneygram (Cash),MoneyGram,global_mto,,Moneygram (Cash),Account,Cash,292.36,2.99,AUD,,1.48,,,,Less than one hour,,,observed,"Manual audit observation, wave 'audit2' (Round 4 ingestion, reports/04-historical.md Task A). Observed via the Send Money Pacific comparison site. amount_sent is a fixed 200 units of the origin currency, confirmed by arithmetic against amount_received/fee/rate across the wave, not assumed from a single row.",e13690f5b7e6794b2adc8a2994f5c0f5f67ef497e871bae2a208b31cad8bcc8b,archive/manual-audit-2023/2026/09/10/e13690f5b7e6794b2adc8a2994f5c0f5f67ef497e871bae2a208b31cad8bcc8b.json.gz,Original audit's own reported Cost_PP: 5.13 (methodology/benchmark undocumented in source -- not this project's NRBT benchmark). original audit benchmark (200 AUD->TOP): 316.82 (undocumented methodology).,,
22030b47-6878-4829-b2ea-19c200df9e67,manual-audit-2023-audit2-20260910T002305Z-356d2a48,,,2023-08-06T00:00:00+00:00,,,,manual_audit,devpolicy_manual_audit,https://sendmoneypacific.org/,manual_audit.2023_import,0.1.0,0.4,AUS,AUD,TON,TOP,200.0,,western-union,Western Union (Online),Western Union,global_mto,,Western Union (Online),Cash,Cash,286.94,5.0,AUD,,1.47,,,,Instant,,,observed,"Manual audit observation, wave 'audit2' (Round 4 ingestion, reports/04-historical.md Task A). Observed via the Send Money Pacific comparison site. amount_sent is a fixed 200 units of the origin currency, confirmed by arithmetic against amount_received/fee/rate across the wave, not assumed from a single row.",e13690f5b7e6794b2adc8a2994f5c0f5f67ef497e871bae2a208b31cad8bcc8b,archive/manual-audit-2023/2026/09/10/e13690f5b7e6794b2adc8a2994f5c0f5f67ef497e871bae2a208b31cad8bcc8b.json.gz,Original audit's own reported Cost_PP: 6.95 (methodology/benchmark undocumented in source -- not this project's NRBT benchmark). original audit benchmark (200 AUD->TOP): 316.82 (undocumented methodology).,,
814e5867-5ca6-4a50-be98-1c2eadc8dfbc,manual-audit-2023-audit2-20260910T002305Z-356d2a48,,,2023-08-06T00:00:00+00:00,,,,manual_audit,devpolicy_manual_audit,https://sendmoneypacific.org/,manual_audit.2023_import,0.1.0,0.4,AUS,AUD,TON,TOP,200.0,,western-union,Western Union (Cash),Western Union,global_mto,,Western Union (Cash),Online,Mobile,283.94,0.0,AUD,,1.42,,,,Instant,,,observed,"Manual audit observation, wave 'audit2' (Round 4 ingestion, reports/04-historical.md Task A). Observed via the Send Money Pacific comparison site. amount_sent is a fixed 200 units of the origin currency, confirmed by arithmetic against amount_received/fee/rate across the wave, not assumed from a single row.",e13690f5b7e6794b2adc8a2994f5c0f5f67ef497e871bae2a208b31cad8bcc8b,archive/manual-audit-2023/2026/09/10/e13690f5b7e6794b2adc8a2994f5c0f5f67ef497e871bae2a208b31cad8bcc8b.json.gz,Original audit's own reported Cost_PP: 7.81 (methodology/benchmark undocumented in source -- not this project's NRBT benchmark). original audit benchmark (200 AUD->TOP): 316.82 (undocumented methodology).,,
5a158176-4036-41ea-ba6d-f56260ceb46f,manual-audit-2023-audit2-20260910T002305Z-356d2a48,,,2023-08-06T00:00:00+00:00,,,,manual_audit,devpolicy_manual_audit,https://sendmoneypacific.org/,manual_audit.2023_import,0.1.0,0.4,AUS,AUD,TON,TOP,200.0,,nab,NAB,National Australia Bank,bank,,NAB,Online,Account,240.99,30.0,AUD,,1.42,,,,3 days,,,observed,"Manual audit observation, wave 'audit2' (Round 4 ingestion, reports/04-historical.md Task A). Observed via the Send Money Pacific comparison site. amount_sent is a fixed 200 units of the origin currency, confirmed by arithmetic against amount_received/fee/rate across the wave, not assumed from a single row.",e13690f5b7e6794b2adc8a2994f5c0f5f67ef497e871bae2a208b31cad8bcc8b,archive/manual-audit-2023/2026/09/10/e13690f5b7e6794b2adc8a2994f5c0f5f67ef497e871bae2a208b31cad8bcc8b.json.gz,Original audit's own reported Cost_PP: 22.95 (methodology/benchmark undocumented in source -- not this project's NRBT benchmark). original audit benchmark (200 AUD->TOP): 316.82 (undocumented methodology).,,
424eab8d-280e-4eb6-a4ad-e30131fad845,manual-audit-2023-audit2-20260910T002305Z-356d2a48,,,2023-08-06T00:00:00+00:00,,,,manual_audit,devpolicy_manual_audit,https://saverpacific.com/,manual_audit.2023_import,0.1.0,0.4,AUS,AUD,TON,TOP,200.0,,ria-money-transfer,Ria,Ria Money Transfer,global_mto,,Ria,Account,Mobile,313.4,2.89,AUD,,1.59,,,,Less than one hour,,,observed,"Manual audit observation, wave 'audit2' (Round 4 ingestion, reports/04-historical.md Task A). Observed via the Saver Pacific comparison site. amount_sent is a fixed 200 units of the origin currency, confirmed by arithmetic against amount_received/fee/rate across the wave, not assumed from a single row.",e13690f5b7e6794b2adc8a2994f5c0f5f67ef497e871bae2a208b31cad8bcc8b,archive/manual-audit-2023/2026/09/10/e13690f5b7e6794b2adc8a2994f5c0f5f67ef497e871bae2a208b31cad8bcc8b.json.gz,Original audit's own reported Cost_PP: 1.08 (methodology/benchmark undocumented in source -- not this project's NRBT benchmark). original audit benchmark (200 AUD->TOP): 316.82 (undocumented methodology).,,
b2ee23c4-6c4b-4b97-8746-9b386b942b8d,manual-audit-2023-audit2-20260910T002305Z-356d2a48,,,2023-08-06T00:00:00+00:00,,,,manual_audit,devpolicy_manual_audit,https://saverpacific.com/,manual_audit.2023_import,0.1.0,0.4,AUS,AUD,TON,TOP,200.0,,ave-paanga-pau,Ave Paanga Pau,'Ave Pa'anga Pau,corridor_specialist,,Ave Paanga Pau,Prepaid,Account,308.6,0.0,AUD,,1.54,,,,Next day,,,observed,"Manual audit observation, wave 'audit2' (Round 4 ingestion, reports/04-historical.md Task A). Observed via the Saver Pacific comparison site. amount_sent is a fixed 200 units of the origin currency, confirmed by arithmetic against amount_received/fee/rate across the wave, not assumed from a single row.",e13690f5b7e6794b2adc8a2994f5c0f5f67ef497e871bae2a208b31cad8bcc8b,archive/manual-audit-2023/2026/09/10/e13690f5b7e6794b2adc8a2994f5c0f5f67ef497e871bae2a208b31cad8bcc8b.json.gz,Original audit's own reported Cost_PP: 2.59 (methodology/benchmark undocumented in source -- not this project's NRBT benchmark). original audit benchmark (200 AUD->TOP): 316.82 (undocumented methodology).,,
20a04623-ad9a-41f4-98e7-51c5e124d18a,manual-audit-2023-audit2-20260910T002305Z-356d2a48,,,2023-08-06T00:00:00+00:00,,,,manual_audit,devpolicy_manual_audit,https://saverpacific.com/,manual_audit.2023_import,0.1.0,0.4,AUS,AUD,TON,TOP,200.0,,moneygram,Moneygram (Online),MoneyGram,global_mto,,Moneygram (Online),Account,Mobile,309.1,0.0,AUD,,1.55,,,,Same day,,,observed,"Manual audit observation, wave 'audit2' (Round 4 ingestion, reports/04-historical.md Task A). Observed via the Saver Pacific comparison site. amount_sent is a fixed 200 units of the origin currency, confirmed by arithmetic against amount_received/fee/rate across the wave, not assumed from a single row.",e13690f5b7e6794b2adc8a2994f5c0f5f67ef497e871bae2a208b31cad8bcc8b,archive/manual-audit-2023/2026/09/10/e13690f5b7e6794b2adc8a2994f5c0f5f67ef497e871bae2a208b31cad8bcc8b.json.gz,Original audit's own reported Cost_PP: 2.44 (methodology/benchmark undocumented in source -- not this project's NRBT benchmark). original audit benchmark (200 AUD->TOP): 316.82 (undocumented methodology).,,
077dcadb-23d0-42c0-bc97-109b26387d03,manual-audit-2023-audit2-20260910T002305Z-356d2a48,,,2023-08-06T00:00:00+00:00,,,,manual_audit,devpolicy_manual_audit,https://saverpacific.com/,manual_audit.2023_import,0.1.0,0.4,AUS,AUD,TON,TOP,200.0,,anz-australia,ANZ,ANZ (Australia),bank,,ANZ,Online,Account,296.54,0.0,AUD,,1.48,,,,2 days,,,observed,"Manual audit observation, wave 'audit2' (Round 4 ingestion, reports/04-historical.md Task A). Observed via the Saver Pacific comparison site. amount_sent is a fixed 200 units of the origin currency, confirmed by arithmetic against amount_received/fee/rate across the wave, not assumed from a single row.",e13690f5b7e6794b2adc8a2994f5c0f5f67ef497e871bae2a208b31cad8bcc8b,archive/manual-audit-2023/2026/09/10/e13690f5b7e6794b2adc8a2994f5c0f5f67ef497e871bae2a208b31cad8bcc8b.json.gz,Original audit's own reported Cost_PP: 4.8 (methodology/benchmark undocumented in source -- not this project's NRBT benchmark). original audit benchmark (200 AUD->TOP): 311.48 (undocumented methodology).,,
611ab9b6-1478-4f3e-bf81-ef9e8e78e05f,manual-audit-2023-audit2-20260910T002305Z-356d2a48,,,2023-08-06T00:00:00+00:00,,,,manual_audit,devpolicy_manual_audit,https://saverpacific.com/,manual_audit.2023_import,0.1.0,0.4,AUS,AUD,TON,TOP,200.0,,wantok-money,Wantok,WanTok Money,corridor_specialist,,Wantok,Account,Mobile,299.13,5.0,AUD,,1.53,,,,Less than one hour,,,observed,"Manual audit observation, wave 'audit2' (Round 4 ingestion, reports/04-historical.md Task A). Observed via the Saver Pacific comparison site. amount_sent is a fixed 200 units of the origin currency, confirmed by arithmetic against amount_received/fee/rate across the wave, not assumed from a single row.",e13690f5b7e6794b2adc8a2994f5c0f5f67ef497e871bae2a208b31cad8bcc8b,archive/manual-audit-2023/2026/09/10/e13690f5b7e6794b2adc8a2994f5c0f5f67ef497e871bae2a208b31cad8bcc8b.json.gz,Original audit's own reported Cost_PP: 5.58 (methodology/benchmark undocumented in source -- not this project's NRBT benchmark). original audit benchmark (200 AUD->TOP): 316.82 (undocumented methodology).,,
c780be84-1369-4065-8f19-823647fab982,manual-audit-2023-audit2-20260910T002305Z-356d2a48,,,2023-08-06T00:00:00+00:00,,,,manual_audit,devpolicy_manual_audit,https://saverpacific.com/,manual_audit.2023_import,0.1.0,0.4,AUS,AUD,TON,TOP,200.0,,moneygram,Moneygram (Cash),MoneyGram,global_mto,,Moneygram (Cash),Account,Cash,300.66,2.99,AUD,,1.53,,,,Less than one hour,,,observed,"Manual audit observation, wave 'audit2' (Round 4 ingestion, reports/04-historical.md Task A). Observed via the Saver Pacific comparison site. amount_sent is a fixed 200 units of the origin currency, confirmed by arithmetic against amount_received/fee/rate across the wave, not assumed from a single row.",e13690f5b7e6794b2adc8a2994f5c0f5f67ef497e871bae2a208b31cad8bcc8b,archive/manual-audit-2023/2026/09/10/e13690f5b7e6794b2adc8a2994f5c0f5f67ef497e871bae2a208b31cad8bcc8b.json.gz,Original audit's own reported Cost_PP: 5.1 (methodology/benchmark undocumented in source -- not this project's NRBT benchmark). original audit benchmark (200 AUD->TOP): 316.82 (undocumented methodology).,,
3a2bc142-f996-479f-8920-ade5aed09a73,manual-audit-2023-audit2-20260910T002305Z-356d2a48,,,2023-08-06T00:00:00+00:00,,,,manual_audit,devpolicy_manual_audit,https://saverpacific.com/,manual_audit.2023_import,0.1.0,0.4,AUS,AUD,TON,TOP,200.0,,western-union,Western Union (Online),Western Union,global_mto,,Western Union (Online),Cash,Cash,294.92,5.0,AUD,,1.51,,,,Instant,,,observed,"Manual audit observation, wave 'audit2' (Round 4 ingestion, reports/04-historical.md Task A). Observed via the Saver Pacific comparison site. amount_sent is a fixed 200 units of the origin currency, confirmed by arithmetic against amount_received/fee/rate across the wave, not assumed from a single row.",e13690f5b7e6794b2adc8a2994f5c0f5f67ef497e871bae2a208b31cad8bcc8b,archive/manual-audit-2023/2026/09/10/e13690f5b7e6794b2adc8a2994f5c0f5f67ef497e871bae2a208b31cad8bcc8b.json.gz,Original audit's own reported Cost_PP: 6.91 (methodology/benchmark undocumented in source -- not this project's NRBT benchmark). original audit benchmark (200 AUD->TOP): 316.82 (undocumented methodology).,,
640a1464-e856-44f8-91af-1f7fa984496c,manual-audit-2023-audit2-20260910T002305Z-356d2a48,,,2023-08-06T00:00:00+00:00,,,,manual_audit,devpolicy_manual_audit,https://saverpacific.com/,manual_audit.2023_import,0.1.0,0.4,AUS,AUD,TON,TOP,200.0,,western-union,Western Union (Cash),Western Union,global_mto,,Western Union (Cash),Online,Mobile,294.6,0.0,AUD,,1.47,,,,Instant,,,observed,"Manual audit observation, wave 'audit2' (Round 4 ingestion, reports/04-historical.md Task A). Observed via the Saver Pacific comparison site. amount_sent is a fixed 200 units of the origin currency, confirmed by arithmetic against amount_received/fee/rate across the wave, not assumed from a single row.",e13690f5b7e6794b2adc8a2994f5c0f5f67ef497e871bae2a208b31cad8bcc8b,archive/manual-audit-2023/2026/09/10/e13690f5b7e6794b2adc8a2994f5c0f5f67ef497e871bae2a208b31cad8bcc8b.json.gz,Original audit's own reported Cost_PP: 7.01 (methodology/benchmark undocumented in source -- not this project's NRBT benchmark). original audit benchmark (200 AUD->TOP): 316.82 (undocumented methodology).,,
ec23057b-ee89-416e-87a7-efe97433a843,manual-audit-2023-audit2-20260910T002305Z-356d2a48,,,2023-08-06T00:00:00+00:00,,,,manual_audit,devpolicy_manual_audit,https://saverpacific.com/,manual_audit.2023_import,0.1.0,0.4,AUS,AUD,TON,TOP,200.0,,ofx,OFX,OFX,global_mto,,OFX,Account,Account,258.59,15.0,AUD,,1.4,,,,3 - 5 days,,,observed,"Manual audit observation, wave 'audit2' (Round 4 ingestion, reports/04-historical.md Task A). Observed via the Saver Pacific comparison site. amount_sent is a fixed 200 units of the origin currency, confirmed by arithmetic against amount_received/fee/rate across the wave, not assumed from a single row.",e13690f5b7e6794b2adc8a2994f5c0f5f67ef497e871bae2a208b31cad8bcc8b,archive/manual-audit-2023/2026/09/10/e13690f5b7e6794b2adc8a2994f5c0f5f67ef497e871bae2a208b31cad8bcc8b.json.gz,Original audit's own reported Cost_PP: 16.98 (methodology/benchmark undocumented in source -- not this project's NRBT benchmark). original audit benchmark (200 AUD->TOP): 311.48 (undocumented methodology).,,
d04a7473-2869-41cc-9318-78e46b886b62,manual-audit-2023-audit2-20260910T002305Z-356d2a48,,,2023-08-06T00:00:00+00:00,,,,manual_audit,devpolicy_manual_audit,https://sendmoneypacific.org/,manual_audit.2023_import,0.1.0,0.4,NZL,NZD,TON,TOP,200.0,,ave-paanga-pau,Ave Paanga Pau,'Ave Pa'anga Pau,corridor_specialist,,Ave Paanga Pau,Prepaid,Account,278.48,0.0,NZD,,1.39,,,,Less than one hour,,,observed,"Manual audit observation, wave 'audit2' (Round 4 ingestion, reports/04-historical.md Task A). Observed via the Send Money Pacific comparison site. amount_sent is a fixed 200 units of the origin currency, confirmed by arithmetic against amount_received/fee/rate across the wave, not assumed from a single row.",e13690f5b7e6794b2adc8a2994f5c0f5f67ef497e871bae2a208b31cad8bcc8b,archive/manual-audit-2023/2026/09/10/e13690f5b7e6794b2adc8a2994f5c0f5f67ef497e871bae2a208b31cad8bcc8b.json.gz,Original audit's own reported Cost_PP: 2.63 (methodology/benchmark undocumented in source -- not this project's NRBT benchmark). original audit benchmark (200 NZD->TOP): 291.14 (undocumented methodology).,,
774488d2-9096-4d11-bc85-bf4a710d4b1e,manual-audit-2023-audit2-20260910T002305Z-356d2a48,,,2023-08-06T00:00:00+00:00,,,,manual_audit,devpolicy_manual_audit,https://sendmoneypacific.org/,manual_audit.2023_import,0.1.0,0.4,NZL,NZD,TON,TOP,200.0,,anz-new-zealand,ANZ,ANZ (New Zealand),bank,,ANZ,Online,Account,274.72,0.0,NZD,,1.37,,,,2 days,,,observed,"Manual audit observation, wave 'audit2' (Round 4 ingestion, reports/04-historical.md Task A). Observed via the Send Money Pacific comparison site. amount_sent is a fixed 200 units of the origin currency, confirmed by arithmetic against amount_received/fee/rate across the wave, not assumed from a single row.",e13690f5b7e6794b2adc8a2994f5c0f5f67ef497e871bae2a208b31cad8bcc8b,archive/manual-audit-2023/2026/09/10/e13690f5b7e6794b2adc8a2994f5c0f5f67ef497e871bae2a208b31cad8bcc8b.json.gz,Original audit's own reported Cost_PP: 3.94 (methodology/benchmark undocumented in source -- not this project's NRBT benchmark). original audit benchmark (200 NZD->TOP): 291.14 (undocumented methodology).,,
c0811b8e-0a32-4a15-a34e-3cecf613d306,manual-audit-2023-audit2-20260910T002305Z-356d2a48,,,2023-08-06T00:00:00+00:00,,,,manual_audit,devpolicy_manual_audit,https://sendmoneypacific.org/,manual_audit.2023_import,0.1.0,0.4,NZL,NZD,TON,TOP,200.0,,klickex,KlickEX,KlickEx,corridor_specialist,,KlickEX,Account,Mobile,273.19,5.0,NZD,,1.4,,,,Instant,,,observed,"Manual audit observation, wave 'audit2' (Round 4 ingestion, reports/04-historical.md Task A). Observed via the Send Money Pacific comparison site. amount_sent is a fixed 200 units of the origin currency, confirmed by arithmetic against amount_received/fee/rate across the wave, not assumed from a single row.",e13690f5b7e6794b2adc8a2994f5c0f5f67ef497e871bae2a208b31cad8bcc8b,archive/manual-audit-2023/2026/09/10/e13690f5b7e6794b2adc8a2994f5c0f5f67ef497e871bae2a208b31cad8bcc8b.json.gz,Original audit's own reported Cost_PP: 4.53 (methodology/benchmark undocumented in source -- not this project's NRBT benchmark). original audit benchmark (200 NZD->TOP): 291.14 (undocumented methodology).,,
ce468685-545e-4db9-9abd-8f2d1f9962e1,manual-audit-2023-audit2-20260910T002305Z-356d2a48,,,2023-08-06T00:00:00+00:00,,,,manual_audit,devpolicy_manual_audit,https://sendmoneypacific.org/,manual_audit.2023_import,0.1.0,0.4,NZL,NZD,TON,TOP,200.0,,wantok-money,Wantok,WanTok Money,corridor_specialist,,Wantok,Account,Mobile,271.58,5.0,NZD,,1.39,,,,Instant,,,observed,"Manual audit observation, wave 'audit2' (Round 4 ingestion, reports/04-historical.md Task A). Observed via the Send Money Pacific comparison site. amount_sent is a fixed 200 units of the origin currency, confirmed by arithmetic against amount_received/fee/rate across the wave, not assumed from a single row.",e13690f5b7e6794b2adc8a2994f5c0f5f67ef497e871bae2a208b31cad8bcc8b,archive/manual-audit-2023/2026/09/10/e13690f5b7e6794b2adc8a2994f5c0f5f67ef497e871bae2a208b31cad8bcc8b.json.gz,Original audit's own reported Cost_PP: 5.11 (methodology/benchmark undocumented in source -- not this project's NRBT benchmark). original audit benchmark (200 NZD->TOP): 291.14 (undocumented methodology).,,
af5e3484-3f44-48d6-8242-ead16683e132,manual-audit-2023-audit2-20260910T002305Z-356d2a48,,,2023-08-06T00:00:00+00:00,,,,manual_audit,devpolicy_manual_audit,https://sendmoneypacific.org/,manual_audit.2023_import,0.1.0,0.4,NZL,NZD,TON,TOP,200.0,,moneygram,Moneygram (Cash),MoneyGram,global_mto,,Moneygram (Cash),Account,Cash,270.5,4.0,NZD,,1.38,,,,Less than one hour,,,observed,"Manual audit observation, wave 'audit2' (Round 4 ingestion, reports/04-historical.md Task A). Observed via the Send Money Pacific comparison site. amount_sent is a fixed 200 units of the origin currency, confirmed by arithmetic against amount_received/fee/rate across the wave, not assumed from a single row.",e13690f5b7e6794b2adc8a2994f5c0f5f67ef497e871bae2a208b31cad8bcc8b,archive/manual-audit-2023/2026/09/10/e13690f5b7e6794b2adc8a2994f5c0f5f67ef497e871bae2a208b31cad8bcc8b.json.gz,Original audit's own reported Cost_PP: 5.49 (methodology/benchmark undocumented in source -- not this project's NRBT benchmark). original audit benchmark (200 NZD->TOP): 291.14 (undocumented methodology).,,
463f21c8-f830-4c4c-a689-e1ee8c4a6ff5,manual-audit-2023-audit2-20260910T002305Z-356d2a48,,,2023-08-06T00:00:00+00:00,,,,manual_audit,devpolicy_manual_audit,https://sendmoneypacific.org/,manual_audit.2023_import,0.1.0,0.4,NZL,NZD,TON,TOP,200.0,,moneygram,Moneygram (Online),MoneyGram,global_mto,,Moneygram (Online),Account,Mobile,259.56,4.0,NZD,,1.32,,,,Less than one hour,,,observed,"Manual audit observation, wave 'audit2' (Round 4 ingestion, reports/04-historical.md Task A). Observed via the Send Money Pacific comparison site. amount_sent is a fixed 200 units of the origin currency, confirmed by arithmetic against amount_received/fee/rate across the wave, not assumed from a single row.",e13690f5b7e6794b2adc8a2994f5c0f5f67ef497e871bae2a208b31cad8bcc8b,archive/manual-audit-2023/2026/09/10/e13690f5b7e6794b2adc8a2994f5c0f5f67ef497e871bae2a208b31cad8bcc8b.json.gz,Original audit's own reported Cost_PP: 9.39 (methodology/benchmark undocumented in source -- not this project's NRBT benchmark). original audit benchmark (200 NZD->TOP): 291.14 (undocumented methodology).,,
c31bff98-c1f6-4575-a2cd-eb6bbbf645e1,manual-audit-2023-audit2-20260910T002305Z-356d2a48,,,2023-08-06T00:00:00+00:00,,,,manual_audit,devpolicy_manual_audit,https://sendmoneypacific.org/,manual_audit.2023_import,0.1.0,0.4,NZL,NZD,TON,TOP,200.0,,western-union,Western Union (Online),Western Union,global_mto,,Western Union (Online),Online,Mobile,266.2,0.0,NZD,,1.33,,,,Less than one hour,,,observed,"Manual audit observation, wave 'audit2' (Round 4 ingestion, reports/04-historical.md Task A). Observed via the Send Money Pacific comparison site. amount_sent is a fixed 200 units of the origin currency, confirmed by arithmetic against amount_received/fee/rate across the wave, not assumed from a single row.",e13690f5b7e6794b2adc8a2994f5c0f5f67ef497e871bae2a208b31cad8bcc8b,archive/manual-audit-2023/2026/09/10/e13690f5b7e6794b2adc8a2994f5c0f5f67ef497e871bae2a208b31cad8bcc8b.json.gz,Original audit's own reported Cost_PP: 6.92 (methodology/benchmark undocumented in source -- not this project's NRBT benchmark). original audit benchmark (200 NZD->TOP): 291.14 (undocumented methodology).,,
4f83f23b-9260-4a52-b7ba-ca890549d003,manual-audit-2023-audit2-20260910T002305Z-356d2a48,,,2023-08-06T00:00:00+00:00,,,,manual_audit,devpolicy_manual_audit,https://sendmoneypacific.org/,manual_audit.2023_import,0.1.0,0.4,NZL,NZD,TON,TOP,200.0,,western-union,Western Union (Cash),Western Union,global_mto,,Western Union (Cash),Online,Cash,265.8,0.0,NZD,,1.33,,,,Same day,,,observed,"Manual audit observation, wave 'audit2' (Round 4 ingestion, reports/04-historical.md Task A). Observed via the Send Money Pacific comparison site. amount_sent is a fixed 200 units of the origin currency, confirmed by arithmetic against amount_received/fee/rate across the wave, not assumed from a single row.",e13690f5b7e6794b2adc8a2994f5c0f5f67ef497e871bae2a208b31cad8bcc8b,archive/manual-audit-2023/2026/09/10/e13690f5b7e6794b2adc8a2994f5c0f5f67ef497e871bae2a208b31cad8bcc8b.json.gz,Original audit's own reported Cost_PP: 7.06 (methodology/benchmark undocumented in source -- not this project's NRBT benchmark). original audit benchmark (200 NZD->TOP): 291.14 (undocumented methodology).,,
b948a1a9-ce37-4150-a1e2-a69bc4f34115,manual-audit-2023-audit2-20260910T002305Z-356d2a48,,,2023-08-06T00:00:00+00:00,,,,manual_audit,devpolicy_manual_audit,https://sendmoneypacific.org/,manual_audit.2023_import,0.1.0,0.4,NZL,NZD,TON,TOP,200.0,,asb,ASB,ASB,bank,,ASB,Account,Account,225.45,30.0,NZD,,1.33,,,,2 days,,,observed,"Manual audit observation, wave 'audit2' (Round 4 ingestion, reports/04-historical.md Task A). Observed via the Send Money Pacific comparison site. amount_sent is a fixed 200 units of the origin currency, confirmed by arithmetic against amount_received/fee/rate across the wave, not assumed from a single row.",e13690f5b7e6794b2adc8a2994f5c0f5f67ef497e871bae2a208b31cad8bcc8b,archive/manual-audit-2023/2026/09/10/e13690f5b7e6794b2adc8a2994f5c0f5f67ef497e871bae2a208b31cad8bcc8b.json.gz,Original audit's own reported Cost_PP: 22.26 (methodology/benchmark undocumented in source -- not this project's NRBT benchmark). original audit benchmark (200 NZD->TOP): 291.14 (undocumented methodology).,,
a1cd088a-8afd-4dda-84e6-9d536c37fdfb,manual-audit-2023-audit2-20260910T002305Z-356d2a48,,,2023-08-06T00:00:00+00:00,,,,manual_audit,devpolicy_manual_audit,https://saverpacific.com/,manual_audit.2023_import,0.1.0,0.4,NZL,NZD,TON,TOP,200.0,,ave-paanga-pau,Ave Paanga Pau,'Ave Pa'anga Pau,corridor_specialist,,Ave Paanga Pau,Prepaid,Account,280.4,0.0,NZD,,1.4,,,,Less than one hour,,,observed,"Manual audit observation, wave 'audit2' (Round 4 ingestion, reports/04-historical.md Task A). Observed via the Saver Pacific comparison site. amount_sent is a fixed 200 units of the origin currency, confirmed by arithmetic against amount_received/fee/rate across the wave, not assumed from a single row.",e13690f5b7e6794b2adc8a2994f5c0f5f67ef497e871bae2a208b31cad8bcc8b,archive/manual-audit-2023/2026/09/10/e13690f5b7e6794b2adc8a2994f5c0f5f67ef497e871bae2a208b31cad8bcc8b.json.gz,Original audit's own reported Cost_PP: 3.69 (methodology/benchmark undocumented in source -- not this project's NRBT benchmark). original audit benchmark (200 NZD->TOP): 291.14 (undocumented methodology).,,
051419dd-2f1b-4033-b336-2e58b5b92a80,manual-audit-2023-audit2-20260910T002305Z-356d2a48,,,2023-08-06T00:00:00+00:00,,,,manual_audit,devpolicy_manual_audit,https://saverpacific.com/,manual_audit.2023_import,0.1.0,0.4,NZL,NZD,TON,TOP,200.0,,imex,iMEX,IMEX Money Transfer,corridor_specialist,,iMEX,Account,Account/Cash/Mobile,280.0,0.0,NZD,,1.4,,,,Less than one hour,,,observed,"Manual audit observation, wave 'audit2' (Round 4 ingestion, reports/04-historical.md Task A). Observed via the Saver Pacific comparison site. amount_sent is a fixed 200 units of the origin currency, confirmed by arithmetic against amount_received/fee/rate across the wave, not assumed from a single row.",e13690f5b7e6794b2adc8a2994f5c0f5f67ef497e871bae2a208b31cad8bcc8b,archive/manual-audit-2023/2026/09/10/e13690f5b7e6794b2adc8a2994f5c0f5f67ef497e871bae2a208b31cad8bcc8b.json.gz,Original audit's own reported Cost_PP: 3.83 (methodology/benchmark undocumented in source -- not this project's NRBT benchmark). original audit benchmark (200 NZD->TOP): 291.14 (undocumented methodology).,,
6b744af7-8c62-4974-a5d3-b54f4d0294fd,manual-audit-2023-audit2-20260910T002305Z-356d2a48,,,2023-08-06T00:00:00+00:00,,,,manual_audit,devpolicy_manual_audit,https://saverpacific.com/,manual_audit.2023_import,0.1.0,0.4,NZL,NZD,TON,TOP,200.0,,wantok-money,Wantok,WanTok Money,corridor_specialist,,Wantok,Account,Mobile,273.12,5.0,NZD,,1.4,,,,Less than one hour,,,observed,"Manual audit observation, wave 'audit2' (Round 4 ingestion, reports/04-historical.md Task A). Observed via the Saver Pacific comparison site. amount_sent is a fixed 200 units of the origin currency, confirmed by arithmetic against amount_received/fee/rate across the wave, not assumed from a single row.",e13690f5b7e6794b2adc8a2994f5c0f5f67ef497e871bae2a208b31cad8bcc8b,archive/manual-audit-2023/2026/09/10/e13690f5b7e6794b2adc8a2994f5c0f5f67ef497e871bae2a208b31cad8bcc8b.json.gz,Original audit's own reported Cost_PP: 6.19 (methodology/benchmark undocumented in source -- not this project's NRBT benchmark). original audit benchmark (200 NZD->TOP): 291.14 (undocumented methodology).,,
eca7ba28-d6ee-4b62-b8b0-0d8da297b79a,manual-audit-2023-audit2-20260910T002305Z-356d2a48,,,2023-08-06T00:00:00+00:00,,,,manual_audit,devpolicy_manual_audit,https://saverpacific.com/,manual_audit.2023_import,0.1.0,0.4,NZL,NZD,TON,TOP,200.0,,moneygram,Moneygram (Cash),MoneyGram,global_mto,,Moneygram (Cash),Account,Cash,275.16,4.0,NZD,,1.4,,,,Less than one hour,,,observed,"Manual audit observation, wave 'audit2' (Round 4 ingestion, reports/04-historical.md Task A). Observed via the Saver Pacific comparison site. amount_sent is a fixed 200 units of the origin currency, confirmed by arithmetic against amount_received/fee/rate across the wave, not assumed from a single row.",e13690f5b7e6794b2adc8a2994f5c0f5f67ef497e871bae2a208b31cad8bcc8b,archive/manual-audit-2023/2026/09/10/e13690f5b7e6794b2adc8a2994f5c0f5f67ef497e871bae2a208b31cad8bcc8b.json.gz,Original audit's own reported Cost_PP: 5.49 (methodology/benchmark undocumented in source -- not this project's NRBT benchmark). original audit benchmark (200 NZD->TOP): 291.14 (undocumented methodology).,,
168d16fe-9307-47a2-805b-fd66d5891e2f,manual-audit-2023-audit2-20260910T002305Z-356d2a48,,,2023-08-06T00:00:00+00:00,,,,manual_audit,devpolicy_manual_audit,https://saverpacific.com/,manual_audit.2023_import,0.1.0,0.4,NZL,NZD,TON,TOP,200.0,,anz-new-zealand,ANZ,ANZ (New Zealand),bank,,ANZ,Account,Account,274.36,0.0,NZD,,1.37,,,,Next day,,,observed,"Manual audit observation, wave 'audit2' (Round 4 ingestion, reports/04-historical.md Task A). Observed via the Saver Pacific comparison site. amount_sent is a fixed 200 units of the origin currency, confirmed by arithmetic against amount_received/fee/rate across the wave, not assumed from a single row.",e13690f5b7e6794b2adc8a2994f5c0f5f67ef497e871bae2a208b31cad8bcc8b,archive/manual-audit-2023/2026/09/10/e13690f5b7e6794b2adc8a2994f5c0f5f67ef497e871bae2a208b31cad8bcc8b.json.gz,Original audit's own reported Cost_PP: 5.76 (methodology/benchmark undocumented in source -- not this project's NRBT benchmark). original audit benchmark (200 NZD->TOP): 291.14 (undocumented methodology).,,
ae587a5f-142d-4d24-a46e-abc517940c05,manual-audit-2023-audit2-20260910T002305Z-356d2a48,,,2023-08-06T00:00:00+00:00,,,,manual_audit,devpolicy_manual_audit,https://saverpacific.com/,manual_audit.2023_import,0.1.0,0.4,NZL,NZD,TON,TOP,200.0,,moneygram,Moneygram (Online),MoneyGram,global_mto,,Moneygram (Online),Account,Mobile,264.03,4.0,NZD,,1.35,,,,Same day,,,observed,"Manual audit observation, wave 'audit2' (Round 4 ingestion, reports/04-historical.md Task A). Observed via the Saver Pacific comparison site. amount_sent is a fixed 200 units of the origin currency, confirmed by arithmetic against amount_received/fee/rate across the wave, not assumed from a single row.",e13690f5b7e6794b2adc8a2994f5c0f5f67ef497e871bae2a208b31cad8bcc8b,archive/manual-audit-2023/2026/09/10/e13690f5b7e6794b2adc8a2994f5c0f5f67ef497e871bae2a208b31cad8bcc8b.json.gz,Original audit's own reported Cost_PP: 9.31 (methodology/benchmark undocumented in source -- not this project's NRBT benchmark). original audit benchmark (200 NZD->TOP): 291.14 (undocumented methodology).,,
88433edf-5913-46d7-a3bb-01195eab5e9c,manual-audit-2023-audit2-20260910T002305Z-356d2a48,,,2023-08-06T00:00:00+00:00,,,,manual_audit,devpolicy_manual_audit,https://saverpacific.com/,manual_audit.2023_import,0.1.0,0.4,NZL,NZD,TON,TOP,200.0,,western-union,Western Union (Online),Western Union,global_mto,,Western Union (Online),Account,Mobile,269.68,0.0,NZD,,1.35,,,,Less than one hour,,,observed,"Manual audit observation, wave 'audit2' (Round 4 ingestion, reports/04-historical.md Task A). Observed via the Saver Pacific comparison site. amount_sent is a fixed 200 units of the origin currency, confirmed by arithmetic against amount_received/fee/rate across the wave, not assumed from a single row.",e13690f5b7e6794b2adc8a2994f5c0f5f67ef497e871bae2a208b31cad8bcc8b,archive/manual-audit-2023/2026/09/10/e13690f5b7e6794b2adc8a2994f5c0f5f67ef497e871bae2a208b31cad8bcc8b.json.gz,Original audit's own reported Cost_PP: 7.37 (methodology/benchmark undocumented in source -- not this project's NRBT benchmark). original audit benchmark (200 NZD->TOP): 291.14 (undocumented methodology).,,
b92c4115-459e-4ff2-9037-307556a8a1d0,manual-audit-2023-audit2-20260910T002305Z-356d2a48,,,2023-08-06T00:00:00+00:00,,,,manual_audit,devpolicy_manual_audit,https://saverpacific.com/,manual_audit.2023_import,0.1.0,0.4,NZL,NZD,TON,TOP,200.0,,western-union,Western Union (Cash),Western Union,global_mto,,Western Union (Cash),Account,Cash,269.28,0.0,NZD,,1.35,,,,Less than one hour,,,observed,"Manual audit observation, wave 'audit2' (Round 4 ingestion, reports/04-historical.md Task A). Observed via the Saver Pacific comparison site. amount_sent is a fixed 200 units of the origin currency, confirmed by arithmetic against amount_received/fee/rate across the wave, not assumed from a single row.",e13690f5b7e6794b2adc8a2994f5c0f5f67ef497e871bae2a208b31cad8bcc8b,archive/manual-audit-2023/2026/09/10/e13690f5b7e6794b2adc8a2994f5c0f5f67ef497e871bae2a208b31cad8bcc8b.json.gz,Original audit's own reported Cost_PP: 7.51 (methodology/benchmark undocumented in source -- not this project's NRBT benchmark). original audit benchmark (200 NZD->TOP): 291.14 (undocumented methodology).,,
1ab3c2e6-3a2d-46ae-8ad3-80285b88ee76,manual-audit-2023-audit2-20260910T002305Z-356d2a48,,,2023-08-06T00:00:00+00:00,,,,manual_audit,devpolicy_manual_audit,https://saverpacific.com/,manual_audit.2023_import,0.1.0,0.4,NZL,NZD,TON,TOP,200.0,,kiwibank,Kiwi Bank,Kiwibank,bank,,Kiwi Bank,Account,Account,245.99,20.0,NZD,,1.37,,,,3 - 5 days,,,observed,"Manual audit observation, wave 'audit2' (Round 4 ingestion, reports/04-historical.md Task A). Observed via the Saver Pacific comparison site. amount_sent is a fixed 200 units of the origin currency, confirmed by arithmetic against amount_received/fee/rate across the wave, not assumed from a single row.",e13690f5b7e6794b2adc8a2994f5c0f5f67ef497e871bae2a208b31cad8bcc8b,archive/manual-audit-2023/2026/09/10/e13690f5b7e6794b2adc8a2994f5c0f5f67ef497e871bae2a208b31cad8bcc8b.json.gz,Original audit's own reported Cost_PP: 15.51 (methodology/benchmark undocumented in source -- not this project's NRBT benchmark). original audit benchmark (200 NZD->TOP): 291.14 (undocumented methodology).,,
0be6af7e-b2a6-41e3-b825-d43d138cb39a,manual-audit-2023-audit2-20260910T002305Z-356d2a48,,,2023-08-07T00:00:00+00:00,,,,manual_audit,devpolicy_manual_audit,https://sendmoneypacific.org/,manual_audit.2023_import,0.1.0,0.4,AUS,AUD,TON,TOP,200.0,,ria-money-transfer,Ria,Ria Money Transfer,global_mto,,Ria,Account,Mobile,303.55,2.89,AUD,,1.54,,,,Less than one hour,,,observed,"Manual audit observation, wave 'audit2' (Round 4 ingestion, reports/04-historical.md Task A). Observed via the Send Money Pacific comparison site. amount_sent is a fixed 200 units of the origin currency, confirmed by arithmetic against amount_received/fee/rate across the wave, not assumed from a single row.",e13690f5b7e6794b2adc8a2994f5c0f5f67ef497e871bae2a208b31cad8bcc8b,archive/manual-audit-2023/2026/09/10/e13690f5b7e6794b2adc8a2994f5c0f5f67ef497e871bae2a208b31cad8bcc8b.json.gz,Original audit's own reported Cost_PP: 1.45 (methodology/benchmark undocumented in source -- not this project's NRBT benchmark). original audit benchmark (200 AUD->TOP): 316.82 (undocumented methodology).,,
eab80f0f-d17f-4262-9bbc-df37d2d9ac0c,manual-audit-2023-audit2-20260910T002305Z-356d2a48,,,2023-08-07T00:00:00+00:00,,,,manual_audit,devpolicy_manual_audit,https://sendmoneypacific.org/,manual_audit.2023_import,0.1.0,0.4,AUS,AUD,TON,TOP,200.0,,moneygram,Moneygram (Online),MoneyGram,global_mto,,Moneygram (Online),Account,Mobile,300.72,0.0,AUD,,1.5,,,,Next day,,,observed,"Manual audit observation, wave 'audit2' (Round 4 ingestion, reports/04-historical.md Task A). Observed via the Send Money Pacific comparison site. amount_sent is a fixed 200 units of the origin currency, confirmed by arithmetic against amount_received/fee/rate across the wave, not assumed from a single row.",e13690f5b7e6794b2adc8a2994f5c0f5f67ef497e871bae2a208b31cad8bcc8b,archive/manual-audit-2023/2026/09/10/e13690f5b7e6794b2adc8a2994f5c0f5f67ef497e871bae2a208b31cad8bcc8b.json.gz,Original audit's own reported Cost_PP: 2.36 (methodology/benchmark undocumented in source -- not this project's NRBT benchmark). original audit benchmark (200 AUD->TOP): 316.82 (undocumented methodology).,,
99ae1186-9c5e-44ca-8ac6-76dc49c846e8,manual-audit-2023-audit2-20260910T002305Z-356d2a48,,,2023-08-07T00:00:00+00:00,,,,manual_audit,devpolicy_manual_audit,https://sendmoneypacific.org/,manual_audit.2023_import,0.1.0,0.4,AUS,AUD,TON,TOP,200.0,,ave-paanga-pau,Ave Paanga Pau,'Ave Pa'anga Pau,corridor_specialist,,Ave Paanga Pau,Prepaid,Account,301.3,0.0,AUD,,1.51,,,,Less than one hour,,,observed,"Manual audit observation, wave 'audit2' (Round 4 ingestion, reports/04-historical.md Task A). Observed via the Send Money Pacific comparison site. amount_sent is a fixed 200 units of the origin currency, confirmed by arithmetic against amount_received/fee/rate across the wave, not assumed from a single row.",e13690f5b7e6794b2adc8a2994f5c0f5f67ef497e871bae2a208b31cad8bcc8b,archive/manual-audit-2023/2026/09/10/e13690f5b7e6794b2adc8a2994f5c0f5f67ef497e871bae2a208b31cad8bcc8b.json.gz,Original audit's own reported Cost_PP: 2.18 (methodology/benchmark undocumented in source -- not this project's NRBT benchmark). original audit benchmark (200 AUD->TOP): 316.82 (undocumented methodology).,,
77a1f4c0-01fe-4a24-86de-06d26668e35e,manual-audit-2023-audit2-20260910T002305Z-356d2a48,,,2023-08-07T00:00:00+00:00,,,,manual_audit,devpolicy_manual_audit,https://sendmoneypacific.org/,manual_audit.2023_import,0.1.0,0.4,AUS,AUD,TON,TOP,200.0,,anz-australia,ANZ,ANZ (Australia),bank,,ANZ,Online,Account,296.6,0.0,AUD,,1.48,,,,2 days,,,observed,"Manual audit observation, wave 'audit2' (Round 4 ingestion, reports/04-historical.md Task A). Observed via the Send Money Pacific comparison site. amount_sent is a fixed 200 units of the origin currency, confirmed by arithmetic against amount_received/fee/rate across the wave, not assumed from a single row.",e13690f5b7e6794b2adc8a2994f5c0f5f67ef497e871bae2a208b31cad8bcc8b,archive/manual-audit-2023/2026/09/10/e13690f5b7e6794b2adc8a2994f5c0f5f67ef497e871bae2a208b31cad8bcc8b.json.gz,Original audit's own reported Cost_PP: 3.7 (methodology/benchmark undocumented in source -- not this project's NRBT benchmark). original audit benchmark (200 AUD->TOP): 316.82 (undocumented methodology).,,
1a630b90-cb5a-46ca-abc8-4f73b9f76b89,manual-audit-2023-audit2-20260910T002305Z-356d2a48,,,2023-08-07T00:00:00+00:00,,,,manual_audit,devpolicy_manual_audit,https://sendmoneypacific.org/,manual_audit.2023_import,0.1.0,0.4,AUS,AUD,TON,TOP,200.0,,klickex,KlickEX,KlickEx,corridor_specialist,,KlickEX,Account,Mobile,296.77,5.0,AUD,,1.52,,,,Instant,,,observed,"Manual audit observation, wave 'audit2' (Round 4 ingestion, reports/04-historical.md Task A). Observed via the Send Money Pacific comparison site. amount_sent is a fixed 200 units of the origin currency, confirmed by arithmetic against amount_received/fee/rate across the wave, not assumed from a single row.",e13690f5b7e6794b2adc8a2994f5c0f5f67ef497e871bae2a208b31cad8bcc8b,archive/manual-audit-2023/2026/09/10/e13690f5b7e6794b2adc8a2994f5c0f5f67ef497e871bae2a208b31cad8bcc8b.json.gz,Original audit's own reported Cost_PP: 3.68 (methodology/benchmark undocumented in source -- not this project's NRBT benchmark). original audit benchmark (200 AUD->TOP): 316.82 (undocumented methodology).,,
8c2cd4f3-23f1-4536-88b0-9bd15d2049f0,manual-audit-2023-audit2-20260910T002305Z-356d2a48,,,2023-08-07T00:00:00+00:00,,,,manual_audit,devpolicy_manual_audit,https://sendmoneypacific.org/,manual_audit.2023_import,0.1.0,0.4,AUS,AUD,TON,TOP,200.0,,moneygram,Moneygram (Cash),MoneyGram,global_mto,,Moneygram (Cash),Account,Cash,292.36,2.99,AUD,,1.48,,,,Less than one hour,,,observed,"Manual audit observation, wave 'audit2' (Round 4 ingestion, reports/04-historical.md Task A). Observed via the Send Money Pacific comparison site. amount_sent is a fixed 200 units of the origin currency, confirmed by arithmetic against amount_received/fee/rate across the wave, not assumed from a single row.",e13690f5b7e6794b2adc8a2994f5c0f5f67ef497e871bae2a208b31cad8bcc8b,archive/manual-audit-2023/2026/09/10/e13690f5b7e6794b2adc8a2994f5c0f5f67ef497e871bae2a208b31cad8bcc8b.json.gz,Original audit's own reported Cost_PP: 5.13 (methodology/benchmark undocumented in source -- not this project's NRBT benchmark). original audit benchmark (200 AUD->TOP): 316.82 (undocumented methodology).,,
418941db-58ee-40c5-86cd-c67e1401a5ed,manual-audit-2023-audit2-20260910T002305Z-356d2a48,,,2023-08-07T00:00:00+00:00,,,,manual_audit,devpolicy_manual_audit,https://sendmoneypacific.org/,manual_audit.2023_import,0.1.0,0.4,AUS,AUD,TON,TOP,200.0,,western-union,Western Union (Online),Western Union,global_mto,,Western Union (Online),Cash,Cash,286.94,5.0,AUD,,1.47,,,,Instant,,,observed,"Manual audit observation, wave 'audit2' (Round 4 ingestion, reports/04-historical.md Task A). Observed via the Send Money Pacific comparison site. amount_sent is a fixed 200 units of the origin currency, confirmed by arithmetic against amount_received/fee/rate across the wave, not assumed from a single row.",e13690f5b7e6794b2adc8a2994f5c0f5f67ef497e871bae2a208b31cad8bcc8b,archive/manual-audit-2023/2026/09/10/e13690f5b7e6794b2adc8a2994f5c0f5f67ef497e871bae2a208b31cad8bcc8b.json.gz,Original audit's own reported Cost_PP: 6.95 (methodology/benchmark undocumented in source -- not this project's NRBT benchmark). original audit benchmark (200 AUD->TOP): 316.82 (undocumented methodology).,,
1bc47edc-92dc-41b9-b75d-d1fa37f586e0,manual-audit-2023-audit2-20260910T002305Z-356d2a48,,,2023-08-07T00:00:00+00:00,,,,manual_audit,devpolicy_manual_audit,https://sendmoneypacific.org/,manual_audit.2023_import,0.1.0,0.4,AUS,AUD,TON,TOP,200.0,,western-union,Western Union (Cash),Western Union,global_mto,,Western Union (Cash),Online,Mobile,283.94,0.0,AUD,,1.42,,,,Instant,,,observed,"Manual audit observation, wave 'audit2' (Round 4 ingestion, reports/04-historical.md Task A). Observed via the Send Money Pacific comparison site. amount_sent is a fixed 200 units of the origin currency, confirmed by arithmetic against amount_received/fee/rate across the wave, not assumed from a single row.",e13690f5b7e6794b2adc8a2994f5c0f5f67ef497e871bae2a208b31cad8bcc8b,archive/manual-audit-2023/2026/09/10/e13690f5b7e6794b2adc8a2994f5c0f5f67ef497e871bae2a208b31cad8bcc8b.json.gz,Original audit's own reported Cost_PP: 7.81 (methodology/benchmark undocumented in source -- not this project's NRBT benchmark). original audit benchmark (200 AUD->TOP): 316.82 (undocumented methodology).,,
ff7853eb-5866-421f-8d44-545b29f29b7c,manual-audit-2023-audit2-20260910T002305Z-356d2a48,,,2023-08-07T00:00:00+00:00,,,,manual_audit,devpolicy_manual_audit,https://sendmoneypacific.org/,manual_audit.2023_import,0.1.0,0.4,AUS,AUD,TON,TOP,200.0,,nab,NAB,National Australia Bank,bank,,NAB,Online,Account,240.99,30.0,AUD,,1.42,,,,3 days,,,observed,"Manual audit observation, wave 'audit2' (Round 4 ingestion, reports/04-historical.md Task A). Observed via the Send Money Pacific comparison site. amount_sent is a fixed 200 units of the origin currency, confirmed by arithmetic against amount_received/fee/rate across the wave, not assumed from a single row.",e13690f5b7e6794b2adc8a2994f5c0f5f67ef497e871bae2a208b31cad8bcc8b,archive/manual-audit-2023/2026/09/10/e13690f5b7e6794b2adc8a2994f5c0f5f67ef497e871bae2a208b31cad8bcc8b.json.gz,Original audit's own reported Cost_PP: 22.95 (methodology/benchmark undocumented in source -- not this project's NRBT benchmark). original audit benchmark (200 AUD->TOP): 316.82 (undocumented methodology).,,
8713b44e-c64b-4e33-bfe0-c1ab1b9871af,manual-audit-2023-audit2-20260910T002305Z-356d2a48,,,2023-08-07T00:00:00+00:00,,,,manual_audit,devpolicy_manual_audit,https://saverpacific.com/,manual_audit.2023_import,0.1.0,0.4,AUS,AUD,TON,TOP,200.0,,ria-money-transfer,Ria,Ria Money Transfer,global_mto,,Ria,Account,Mobile,313.4,2.89,AUD,,1.59,,,,Less than one hour,,,observed,"Manual audit observation, wave 'audit2' (Round 4 ingestion, reports/04-historical.md Task A). Observed via the Saver Pacific comparison site. amount_sent is a fixed 200 units of the origin currency, confirmed by arithmetic against amount_received/fee/rate across the wave, not assumed from a single row.",e13690f5b7e6794b2adc8a2994f5c0f5f67ef497e871bae2a208b31cad8bcc8b,archive/manual-audit-2023/2026/09/10/e13690f5b7e6794b2adc8a2994f5c0f5f67ef497e871bae2a208b31cad8bcc8b.json.gz,Original audit's own reported Cost_PP: 1.08 (methodology/benchmark undocumented in source -- not this project's NRBT benchmark). original audit benchmark (200 AUD->TOP): 316.82 (undocumented methodology).,,
2d653598-a92a-4485-bb2a-92070abd178f,manual-audit-2023-audit2-20260910T002305Z-356d2a48,,,2023-08-07T00:00:00+00:00,,,,manual_audit,devpolicy_manual_audit,https://saverpacific.com/,manual_audit.2023_import,0.1.0,0.4,AUS,AUD,TON,TOP,200.0,,ave-paanga-pau,Ave Paanga Pau,'Ave Pa'anga Pau,corridor_specialist,,Ave Paanga Pau,Prepaid,Account,308.6,0.0,AUD,,1.54,,,,Next day,,,observed,"Manual audit observation, wave 'audit2' (Round 4 ingestion, reports/04-historical.md Task A). Observed via the Saver Pacific comparison site. amount_sent is a fixed 200 units of the origin currency, confirmed by arithmetic against amount_received/fee/rate across the wave, not assumed from a single row.",e13690f5b7e6794b2adc8a2994f5c0f5f67ef497e871bae2a208b31cad8bcc8b,archive/manual-audit-2023/2026/09/10/e13690f5b7e6794b2adc8a2994f5c0f5f67ef497e871bae2a208b31cad8bcc8b.json.gz,Original audit's own reported Cost_PP: 2.59 (methodology/benchmark undocumented in source -- not this project's NRBT benchmark). original audit benchmark (200 AUD->TOP): 316.82 (undocumented methodology).,,
47f02afb-dec6-4228-91ee-b7f12b6605c7,manual-audit-2023-audit2-20260910T002305Z-356d2a48,,,2023-08-07T00:00:00+00:00,,,,manual_audit,devpolicy_manual_audit,https://saverpacific.com/,manual_audit.2023_import,0.1.0,0.4,AUS,AUD,TON,TOP,200.0,,moneygram,Moneygram (Online),MoneyGram,global_mto,,Moneygram (Online),Account,Mobile,309.1,0.0,AUD,,1.55,,,,Same day,,,observed,"Manual audit observation, wave 'audit2' (Round 4 ingestion, reports/04-historical.md Task A). Observed via the Saver Pacific comparison site. amount_sent is a fixed 200 units of the origin currency, confirmed by arithmetic against amount_received/fee/rate across the wave, not assumed from a single row.",e13690f5b7e6794b2adc8a2994f5c0f5f67ef497e871bae2a208b31cad8bcc8b,archive/manual-audit-2023/2026/09/10/e13690f5b7e6794b2adc8a2994f5c0f5f67ef497e871bae2a208b31cad8bcc8b.json.gz,Original audit's own reported Cost_PP: 2.44 (methodology/benchmark undocumented in source -- not this project's NRBT benchmark). original audit benchmark (200 AUD->TOP): 316.82 (undocumented methodology).,,
9cd39d27-8b45-47a7-b966-b38c8bd38981,manual-audit-2023-audit2-20260910T002305Z-356d2a48,,,2023-08-07T00:00:00+00:00,,,,manual_audit,devpolicy_manual_audit,https://saverpacific.com/,manual_audit.2023_import,0.1.0,0.4,AUS,AUD,TON,TOP,200.0,,anz-australia,ANZ,ANZ (Australia),bank,,ANZ,Online,Account,298.04,0.0,AUD,,1.49,,,,2 days,,,observed,"Manual audit observation, wave 'audit2' (Round 4 ingestion, reports/04-historical.md Task A). Observed via the Saver Pacific comparison site. amount_sent is a fixed 200 units of the origin currency, confirmed by arithmetic against amount_received/fee/rate across the wave, not assumed from a single row.",e13690f5b7e6794b2adc8a2994f5c0f5f67ef497e871bae2a208b31cad8bcc8b,archive/manual-audit-2023/2026/09/10/e13690f5b7e6794b2adc8a2994f5c0f5f67ef497e871bae2a208b31cad8bcc8b.json.gz,Original audit's own reported Cost_PP: 4.05 (methodology/benchmark undocumented in source -- not this project's NRBT benchmark). original audit benchmark (200 AUD->TOP): 310.62 (undocumented methodology).,,
eee08514-80be-4a9c-9de3-1d6f21503beb,manual-audit-2023-audit2-20260910T002305Z-356d2a48,,,2023-08-07T00:00:00+00:00,,,,manual_audit,devpolicy_manual_audit,https://saverpacific.com/,manual_audit.2023_import,0.1.0,0.4,AUS,AUD,TON,TOP,200.0,,wantok-money,Wantok,WanTok Money,corridor_specialist,,Wantok,Account,Mobile,299.13,5.0,AUD,,1.53,,,,Less than one hour,,,observed,"Manual audit observation, wave 'audit2' (Round 4 ingestion, reports/04-historical.md Task A). Observed via the Saver Pacific comparison site. amount_sent is a fixed 200 units of the origin currency, confirmed by arithmetic against amount_received/fee/rate across the wave, not assumed from a single row.",e13690f5b7e6794b2adc8a2994f5c0f5f67ef497e871bae2a208b31cad8bcc8b,archive/manual-audit-2023/2026/09/10/e13690f5b7e6794b2adc8a2994f5c0f5f67ef497e871bae2a208b31cad8bcc8b.json.gz,Original audit's own reported Cost_PP: 5.58 (methodology/benchmark undocumented in source -- not this project's NRBT benchmark). original audit benchmark (200 AUD->TOP): 316.82 (undocumented methodology).,,
4ef7d040-4f74-4a3a-b4ea-46423438670a,manual-audit-2023-audit2-20260910T002305Z-356d2a48,,,2023-08-07T00:00:00+00:00,,,,manual_audit,devpolicy_manual_audit,https://saverpacific.com/,manual_audit.2023_import,0.1.0,0.4,AUS,AUD,TON,TOP,200.0,,moneygram,Moneygram (Cash),MoneyGram,global_mto,,Moneygram (Cash),Account,Cash,300.66,2.99,AUD,,1.53,,,,Less than one hour,,,observed,"Manual audit observation, wave 'audit2' (Round 4 ingestion, reports/04-historical.md Task A). Observed via the Saver Pacific comparison site. amount_sent is a fixed 200 units of the origin currency, confirmed by arithmetic against amount_received/fee/rate across the wave, not assumed from a single row.",e13690f5b7e6794b2adc8a2994f5c0f5f67ef497e871bae2a208b31cad8bcc8b,archive/manual-audit-2023/2026/09/10/e13690f5b7e6794b2adc8a2994f5c0f5f67ef497e871bae2a208b31cad8bcc8b.json.gz,Original audit's own reported Cost_PP: 5.1 (methodology/benchmark undocumented in source -- not this project's NRBT benchmark). original audit benchmark (200 AUD->TOP): 316.82 (undocumented methodology).,,
5b5d38b3-d5e0-4d35-aef3-15809fabd378,manual-audit-2023-audit2-20260910T002305Z-356d2a48,,,2023-08-07T00:00:00+00:00,,,,manual_audit,devpolicy_manual_audit,https://saverpacific.com/,manual_audit.2023_import,0.1.0,0.4,AUS,AUD,TON,TOP,200.0,,western-union,Western Union (Online),Western Union,global_mto,,Western Union (Online),Cash,Cash,294.92,5.0,AUD,,1.51,,,,Instant,,,observed,"Manual audit observation, wave 'audit2' (Round 4 ingestion, reports/04-historical.md Task A). Observed via the Saver Pacific comparison site. amount_sent is a fixed 200 units of the origin currency, confirmed by arithmetic against amount_received/fee/rate across the wave, not assumed from a single row.",e13690f5b7e6794b2adc8a2994f5c0f5f67ef497e871bae2a208b31cad8bcc8b,archive/manual-audit-2023/2026/09/10/e13690f5b7e6794b2adc8a2994f5c0f5f67ef497e871bae2a208b31cad8bcc8b.json.gz,Original audit's own reported Cost_PP: 6.91 (methodology/benchmark undocumented in source -- not this project's NRBT benchmark). original audit benchmark (200 AUD->TOP): 316.82 (undocumented methodology).,,
b3802422-2b86-40bf-859c-21f66df26ec9,manual-audit-2023-audit2-20260910T002305Z-356d2a48,,,2023-08-07T00:00:00+00:00,,,,manual_audit,devpolicy_manual_audit,https://saverpacific.com/,manual_audit.2023_import,0.1.0,0.4,AUS,AUD,TON,TOP,200.0,,western-union,Western Union (Cash),Western Union,global_mto,,Western Union (Cash),Online,Mobile,294.6,0.0,AUD,,1.47,,,,Instant,,,observed,"Manual audit observation, wave 'audit2' (Round 4 ingestion, reports/04-historical.md Task A). Observed via the Saver Pacific comparison site. amount_sent is a fixed 200 units of the origin currency, confirmed by arithmetic against amount_received/fee/rate across the wave, not assumed from a single row.",e13690f5b7e6794b2adc8a2994f5c0f5f67ef497e871bae2a208b31cad8bcc8b,archive/manual-audit-2023/2026/09/10/e13690f5b7e6794b2adc8a2994f5c0f5f67ef497e871bae2a208b31cad8bcc8b.json.gz,Original audit's own reported Cost_PP: 7.01 (methodology/benchmark undocumented in source -- not this project's NRBT benchmark). original audit benchmark (200 AUD->TOP): 316.82 (undocumented methodology).,,
8be3040e-7b89-4be0-976f-cc7c37dc2200,manual-audit-2023-audit2-20260910T002305Z-356d2a48,,,2023-08-07T00:00:00+00:00,,,,manual_audit,devpolicy_manual_audit,https://saverpacific.com/,manual_audit.2023_import,0.1.0,0.4,AUS,AUD,TON,TOP,200.0,,ofx,OFX,OFX,global_mto,,OFX,Account,Account,258.59,15.0,AUD,,1.4,,,,3 - 5 days,,,observed,"Manual audit observation, wave 'audit2' (Round 4 ingestion, reports/04-historical.md Task A). Observed via the Saver Pacific comparison site. amount_sent is a fixed 200 units of the origin currency, confirmed by arithmetic against amount_received/fee/rate across the wave, not assumed from a single row.",e13690f5b7e6794b2adc8a2994f5c0f5f67ef497e871bae2a208b31cad8bcc8b,archive/manual-audit-2023/2026/09/10/e13690f5b7e6794b2adc8a2994f5c0f5f67ef497e871bae2a208b31cad8bcc8b.json.gz,Original audit's own reported Cost_PP: 16.75 (methodology/benchmark undocumented in source -- not this project's NRBT benchmark). original audit benchmark (200 AUD->TOP): 310.62 (undocumented methodology).,,
a96a2876-5619-4af8-8853-afb95f03d38a,manual-audit-2023-audit2-20260910T002305Z-356d2a48,,,2023-08-07T00:00:00+00:00,,,,manual_audit,devpolicy_manual_audit,https://sendmoneypacific.org/,manual_audit.2023_import,0.1.0,0.4,NZL,NZD,TON,TOP,200.0,,ave-paanga-pau,Ave Paanga Pau,'Ave Pa'anga Pau,corridor_specialist,,Ave Paanga Pau,Prepaid,Account,278.48,0.0,NZD,,1.39,,,,Less than one hour,,,observed,"Manual audit observation, wave 'audit2' (Round 4 ingestion, reports/04-historical.md Task A). Observed via the Send Money Pacific comparison site. amount_sent is a fixed 200 units of the origin currency, confirmed by arithmetic against amount_received/fee/rate across the wave, not assumed from a single row.",e13690f5b7e6794b2adc8a2994f5c0f5f67ef497e871bae2a208b31cad8bcc8b,archive/manual-audit-2023/2026/09/10/e13690f5b7e6794b2adc8a2994f5c0f5f67ef497e871bae2a208b31cad8bcc8b.json.gz,Original audit's own reported Cost_PP: 2.63 (methodology/benchmark undocumented in source -- not this project's NRBT benchmark). original audit benchmark (200 NZD->TOP): 291.14 (undocumented methodology).,,
a61e8a6a-97c6-4b96-8860-6fc2bfea488c,manual-audit-2023-audit2-20260910T002305Z-356d2a48,,,2023-08-07T00:00:00+00:00,,,,manual_audit,devpolicy_manual_audit,https://sendmoneypacific.org/,manual_audit.2023_import,0.1.0,0.4,NZL,NZD,TON,TOP,200.0,,anz-new-zealand,ANZ,ANZ (New Zealand),bank,,ANZ,Online,Account,274.72,0.0,NZD,,1.37,,,,2 days,,,observed,"Manual audit observation, wave 'audit2' (Round 4 ingestion, reports/04-historical.md Task A). Observed via the Send Money Pacific comparison site. amount_sent is a fixed 200 units of the origin currency, confirmed by arithmetic against amount_received/fee/rate across the wave, not assumed from a single row.",e13690f5b7e6794b2adc8a2994f5c0f5f67ef497e871bae2a208b31cad8bcc8b,archive/manual-audit-2023/2026/09/10/e13690f5b7e6794b2adc8a2994f5c0f5f67ef497e871bae2a208b31cad8bcc8b.json.gz,Original audit's own reported Cost_PP: 3.94 (methodology/benchmark undocumented in source -- not this project's NRBT benchmark). original audit benchmark (200 NZD->TOP): 291.14 (undocumented methodology).,,
9e9ec7b7-9abe-4098-9175-beb446833f88,manual-audit-2023-audit2-20260910T002305Z-356d2a48,,,2023-08-07T00:00:00+00:00,,,,manual_audit,devpolicy_manual_audit,https://sendmoneypacific.org/,manual_audit.2023_import,0.1.0,0.4,NZL,NZD,TON,TOP,200.0,,klickex,KlickEX,KlickEx,corridor_specialist,,KlickEX,Account,Mobile,273.19,5.0,NZD,,1.4,,,,Instant,,,observed,"Manual audit observation, wave 'audit2' (Round 4 ingestion, reports/04-historical.md Task A). Observed via the Send Money Pacific comparison site. amount_sent is a fixed 200 units of the origin currency, confirmed by arithmetic against amount_received/fee/rate across the wave, not assumed from a single row.",e13690f5b7e6794b2adc8a2994f5c0f5f67ef497e871bae2a208b31cad8bcc8b,archive/manual-audit-2023/2026/09/10/e13690f5b7e6794b2adc8a2994f5c0f5f67ef497e871bae2a208b31cad8bcc8b.json.gz,Original audit's own reported Cost_PP: 4.53 (methodology/benchmark undocumented in source -- not this project's NRBT benchmark). original audit benchmark (200 NZD->TOP): 291.14 (undocumented methodology).,,
8eef0266-14bb-443d-a5f2-d15c7174b725,manual-audit-2023-audit2-20260910T002305Z-356d2a48,,,2023-08-07T00:00:00+00:00,,,,manual_audit,devpolicy_manual_audit,https://sendmoneypacific.org/,manual_audit.2023_import,0.1.0,0.4,NZL,NZD,TON,TOP,200.0,,wantok-money,Wantok,WanTok Money,corridor_specialist,,Wantok,Account,Mobile,271.58,5.0,NZD,,1.39,,,,Instant,,,observed,"Manual audit observation, wave 'audit2' (Round 4 ingestion, reports/04-historical.md Task A). Observed via the Send Money Pacific comparison site. amount_sent is a fixed 200 units of the origin currency, confirmed by arithmetic against amount_received/fee/rate across the wave, not assumed from a single row.",e13690f5b7e6794b2adc8a2994f5c0f5f67ef497e871bae2a208b31cad8bcc8b,archive/manual-audit-2023/2026/09/10/e13690f5b7e6794b2adc8a2994f5c0f5f67ef497e871bae2a208b31cad8bcc8b.json.gz,Original audit's own reported Cost_PP: 5.11 (methodology/benchmark undocumented in source -- not this project's NRBT benchmark). original audit benchmark (200 NZD->TOP): 291.14 (undocumented methodology).,,
457bcf4f-968f-49f4-a669-ad1ff0a763ee,manual-audit-2023-audit2-20260910T002305Z-356d2a48,,,2023-08-07T00:00:00+00:00,,,,manual_audit,devpolicy_manual_audit,https://sendmoneypacific.org/,manual_audit.2023_import,0.1.0,0.4,NZL,NZD,TON,TOP,200.0,,moneygram,Moneygram (Cash),MoneyGram,global_mto,,Moneygram (Cash),Account,Cash,270.5,4.0,NZD,,1.38,,,,Less than one hour,,,observed,"Manual audit observation, wave 'audit2' (Round 4 ingestion, reports/04-historical.md Task A). Observed via the Send Money Pacific comparison site. amount_sent is a fixed 200 units of the origin currency, confirmed by arithmetic against amount_received/fee/rate across the wave, not assumed from a single row.",e13690f5b7e6794b2adc8a2994f5c0f5f67ef497e871bae2a208b31cad8bcc8b,archive/manual-audit-2023/2026/09/10/e13690f5b7e6794b2adc8a2994f5c0f5f67ef497e871bae2a208b31cad8bcc8b.json.gz,Original audit's own reported Cost_PP: 5.49 (methodology/benchmark undocumented in source -- not this project's NRBT benchmark). original audit benchmark (200 NZD->TOP): 291.14 (undocumented methodology).,,
880bd3f6-dd0f-4ee5-aabd-ea71fbcdc754,manual-audit-2023-audit2-20260910T002305Z-356d2a48,,,2023-08-07T00:00:00+00:00,,,,manual_audit,devpolicy_manual_audit,https://sendmoneypacific.org/,manual_audit.2023_import,0.1.0,0.4,NZL,NZD,TON,TOP,200.0,,moneygram,Moneygram (Online),MoneyGram,global_mto,,Moneygram (Online),Account,Mobile,259.56,4.0,NZD,,1.32,,,,Less than one hour,,,observed,"Manual audit observation, wave 'audit2' (Round 4 ingestion, reports/04-historical.md Task A). Observed via the Send Money Pacific comparison site. amount_sent is a fixed 200 units of the origin currency, confirmed by arithmetic against amount_received/fee/rate across the wave, not assumed from a single row.",e13690f5b7e6794b2adc8a2994f5c0f5f67ef497e871bae2a208b31cad8bcc8b,archive/manual-audit-2023/2026/09/10/e13690f5b7e6794b2adc8a2994f5c0f5f67ef497e871bae2a208b31cad8bcc8b.json.gz,Original audit's own reported Cost_PP: 9.39 (methodology/benchmark undocumented in source -- not this project's NRBT benchmark). original audit benchmark (200 NZD->TOP): 291.14 (undocumented methodology).,,
8ec51fad-c4c4-44e6-b318-31d717dde34f,manual-audit-2023-audit2-20260910T002305Z-356d2a48,,,2023-08-07T00:00:00+00:00,,,,manual_audit,devpolicy_manual_audit,https://sendmoneypacific.org/,manual_audit.2023_import,0.1.0,0.4,NZL,NZD,TON,TOP,200.0,,western-union,Western Union (Online),Western Union,global_mto,,Western Union (Online),Online,Mobile,266.2,0.0,NZD,,1.33,,,,Less than one hour,,,observed,"Manual audit observation, wave 'audit2' (Round 4 ingestion, reports/04-historical.md Task A). Observed via the Send Money Pacific comparison site. amount_sent is a fixed 200 units of the origin currency, confirmed by arithmetic against amount_received/fee/rate across the wave, not assumed from a single row.",e13690f5b7e6794b2adc8a2994f5c0f5f67ef497e871bae2a208b31cad8bcc8b,archive/manual-audit-2023/2026/09/10/e13690f5b7e6794b2adc8a2994f5c0f5f67ef497e871bae2a208b31cad8bcc8b.json.gz,Original audit's own reported Cost_PP: 6.92 (methodology/benchmark undocumented in source -- not this project's NRBT benchmark). original audit benchmark (200 NZD->TOP): 291.14 (undocumented methodology).,,
42a4d693-2c18-411c-a31b-0ce5d1016580,manual-audit-2023-audit2-20260910T002305Z-356d2a48,,,2023-08-07T00:00:00+00:00,,,,manual_audit,devpolicy_manual_audit,https://sendmoneypacific.org/,manual_audit.2023_import,0.1.0,0.4,NZL,NZD,TON,TOP,200.0,,western-union,Western Union (Cash),Western Union,global_mto,,Western Union (Cash),Online,Cash,265.8,0.0,NZD,,1.33,,,,Same day,,,observed,"Manual audit observation, wave 'audit2' (Round 4 ingestion, reports/04-historical.md Task A). Observed via the Send Money Pacific comparison site. amount_sent is a fixed 200 units of the origin currency, confirmed by arithmetic against amount_received/fee/rate across the wave, not assumed from a single row.",e13690f5b7e6794b2adc8a2994f5c0f5f67ef497e871bae2a208b31cad8bcc8b,archive/manual-audit-2023/2026/09/10/e13690f5b7e6794b2adc8a2994f5c0f5f67ef497e871bae2a208b31cad8bcc8b.json.gz,Original audit's own reported Cost_PP: 7.06 (methodology/benchmark undocumented in source -- not this project's NRBT benchmark). original audit benchmark (200 NZD->TOP): 291.14 (undocumented methodology).,,
49152ff9-e239-4475-aab4-645afc0b995a,manual-audit-2023-audit2-20260910T002305Z-356d2a48,,,2023-08-07T00:00:00+00:00,,,,manual_audit,devpolicy_manual_audit,https://sendmoneypacific.org/,manual_audit.2023_import,0.1.0,0.4,NZL,NZD,TON,TOP,200.0,,asb,ASB,ASB,bank,,ASB,Account,Account,225.45,30.0,NZD,,1.33,,,,2 days,,,observed,"Manual audit observation, wave 'audit2' (Round 4 ingestion, reports/04-historical.md Task A). Observed via the Send Money Pacific comparison site. amount_sent is a fixed 200 units of the origin currency, confirmed by arithmetic against amount_received/fee/rate across the wave, not assumed from a single row.",e13690f5b7e6794b2adc8a2994f5c0f5f67ef497e871bae2a208b31cad8bcc8b,archive/manual-audit-2023/2026/09/10/e13690f5b7e6794b2adc8a2994f5c0f5f67ef497e871bae2a208b31cad8bcc8b.json.gz,Original audit's own reported Cost_PP: 22.26 (methodology/benchmark undocumented in source -- not this project's NRBT benchmark). original audit benchmark (200 NZD->TOP): 291.14 (undocumented methodology).,,
cdcce7de-c805-42d6-8b02-747eb846d320,manual-audit-2023-audit2-20260910T002305Z-356d2a48,,,2023-08-07T00:00:00+00:00,,,,manual_audit,devpolicy_manual_audit,https://saverpacific.com/,manual_audit.2023_import,0.1.0,0.4,NZL,NZD,TON,TOP,200.0,,ave-paanga-pau,Ave Paanga Pau,'Ave Pa'anga Pau,corridor_specialist,,Ave Paanga Pau,Prepaid,Account,280.4,0.0,NZD,,1.4,,,,Less than one hour,,,observed,"Manual audit observation, wave 'audit2' (Round 4 ingestion, reports/04-historical.md Task A). Observed via the Saver Pacific comparison site. amount_sent is a fixed 200 units of the origin currency, confirmed by arithmetic against amount_received/fee/rate across the wave, not assumed from a single row.",e13690f5b7e6794b2adc8a2994f5c0f5f67ef497e871bae2a208b31cad8bcc8b,archive/manual-audit-2023/2026/09/10/e13690f5b7e6794b2adc8a2994f5c0f5f67ef497e871bae2a208b31cad8bcc8b.json.gz,Original audit's own reported Cost_PP: 3.69 (methodology/benchmark undocumented in source -- not this project's NRBT benchmark). original audit benchmark (200 NZD->TOP): 291.14 (undocumented methodology).,,
90b3abf2-10fc-44ab-83a6-b7dc56f73807,manual-audit-2023-audit2-20260910T002305Z-356d2a48,,,2023-08-07T00:00:00+00:00,,,,manual_audit,devpolicy_manual_audit,https://saverpacific.com/,manual_audit.2023_import,0.1.0,0.4,NZL,NZD,TON,TOP,200.0,,imex,iMEX,IMEX Money Transfer,corridor_specialist,,iMEX,Account,Account/Cash/Mobile,280.0,0.0,NZD,,1.4,,,,Less than one hour,,,observed,"Manual audit observation, wave 'audit2' (Round 4 ingestion, reports/04-historical.md Task A). Observed via the Saver Pacific comparison site. amount_sent is a fixed 200 units of the origin currency, confirmed by arithmetic against amount_received/fee/rate across the wave, not assumed from a single row.",e13690f5b7e6794b2adc8a2994f5c0f5f67ef497e871bae2a208b31cad8bcc8b,archive/manual-audit-2023/2026/09/10/e13690f5b7e6794b2adc8a2994f5c0f5f67ef497e871bae2a208b31cad8bcc8b.json.gz,Original audit's own reported Cost_PP: 3.83 (methodology/benchmark undocumented in source -- not this project's NRBT benchmark). original audit benchmark (200 NZD->TOP): 291.14 (undocumented methodology).,,
a9cda0b3-df8d-4c80-b551-b9cae7039d0e,manual-audit-2023-audit2-20260910T002305Z-356d2a48,,,2023-08-07T00:00:00+00:00,,,,manual_audit,devpolicy_manual_audit,https://saverpacific.com/,manual_audit.2023_import,0.1.0,0.4,NZL,NZD,TON,TOP,200.0,,wantok-money,Wantok,WanTok Money,corridor_specialist,,Wantok,Account,Mobile,273.12,5.0,NZD,,1.4,,,,Less than one hour,,,observed,"Manual audit observation, wave 'audit2' (Round 4 ingestion, reports/04-historical.md Task A). Observed via the Saver Pacific comparison site. amount_sent is a fixed 200 units of the origin currency, confirmed by arithmetic against amount_received/fee/rate across the wave, not assumed from a single row.",e13690f5b7e6794b2adc8a2994f5c0f5f67ef497e871bae2a208b31cad8bcc8b,archive/manual-audit-2023/2026/09/10/e13690f5b7e6794b2adc8a2994f5c0f5f67ef497e871bae2a208b31cad8bcc8b.json.gz,Original audit's own reported Cost_PP: 6.19 (methodology/benchmark undocumented in source -- not this project's NRBT benchmark). original audit benchmark (200 NZD->TOP): 291.14 (undocumented methodology).,,
9525799e-cec1-4773-9d0b-47fd95b481be,manual-audit-2023-audit2-20260910T002305Z-356d2a48,,,2023-08-07T00:00:00+00:00,,,,manual_audit,devpolicy_manual_audit,https://saverpacific.com/,manual_audit.2023_import,0.1.0,0.4,NZL,NZD,TON,TOP,200.0,,moneygram,Moneygram (Cash),MoneyGram,global_mto,,Moneygram (Cash),Account,Cash,275.16,4.0,NZD,,1.4,,,,Less than one hour,,,observed,"Manual audit observation, wave 'audit2' (Round 4 ingestion, reports/04-historical.md Task A). Observed via the Saver Pacific comparison site. amount_sent is a fixed 200 units of the origin currency, confirmed by arithmetic against amount_received/fee/rate across the wave, not assumed from a single row.",e13690f5b7e6794b2adc8a2994f5c0f5f67ef497e871bae2a208b31cad8bcc8b,archive/manual-audit-2023/2026/09/10/e13690f5b7e6794b2adc8a2994f5c0f5f67ef497e871bae2a208b31cad8bcc8b.json.gz,Original audit's own reported Cost_PP: 5.49 (methodology/benchmark undocumented in source -- not this project's NRBT benchmark). original audit benchmark (200 NZD->TOP): 291.14 (undocumented methodology).,,
6e2b3782-826e-4cda-a642-4e7d179408ad,manual-audit-2023-audit2-20260910T002305Z-356d2a48,,,2023-08-07T00:00:00+00:00,,,,manual_audit,devpolicy_manual_audit,https://saverpacific.com/,manual_audit.2023_import,0.1.0,0.4,NZL,NZD,TON,TOP,200.0,,anz-new-zealand,ANZ,ANZ (New Zealand),bank,,ANZ,Account,Account,274.36,0.0,NZD,,1.37,,,,Next day,,,observed,"Manual audit observation, wave 'audit2' (Round 4 ingestion, reports/04-historical.md Task A). Observed via the Saver Pacific comparison site. amount_sent is a fixed 200 units of the origin currency, confirmed by arithmetic against amount_received/fee/rate across the wave, not assumed from a single row.",e13690f5b7e6794b2adc8a2994f5c0f5f67ef497e871bae2a208b31cad8bcc8b,archive/manual-audit-2023/2026/09/10/e13690f5b7e6794b2adc8a2994f5c0f5f67ef497e871bae2a208b31cad8bcc8b.json.gz,Original audit's own reported Cost_PP: 5.76 (methodology/benchmark undocumented in source -- not this project's NRBT benchmark). original audit benchmark (200 NZD->TOP): 291.14 (undocumented methodology).,,
2daac717-bfa9-4916-933d-f9bb76c09c4f,manual-audit-2023-audit2-20260910T002305Z-356d2a48,,,2023-08-07T00:00:00+00:00,,,,manual_audit,devpolicy_manual_audit,https://saverpacific.com/,manual_audit.2023_import,0.1.0,0.4,NZL,NZD,TON,TOP,200.0,,moneygram,Moneygram (Online),MoneyGram,global_mto,,Moneygram (Online),Account,Mobile,264.03,4.0,NZD,,1.35,,,,Same day,,,observed,"Manual audit observation, wave 'audit2' (Round 4 ingestion, reports/04-historical.md Task A). Observed via the Saver Pacific comparison site. amount_sent is a fixed 200 units of the origin currency, confirmed by arithmetic against amount_received/fee/rate across the wave, not assumed from a single row.",e13690f5b7e6794b2adc8a2994f5c0f5f67ef497e871bae2a208b31cad8bcc8b,archive/manual-audit-2023/2026/09/10/e13690f5b7e6794b2adc8a2994f5c0f5f67ef497e871bae2a208b31cad8bcc8b.json.gz,Original audit's own reported Cost_PP: 9.31 (methodology/benchmark undocumented in source -- not this project's NRBT benchmark). original audit benchmark (200 NZD->TOP): 291.14 (undocumented methodology).,,
c20a2af2-07e4-48ff-95b5-bd48f9482852,manual-audit-2023-audit2-20260910T002305Z-356d2a48,,,2023-08-07T00:00:00+00:00,,,,manual_audit,devpolicy_manual_audit,https://saverpacific.com/,manual_audit.2023_import,0.1.0,0.4,NZL,NZD,TON,TOP,200.0,,western-union,Western Union (Online),Western Union,global_mto,,Western Union (Online),Account,Mobile,269.68,0.0,NZD,,1.35,,,,Less than one hour,,,observed,"Manual audit observation, wave 'audit2' (Round 4 ingestion, reports/04-historical.md Task A). Observed via the Saver Pacific comparison site. amount_sent is a fixed 200 units of the origin currency, confirmed by arithmetic against amount_received/fee/rate across the wave, not assumed from a single row.",e13690f5b7e6794b2adc8a2994f5c0f5f67ef497e871bae2a208b31cad8bcc8b,archive/manual-audit-2023/2026/09/10/e13690f5b7e6794b2adc8a2994f5c0f5f67ef497e871bae2a208b31cad8bcc8b.json.gz,Original audit's own reported Cost_PP: 7.37 (methodology/benchmark undocumented in source -- not this project's NRBT benchmark). original audit benchmark (200 NZD->TOP): 291.14 (undocumented methodology).,,
a24f8578-a22e-443e-a44d-30272c572699,manual-audit-2023-audit2-20260910T002305Z-356d2a48,,,2023-08-07T00:00:00+00:00,,,,manual_audit,devpolicy_manual_audit,https://saverpacific.com/,manual_audit.2023_import,0.1.0,0.4,NZL,NZD,TON,TOP,200.0,,western-union,Western Union (Cash),Western Union,global_mto,,Western Union (Cash),Account,Cash,269.28,0.0,NZD,,1.35,,,,Less than one hour,,,observed,"Manual audit observation, wave 'audit2' (Round 4 ingestion, reports/04-historical.md Task A). Observed via the Saver Pacific comparison site. amount_sent is a fixed 200 units of the origin currency, confirmed by arithmetic against amount_received/fee/rate across the wave, not assumed from a single row.",e13690f5b7e6794b2adc8a2994f5c0f5f67ef497e871bae2a208b31cad8bcc8b,archive/manual-audit-2023/2026/09/10/e13690f5b7e6794b2adc8a2994f5c0f5f67ef497e871bae2a208b31cad8bcc8b.json.gz,Original audit's own reported Cost_PP: 7.51 (methodology/benchmark undocumented in source -- not this project's NRBT benchmark). original audit benchmark (200 NZD->TOP): 291.14 (undocumented methodology).,,
a6b5fdc7-bc46-430d-acf7-9d4fea98ad8d,manual-audit-2023-audit2-20260910T002305Z-356d2a48,,,2023-08-07T00:00:00+00:00,,,,manual_audit,devpolicy_manual_audit,https://saverpacific.com/,manual_audit.2023_import,0.1.0,0.4,NZL,NZD,TON,TOP,200.0,,kiwibank,Kiwi Bank,Kiwibank,bank,,Kiwi Bank,Account,Account,245.99,20.0,NZD,,1.37,,,,3 - 5 days,,,observed,"Manual audit observation, wave 'audit2' (Round 4 ingestion, reports/04-historical.md Task A). Observed via the Saver Pacific comparison site. amount_sent is a fixed 200 units of the origin currency, confirmed by arithmetic against amount_received/fee/rate across the wave, not assumed from a single row.",e13690f5b7e6794b2adc8a2994f5c0f5f67ef497e871bae2a208b31cad8bcc8b,archive/manual-audit-2023/2026/09/10/e13690f5b7e6794b2adc8a2994f5c0f5f67ef497e871bae2a208b31cad8bcc8b.json.gz,Original audit's own reported Cost_PP: 15.51 (methodology/benchmark undocumented in source -- not this project's NRBT benchmark). original audit benchmark (200 NZD->TOP): 291.14 (undocumented methodology).,,
