observation_id,collection_run_id,supersedes,correction_reason,collected_at,provider_quote_timestamp,source_last_updated,quote_validity_text,collection_method,source_system,source_url,connector_id,connector_version,methodology_version,origin_country_iso3,origin_currency,destination_country_iso3,destination_currency,amount_sent,amount_sent_includes_fee,provider_id,provider_name_raw,provider_name_canonical,provider_type,option_id,option_name_raw,funding_method,delivery_method,amount_received,fee,fee_currency,fee_is_promotional,provider_fx_rate,benchmark_fx_rate,benchmark_source,benchmark_observation_id,speed_text,speed_hours_min,speed_hours_max,availability_status,status_detail,raw_payload_sha256,raw_payload_path,notes,rate_is_promotional,promotion_detail
bfeb3e0c-0b96-4b5f-a83b-99e576c4506b,backfill-nrbt-historical-20260909T230949Z-7acea919,,,2026-09-09T11:30:00+00:00,2023-07-03T00:00:00+00:00,,,published_tariff,collector,https://www.reservebank.to/data/docs/fmarkets/exrates/average_daily_exchange_rates.xlsx,benchmarks.nrbt.historical_backfill,0.1.0,0.4,NZL,NZD,TON,TOP,1.0,,nrbt,National Reserve Bank of Tonga,National Reserve Bank of Tonga,other,,,,,1.4351320321469576,,,,1.4351320321469576,,,,,,,observed,"Backfilled 2023-07-03 from NRBT's historical rates file (Round 4 backfill, reports/04-historical.md Task B). BUY 0.7134 / MID 0.6968 / SELL 0.6803 NZD per 1 TOP; provider_fx_rate and amount_received are the MID rate inverted to TOP per 1 NZD (1.435132), per METHODOLOGY.md section 2.4. collected_at reflects when this project actually fetched the underlying file (2026-09-09, once); provider_quote_timestamp carries the historical date this specific rate applied to -- these are deliberately not collapsed into each other.",0bca3100bd6ac8a784b2d8f7fbace9588aaee644770905c603802fc9e06f0962,archive/nrbt/2026/09/09/0bca3100bd6ac8a784b2d8f7fbace9588aaee644770905c603802fc9e06f0962.json.gz,,false,
102fb669-3a2b-434d-98fb-295204f7dedc,backfill-nrbt-historical-20260909T230949Z-7acea919,,,2026-09-09T11:30:00+00:00,2023-07-03T00:00:00+00:00,,,published_tariff,collector,https://www.reservebank.to/data/docs/fmarkets/exrates/average_daily_exchange_rates.xlsx,benchmarks.nrbt.historical_backfill,0.1.0,0.4,AUS,AUD,TON,TOP,1.0,,nrbt,National Reserve Bank of Tonga,National Reserve Bank of Tonga,other,,,,,1.5698587127158556,,,,1.5698587127158556,,,,,,,observed,"Backfilled 2023-07-03 from NRBT's historical rates file (Round 4 backfill, reports/04-historical.md Task B). BUY 0.6502 / MID 0.637 / SELL 0.6238 AUD per 1 TOP; provider_fx_rate and amount_received are the MID rate inverted to TOP per 1 AUD (1.569859), per METHODOLOGY.md section 2.4. collected_at reflects when this project actually fetched the underlying file (2026-09-09, once); provider_quote_timestamp carries the historical date this specific rate applied to -- these are deliberately not collapsed into each other.",0bca3100bd6ac8a784b2d8f7fbace9588aaee644770905c603802fc9e06f0962,archive/nrbt/2026/09/09/0bca3100bd6ac8a784b2d8f7fbace9588aaee644770905c603802fc9e06f0962.json.gz,,false,
a1624b3c-9bf8-4ffb-971e-f2d3b87a239d,backfill-nrbt-historical-20260909T230949Z-7acea919,,,2026-09-09T11:30:00+00:00,2023-07-05T00:00:00+00:00,,,published_tariff,collector,https://www.reservebank.to/data/docs/fmarkets/exrates/average_daily_exchange_rates.xlsx,benchmarks.nrbt.historical_backfill,0.1.0,0.4,NZL,NZD,TON,TOP,1.0,,nrbt,National Reserve Bank of Tonga,National Reserve Bank of Tonga,other,,,,,1.440299582313121,,,,1.440299582313121,,,,,,,observed,"Backfilled 2023-07-05 from NRBT's historical rates file (Round 4 backfill, reports/04-historical.md Task B). BUY 0.7108 / MID 0.6943 / SELL 0.6777 NZD per 1 TOP; provider_fx_rate and amount_received are the MID rate inverted to TOP per 1 NZD (1.440300), per METHODOLOGY.md section 2.4. collected_at reflects when this project actually fetched the underlying file (2026-09-09, once); provider_quote_timestamp carries the historical date this specific rate applied to -- these are deliberately not collapsed into each other.",0bca3100bd6ac8a784b2d8f7fbace9588aaee644770905c603802fc9e06f0962,archive/nrbt/2026/09/09/0bca3100bd6ac8a784b2d8f7fbace9588aaee644770905c603802fc9e06f0962.json.gz,,false,
496eab37-4c81-4bde-9dd4-8bf848bebb8b,backfill-nrbt-historical-20260909T230949Z-7acea919,,,2026-09-09T11:30:00+00:00,2023-07-05T00:00:00+00:00,,,published_tariff,collector,https://www.reservebank.to/data/docs/fmarkets/exrates/average_daily_exchange_rates.xlsx,benchmarks.nrbt.historical_backfill,0.1.0,0.4,AUS,AUD,TON,TOP,1.0,,nrbt,National Reserve Bank of Tonga,National Reserve Bank of Tonga,other,,,,,1.5715857300015716,,,,1.5715857300015716,,,,,,,observed,"Backfilled 2023-07-05 from NRBT's historical rates file (Round 4 backfill, reports/04-historical.md Task B). BUY 0.6494 / MID 0.6363 / SELL 0.6231 AUD per 1 TOP; provider_fx_rate and amount_received are the MID rate inverted to TOP per 1 AUD (1.571586), per METHODOLOGY.md section 2.4. collected_at reflects when this project actually fetched the underlying file (2026-09-09, once); provider_quote_timestamp carries the historical date this specific rate applied to -- these are deliberately not collapsed into each other.",0bca3100bd6ac8a784b2d8f7fbace9588aaee644770905c603802fc9e06f0962,archive/nrbt/2026/09/09/0bca3100bd6ac8a784b2d8f7fbace9588aaee644770905c603802fc9e06f0962.json.gz,,false,
01b15d49-55f6-46c5-aab3-0b8edee64d40,backfill-nrbt-historical-20260909T230949Z-7acea919,,,2026-09-09T11:30:00+00:00,2023-07-06T00:00:00+00:00,,,published_tariff,collector,https://www.reservebank.to/data/docs/fmarkets/exrates/average_daily_exchange_rates.xlsx,benchmarks.nrbt.historical_backfill,0.1.0,0.4,NZL,NZD,TON,TOP,1.0,,nrbt,National Reserve Bank of Tonga,National Reserve Bank of Tonga,other,,,,,1.4384349827387801,,,,1.4384349827387801,,,,,,,observed,"Backfilled 2023-07-06 from NRBT's historical rates file (Round 4 backfill, reports/04-historical.md Task B). BUY 0.7117 / MID 0.6952 / SELL 0.6786 NZD per 1 TOP; provider_fx_rate and amount_received are the MID rate inverted to TOP per 1 NZD (1.438435), per METHODOLOGY.md section 2.4. collected_at reflects when this project actually fetched the underlying file (2026-09-09, once); provider_quote_timestamp carries the historical date this specific rate applied to -- these are deliberately not collapsed into each other.",0bca3100bd6ac8a784b2d8f7fbace9588aaee644770905c603802fc9e06f0962,archive/nrbt/2026/09/09/0bca3100bd6ac8a784b2d8f7fbace9588aaee644770905c603802fc9e06f0962.json.gz,,false,
89a0ff46-c778-43b0-a5dd-5d8df9989d6b,backfill-nrbt-historical-20260909T230949Z-7acea919,,,2026-09-09T11:30:00+00:00,2023-07-06T00:00:00+00:00,,,published_tariff,collector,https://www.reservebank.to/data/docs/fmarkets/exrates/average_daily_exchange_rates.xlsx,benchmarks.nrbt.historical_backfill,0.1.0,0.4,AUS,AUD,TON,TOP,1.0,,nrbt,National Reserve Bank of Tonga,National Reserve Bank of Tonga,other,,,,,1.564210855623338,,,,1.564210855623338,,,,,,,observed,"Backfilled 2023-07-06 from NRBT's historical rates file (Round 4 backfill, reports/04-historical.md Task B). BUY 0.6525 / MID 0.6393 / SELL 0.626 AUD per 1 TOP; provider_fx_rate and amount_received are the MID rate inverted to TOP per 1 AUD (1.564211), per METHODOLOGY.md section 2.4. collected_at reflects when this project actually fetched the underlying file (2026-09-09, once); provider_quote_timestamp carries the historical date this specific rate applied to -- these are deliberately not collapsed into each other.",0bca3100bd6ac8a784b2d8f7fbace9588aaee644770905c603802fc9e06f0962,archive/nrbt/2026/09/09/0bca3100bd6ac8a784b2d8f7fbace9588aaee644770905c603802fc9e06f0962.json.gz,,false,
9e598130-0ec6-439b-b302-576513ad9a28,backfill-nrbt-historical-20260909T230949Z-7acea919,,,2026-09-09T11:30:00+00:00,2023-07-07T00:00:00+00:00,,,published_tariff,collector,https://www.reservebank.to/data/docs/fmarkets/exrates/average_daily_exchange_rates.xlsx,benchmarks.nrbt.historical_backfill,0.1.0,0.4,NZL,NZD,TON,TOP,1.0,,nrbt,National Reserve Bank of Tonga,National Reserve Bank of Tonga,other,,,,,1.4371945961483186,,,,1.4371945961483186,,,,,,,observed,"Backfilled 2023-07-07 from NRBT's historical rates file (Round 4 backfill, reports/04-historical.md Task B). BUY 0.7124 / MID 0.6958 / SELL 0.6793 NZD per 1 TOP; provider_fx_rate and amount_received are the MID rate inverted to TOP per 1 NZD (1.437195), per METHODOLOGY.md section 2.4. collected_at reflects when this project actually fetched the underlying file (2026-09-09, once); provider_quote_timestamp carries the historical date this specific rate applied to -- these are deliberately not collapsed into each other.",0bca3100bd6ac8a784b2d8f7fbace9588aaee644770905c603802fc9e06f0962,archive/nrbt/2026/09/09/0bca3100bd6ac8a784b2d8f7fbace9588aaee644770905c603802fc9e06f0962.json.gz,,false,
31aa248c-aed2-4208-97f7-44adc20d81b4,backfill-nrbt-historical-20260909T230949Z-7acea919,,,2026-09-09T11:30:00+00:00,2023-07-07T00:00:00+00:00,,,published_tariff,collector,https://www.reservebank.to/data/docs/fmarkets/exrates/average_daily_exchange_rates.xlsx,benchmarks.nrbt.historical_backfill,0.1.0,0.4,AUS,AUD,TON,TOP,1.0,,nrbt,National Reserve Bank of Tonga,National Reserve Bank of Tonga,other,,,,,1.5603058199407083,,,,1.5603058199407083,,,,,,,observed,"Backfilled 2023-07-07 from NRBT's historical rates file (Round 4 backfill, reports/04-historical.md Task B). BUY 0.6541 / MID 0.6409 / SELL 0.6276 AUD per 1 TOP; provider_fx_rate and amount_received are the MID rate inverted to TOP per 1 AUD (1.560306), per METHODOLOGY.md section 2.4. collected_at reflects when this project actually fetched the underlying file (2026-09-09, once); provider_quote_timestamp carries the historical date this specific rate applied to -- these are deliberately not collapsed into each other.",0bca3100bd6ac8a784b2d8f7fbace9588aaee644770905c603802fc9e06f0962,archive/nrbt/2026/09/09/0bca3100bd6ac8a784b2d8f7fbace9588aaee644770905c603802fc9e06f0962.json.gz,,false,
d9a0b305-e975-4d44-9451-492b983a28f8,backfill-nrbt-historical-20260909T230949Z-7acea919,,,2026-09-09T11:30:00+00:00,2023-07-10T00:00:00+00:00,,,published_tariff,collector,https://www.reservebank.to/data/docs/fmarkets/exrates/average_daily_exchange_rates.xlsx,benchmarks.nrbt.historical_backfill,0.1.0,0.4,NZL,NZD,TON,TOP,1.0,,nrbt,National Reserve Bank of Tonga,National Reserve Bank of Tonga,other,,,,,1.4411298457991066,,,,1.4411298457991066,,,,,,,observed,"Backfilled 2023-07-10 from NRBT's historical rates file (Round 4 backfill, reports/04-historical.md Task B). BUY 0.7105 / MID 0.6939 / SELL 0.6774 NZD per 1 TOP; provider_fx_rate and amount_received are the MID rate inverted to TOP per 1 NZD (1.441130), per METHODOLOGY.md section 2.4. collected_at reflects when this project actually fetched the underlying file (2026-09-09, once); provider_quote_timestamp carries the historical date this specific rate applied to -- these are deliberately not collapsed into each other.",0bca3100bd6ac8a784b2d8f7fbace9588aaee644770905c603802fc9e06f0962,archive/nrbt/2026/09/09/0bca3100bd6ac8a784b2d8f7fbace9588aaee644770905c603802fc9e06f0962.json.gz,,false,
ade7df04-7fce-4096-9a63-15b0906ba778,backfill-nrbt-historical-20260909T230949Z-7acea919,,,2026-09-09T11:30:00+00:00,2023-07-10T00:00:00+00:00,,,published_tariff,collector,https://www.reservebank.to/data/docs/fmarkets/exrates/average_daily_exchange_rates.xlsx,benchmarks.nrbt.historical_backfill,0.1.0,0.4,AUS,AUD,TON,TOP,1.0,,nrbt,National Reserve Bank of Tonga,National Reserve Bank of Tonga,other,,,,,1.567152483936687,,,,1.567152483936687,,,,,,,observed,"Backfilled 2023-07-10 from NRBT's historical rates file (Round 4 backfill, reports/04-historical.md Task B). BUY 0.6513 / MID 0.6381 / SELL 0.6248 AUD per 1 TOP; provider_fx_rate and amount_received are the MID rate inverted to TOP per 1 AUD (1.567152), per METHODOLOGY.md section 2.4. collected_at reflects when this project actually fetched the underlying file (2026-09-09, once); provider_quote_timestamp carries the historical date this specific rate applied to -- these are deliberately not collapsed into each other.",0bca3100bd6ac8a784b2d8f7fbace9588aaee644770905c603802fc9e06f0962,archive/nrbt/2026/09/09/0bca3100bd6ac8a784b2d8f7fbace9588aaee644770905c603802fc9e06f0962.json.gz,,false,
57eebaf2-d6f9-4060-bfb8-ced9a0729a57,backfill-nrbt-historical-20260909T230949Z-7acea919,,,2026-09-09T11:30:00+00:00,2023-07-11T00:00:00+00:00,,,published_tariff,collector,https://www.reservebank.to/data/docs/fmarkets/exrates/average_daily_exchange_rates.xlsx,benchmarks.nrbt.historical_backfill,0.1.0,0.4,NZL,NZD,TON,TOP,1.0,,nrbt,National Reserve Bank of Tonga,National Reserve Bank of Tonga,other,,,,,1.4419610670511895,,,,1.4419610670511895,,,,,,,observed,"Backfilled 2023-07-11 from NRBT's historical rates file (Round 4 backfill, reports/04-historical.md Task B). BUY 0.7101 / MID 0.6935 / SELL 0.677 NZD per 1 TOP; provider_fx_rate and amount_received are the MID rate inverted to TOP per 1 NZD (1.441961), per METHODOLOGY.md section 2.4. collected_at reflects when this project actually fetched the underlying file (2026-09-09, once); provider_quote_timestamp carries the historical date this specific rate applied to -- these are deliberately not collapsed into each other.",0bca3100bd6ac8a784b2d8f7fbace9588aaee644770905c603802fc9e06f0962,archive/nrbt/2026/09/09/0bca3100bd6ac8a784b2d8f7fbace9588aaee644770905c603802fc9e06f0962.json.gz,,false,
0b68ce88-1392-47e4-ae91-36e91b753b6e,backfill-nrbt-historical-20260909T230949Z-7acea919,,,2026-09-09T11:30:00+00:00,2023-07-11T00:00:00+00:00,,,published_tariff,collector,https://www.reservebank.to/data/docs/fmarkets/exrates/average_daily_exchange_rates.xlsx,benchmarks.nrbt.historical_backfill,0.1.0,0.4,AUS,AUD,TON,TOP,1.0,,nrbt,National Reserve Bank of Tonga,National Reserve Bank of Tonga,other,,,,,1.5669069257286117,,,,1.5669069257286117,,,,,,,observed,"Backfilled 2023-07-11 from NRBT's historical rates file (Round 4 backfill, reports/04-historical.md Task B). BUY 0.6515 / MID 0.6382 / SELL 0.6248 AUD per 1 TOP; provider_fx_rate and amount_received are the MID rate inverted to TOP per 1 AUD (1.566907), per METHODOLOGY.md section 2.4. collected_at reflects when this project actually fetched the underlying file (2026-09-09, once); provider_quote_timestamp carries the historical date this specific rate applied to -- these are deliberately not collapsed into each other.",0bca3100bd6ac8a784b2d8f7fbace9588aaee644770905c603802fc9e06f0962,archive/nrbt/2026/09/09/0bca3100bd6ac8a784b2d8f7fbace9588aaee644770905c603802fc9e06f0962.json.gz,,false,
87224cb2-65c6-4c20-9f23-32a8f8554272,backfill-nrbt-historical-20260909T230949Z-7acea919,,,2026-09-09T11:30:00+00:00,2023-07-12T00:00:00+00:00,,,published_tariff,collector,https://www.reservebank.to/data/docs/fmarkets/exrates/average_daily_exchange_rates.xlsx,benchmarks.nrbt.historical_backfill,0.1.0,0.4,NZL,NZD,TON,TOP,1.0,,nrbt,National Reserve Bank of Tonga,National Reserve Bank of Tonga,other,,,,,1.4405070584845865,,,,1.4405070584845865,,,,,,,observed,"Backfilled 2023-07-12 from NRBT's historical rates file (Round 4 backfill, reports/04-historical.md Task B). BUY 0.7107 / MID 0.6942 / SELL 0.6778 NZD per 1 TOP; provider_fx_rate and amount_received are the MID rate inverted to TOP per 1 NZD (1.440507), per METHODOLOGY.md section 2.4. collected_at reflects when this project actually fetched the underlying file (2026-09-09, once); provider_quote_timestamp carries the historical date this specific rate applied to -- these are deliberately not collapsed into each other.",0bca3100bd6ac8a784b2d8f7fbace9588aaee644770905c603802fc9e06f0962,archive/nrbt/2026/09/09/0bca3100bd6ac8a784b2d8f7fbace9588aaee644770905c603802fc9e06f0962.json.gz,,false,
d052ffc9-97e4-417b-9e9e-65b0f3a6ec42,backfill-nrbt-historical-20260909T230949Z-7acea919,,,2026-09-09T11:30:00+00:00,2023-07-12T00:00:00+00:00,,,published_tariff,collector,https://www.reservebank.to/data/docs/fmarkets/exrates/average_daily_exchange_rates.xlsx,benchmarks.nrbt.historical_backfill,0.1.0,0.4,AUS,AUD,TON,TOP,1.0,,nrbt,National Reserve Bank of Tonga,National Reserve Bank of Tonga,other,,,,,1.5691197238349286,,,,1.5691197238349286,,,,,,,observed,"Backfilled 2023-07-12 from NRBT's historical rates file (Round 4 backfill, reports/04-historical.md Task B). BUY 0.6506 / MID 0.6373 / SELL 0.6241 AUD per 1 TOP; provider_fx_rate and amount_received are the MID rate inverted to TOP per 1 AUD (1.569120), per METHODOLOGY.md section 2.4. collected_at reflects when this project actually fetched the underlying file (2026-09-09, once); provider_quote_timestamp carries the historical date this specific rate applied to -- these are deliberately not collapsed into each other.",0bca3100bd6ac8a784b2d8f7fbace9588aaee644770905c603802fc9e06f0962,archive/nrbt/2026/09/09/0bca3100bd6ac8a784b2d8f7fbace9588aaee644770905c603802fc9e06f0962.json.gz,,false,
baaed5a2-c52e-4b47-9012-770f5a7570da,backfill-nrbt-historical-20260909T230949Z-7acea919,,,2026-09-09T11:30:00+00:00,2023-07-13T00:00:00+00:00,,,published_tariff,collector,https://www.reservebank.to/data/docs/fmarkets/exrates/average_daily_exchange_rates.xlsx,benchmarks.nrbt.historical_backfill,0.1.0,0.4,NZL,NZD,TON,TOP,1.0,,nrbt,National Reserve Bank of Tonga,National Reserve Bank of Tonga,other,,,,,1.4471780028943562,,,,1.4471780028943562,,,,,,,observed,"Backfilled 2023-07-13 from NRBT's historical rates file (Round 4 backfill, reports/04-historical.md Task B). BUY 0.7075 / MID 0.691 / SELL 0.6745 NZD per 1 TOP; provider_fx_rate and amount_received are the MID rate inverted to TOP per 1 NZD (1.447178), per METHODOLOGY.md section 2.4. collected_at reflects when this project actually fetched the underlying file (2026-09-09, once); provider_quote_timestamp carries the historical date this specific rate applied to -- these are deliberately not collapsed into each other.",0bca3100bd6ac8a784b2d8f7fbace9588aaee644770905c603802fc9e06f0962,archive/nrbt/2026/09/09/0bca3100bd6ac8a784b2d8f7fbace9588aaee644770905c603802fc9e06f0962.json.gz,,false,
c817cafa-e1dc-4ad9-b849-c1245ce9d628,backfill-nrbt-historical-20260909T230949Z-7acea919,,,2026-09-09T11:30:00+00:00,2023-07-13T00:00:00+00:00,,,published_tariff,collector,https://www.reservebank.to/data/docs/fmarkets/exrates/average_daily_exchange_rates.xlsx,benchmarks.nrbt.historical_backfill,0.1.0,0.4,AUS,AUD,TON,TOP,1.0,,nrbt,National Reserve Bank of Tonga,National Reserve Bank of Tonga,other,,,,,1.5827793605571383,,,,1.5827793605571383,,,,,,,observed,"Backfilled 2023-07-13 from NRBT's historical rates file (Round 4 backfill, reports/04-historical.md Task B). BUY 0.645 / MID 0.6318 / SELL 0.6186 AUD per 1 TOP; provider_fx_rate and amount_received are the MID rate inverted to TOP per 1 AUD (1.582779), per METHODOLOGY.md section 2.4. collected_at reflects when this project actually fetched the underlying file (2026-09-09, once); provider_quote_timestamp carries the historical date this specific rate applied to -- these are deliberately not collapsed into each other.",0bca3100bd6ac8a784b2d8f7fbace9588aaee644770905c603802fc9e06f0962,archive/nrbt/2026/09/09/0bca3100bd6ac8a784b2d8f7fbace9588aaee644770905c603802fc9e06f0962.json.gz,,false,
9c25089c-10b1-4a8c-87eb-be2d99fc102e,backfill-nrbt-historical-20260909T230949Z-7acea919,,,2026-09-09T11:30:00+00:00,2023-07-14T00:00:00+00:00,,,published_tariff,collector,https://www.reservebank.to/data/docs/fmarkets/exrates/average_daily_exchange_rates.xlsx,benchmarks.nrbt.historical_backfill,0.1.0,0.4,NZL,NZD,TON,TOP,1.0,,nrbt,National Reserve Bank of Tonga,National Reserve Bank of Tonga,other,,,,,1.4566642388929352,,,,1.4566642388929352,,,,,,,observed,"Backfilled 2023-07-14 from NRBT's historical rates file (Round 4 backfill, reports/04-historical.md Task B). BUY 0.7029 / MID 0.6865 / SELL 0.6701 NZD per 1 TOP; provider_fx_rate and amount_received are the MID rate inverted to TOP per 1 NZD (1.456664), per METHODOLOGY.md section 2.4. collected_at reflects when this project actually fetched the underlying file (2026-09-09, once); provider_quote_timestamp carries the historical date this specific rate applied to -- these are deliberately not collapsed into each other.",0bca3100bd6ac8a784b2d8f7fbace9588aaee644770905c603802fc9e06f0962,archive/nrbt/2026/09/09/0bca3100bd6ac8a784b2d8f7fbace9588aaee644770905c603802fc9e06f0962.json.gz,,false,
1add3b89-9a49-4e3b-a3c6-fd69fe2500f2,backfill-nrbt-historical-20260909T230949Z-7acea919,,,2026-09-09T11:30:00+00:00,2023-07-14T00:00:00+00:00,,,published_tariff,collector,https://www.reservebank.to/data/docs/fmarkets/exrates/average_daily_exchange_rates.xlsx,benchmarks.nrbt.historical_backfill,0.1.0,0.4,AUS,AUD,TON,TOP,1.0,,nrbt,National Reserve Bank of Tonga,National Reserve Bank of Tonga,other,,,,,1.5921031682853048,,,,1.5921031682853048,,,,,,,observed,"Backfilled 2023-07-14 from NRBT's historical rates file (Round 4 backfill, reports/04-historical.md Task B). BUY 0.6414 / MID 0.6281 / SELL 0.6148 AUD per 1 TOP; provider_fx_rate and amount_received are the MID rate inverted to TOP per 1 AUD (1.592103), per METHODOLOGY.md section 2.4. collected_at reflects when this project actually fetched the underlying file (2026-09-09, once); provider_quote_timestamp carries the historical date this specific rate applied to -- these are deliberately not collapsed into each other.",0bca3100bd6ac8a784b2d8f7fbace9588aaee644770905c603802fc9e06f0962,archive/nrbt/2026/09/09/0bca3100bd6ac8a784b2d8f7fbace9588aaee644770905c603802fc9e06f0962.json.gz,,false,
0ac97a68-569f-495f-96f9-4ffd325a1ef4,backfill-nrbt-historical-20260909T230949Z-7acea919,,,2026-09-09T11:30:00+00:00,2023-07-17T00:00:00+00:00,,,published_tariff,collector,https://www.reservebank.to/data/docs/fmarkets/exrates/average_daily_exchange_rates.xlsx,benchmarks.nrbt.historical_backfill,0.1.0,0.4,NZL,NZD,TON,TOP,1.0,,nrbt,National Reserve Bank of Tonga,National Reserve Bank of Tonga,other,,,,,1.452643811737362,,,,1.452643811737362,,,,,,,observed,"Backfilled 2023-07-17 from NRBT's historical rates file (Round 4 backfill, reports/04-historical.md Task B). BUY 0.7048 / MID 0.6884 / SELL 0.6719 NZD per 1 TOP; provider_fx_rate and amount_received are the MID rate inverted to TOP per 1 NZD (1.452644), per METHODOLOGY.md section 2.4. collected_at reflects when this project actually fetched the underlying file (2026-09-09, once); provider_quote_timestamp carries the historical date this specific rate applied to -- these are deliberately not collapsed into each other.",0bca3100bd6ac8a784b2d8f7fbace9588aaee644770905c603802fc9e06f0962,archive/nrbt/2026/09/09/0bca3100bd6ac8a784b2d8f7fbace9588aaee644770905c603802fc9e06f0962.json.gz,,false,
f71c8979-bffa-4d5f-9a5b-1e129cab58b2,backfill-nrbt-historical-20260909T230949Z-7acea919,,,2026-09-09T11:30:00+00:00,2023-07-17T00:00:00+00:00,,,published_tariff,collector,https://www.reservebank.to/data/docs/fmarkets/exrates/average_daily_exchange_rates.xlsx,benchmarks.nrbt.historical_backfill,0.1.0,0.4,AUS,AUD,TON,TOP,1.0,,nrbt,National Reserve Bank of Tonga,National Reserve Bank of Tonga,other,,,,,1.5845349389954049,,,,1.5845349389954049,,,,,,,observed,"Backfilled 2023-07-17 from NRBT's historical rates file (Round 4 backfill, reports/04-historical.md Task B). BUY 0.6444 / MID 0.6311 / SELL 0.6178 AUD per 1 TOP; provider_fx_rate and amount_received are the MID rate inverted to TOP per 1 AUD (1.584535), per METHODOLOGY.md section 2.4. collected_at reflects when this project actually fetched the underlying file (2026-09-09, once); provider_quote_timestamp carries the historical date this specific rate applied to -- these are deliberately not collapsed into each other.",0bca3100bd6ac8a784b2d8f7fbace9588aaee644770905c603802fc9e06f0962,archive/nrbt/2026/09/09/0bca3100bd6ac8a784b2d8f7fbace9588aaee644770905c603802fc9e06f0962.json.gz,,false,
767db822-9e4f-4427-a776-39677932da6c,backfill-nrbt-historical-20260909T230949Z-7acea919,,,2026-09-09T11:30:00+00:00,2023-07-18T00:00:00+00:00,,,published_tariff,collector,https://www.reservebank.to/data/docs/fmarkets/exrates/average_daily_exchange_rates.xlsx,benchmarks.nrbt.historical_backfill,0.1.0,0.4,NZL,NZD,TON,TOP,1.0,,nrbt,National Reserve Bank of Tonga,National Reserve Bank of Tonga,other,,,,,1.4518002322880372,,,,1.4518002322880372,,,,,,,observed,"Backfilled 2023-07-18 from NRBT's historical rates file (Round 4 backfill, reports/04-historical.md Task B). BUY 0.7053 / MID 0.6888 / SELL 0.6724 NZD per 1 TOP; provider_fx_rate and amount_received are the MID rate inverted to TOP per 1 NZD (1.451800), per METHODOLOGY.md section 2.4. collected_at reflects when this project actually fetched the underlying file (2026-09-09, once); provider_quote_timestamp carries the historical date this specific rate applied to -- these are deliberately not collapsed into each other.",0bca3100bd6ac8a784b2d8f7fbace9588aaee644770905c603802fc9e06f0962,archive/nrbt/2026/09/09/0bca3100bd6ac8a784b2d8f7fbace9588aaee644770905c603802fc9e06f0962.json.gz,,false,
f6d6d80d-710d-416b-a130-09524f8046ec,backfill-nrbt-historical-20260909T230949Z-7acea919,,,2026-09-09T11:30:00+00:00,2023-07-18T00:00:00+00:00,,,published_tariff,collector,https://www.reservebank.to/data/docs/fmarkets/exrates/average_daily_exchange_rates.xlsx,benchmarks.nrbt.historical_backfill,0.1.0,0.4,AUS,AUD,TON,TOP,1.0,,nrbt,National Reserve Bank of Tonga,National Reserve Bank of Tonga,other,,,,,1.5855398763278896,,,,1.5855398763278896,,,,,,,observed,"Backfilled 2023-07-18 from NRBT's historical rates file (Round 4 backfill, reports/04-historical.md Task B). BUY 0.6439 / MID 0.6307 / SELL 0.6175 AUD per 1 TOP; provider_fx_rate and amount_received are the MID rate inverted to TOP per 1 AUD (1.585540), per METHODOLOGY.md section 2.4. collected_at reflects when this project actually fetched the underlying file (2026-09-09, once); provider_quote_timestamp carries the historical date this specific rate applied to -- these are deliberately not collapsed into each other.",0bca3100bd6ac8a784b2d8f7fbace9588aaee644770905c603802fc9e06f0962,archive/nrbt/2026/09/09/0bca3100bd6ac8a784b2d8f7fbace9588aaee644770905c603802fc9e06f0962.json.gz,,false,
8d12062a-586d-4ab7-8c01-13cb9a12a32f,backfill-nrbt-historical-20260909T230949Z-7acea919,,,2026-09-09T11:30:00+00:00,2023-07-19T00:00:00+00:00,,,published_tariff,collector,https://www.reservebank.to/data/docs/fmarkets/exrates/average_daily_exchange_rates.xlsx,benchmarks.nrbt.historical_backfill,0.1.0,0.4,NZL,NZD,TON,TOP,1.0,,nrbt,National Reserve Bank of Tonga,National Reserve Bank of Tonga,other,,,,,1.4473874656245478,,,,1.4473874656245478,,,,,,,observed,"Backfilled 2023-07-19 from NRBT's historical rates file (Round 4 backfill, reports/04-historical.md Task B). BUY 0.7074 / MID 0.6909 / SELL 0.6744 NZD per 1 TOP; provider_fx_rate and amount_received are the MID rate inverted to TOP per 1 NZD (1.447387), per METHODOLOGY.md section 2.4. collected_at reflects when this project actually fetched the underlying file (2026-09-09, once); provider_quote_timestamp carries the historical date this specific rate applied to -- these are deliberately not collapsed into each other.",0bca3100bd6ac8a784b2d8f7fbace9588aaee644770905c603802fc9e06f0962,archive/nrbt/2026/09/09/0bca3100bd6ac8a784b2d8f7fbace9588aaee644770905c603802fc9e06f0962.json.gz,,false,
431337e4-d4ca-4519-9859-71c49f78f277,backfill-nrbt-historical-20260909T230949Z-7acea919,,,2026-09-09T11:30:00+00:00,2023-07-19T00:00:00+00:00,,,published_tariff,collector,https://www.reservebank.to/data/docs/fmarkets/exrates/average_daily_exchange_rates.xlsx,benchmarks.nrbt.historical_backfill,0.1.0,0.4,AUS,AUD,TON,TOP,1.0,,nrbt,National Reserve Bank of Tonga,National Reserve Bank of Tonga,other,,,,,1.588057805304113,,,,1.588057805304113,,,,,,,observed,"Backfilled 2023-07-19 from NRBT's historical rates file (Round 4 backfill, reports/04-historical.md Task B). BUY 0.643 / MID 0.6297 / SELL 0.6165 AUD per 1 TOP; provider_fx_rate and amount_received are the MID rate inverted to TOP per 1 AUD (1.588058), per METHODOLOGY.md section 2.4. collected_at reflects when this project actually fetched the underlying file (2026-09-09, once); provider_quote_timestamp carries the historical date this specific rate applied to -- these are deliberately not collapsed into each other.",0bca3100bd6ac8a784b2d8f7fbace9588aaee644770905c603802fc9e06f0962,archive/nrbt/2026/09/09/0bca3100bd6ac8a784b2d8f7fbace9588aaee644770905c603802fc9e06f0962.json.gz,,false,
a1c7f2bc-f0d5-4f79-951f-2fdd229423f7,backfill-nrbt-historical-20260909T230949Z-7acea919,,,2026-09-09T11:30:00+00:00,2023-07-20T00:00:00+00:00,,,published_tariff,collector,https://www.reservebank.to/data/docs/fmarkets/exrates/average_daily_exchange_rates.xlsx,benchmarks.nrbt.historical_backfill,0.1.0,0.4,NZL,NZD,TON,TOP,1.0,,nrbt,National Reserve Bank of Tonga,National Reserve Bank of Tonga,other,,,,,1.4463407578825571,,,,1.4463407578825571,,,,,,,observed,"Backfilled 2023-07-20 from NRBT's historical rates file (Round 4 backfill, reports/04-historical.md Task B). BUY 0.7079 / MID 0.6914 / SELL 0.675 NZD per 1 TOP; provider_fx_rate and amount_received are the MID rate inverted to TOP per 1 NZD (1.446341), per METHODOLOGY.md section 2.4. collected_at reflects when this project actually fetched the underlying file (2026-09-09, once); provider_quote_timestamp carries the historical date this specific rate applied to -- these are deliberately not collapsed into each other.",0bca3100bd6ac8a784b2d8f7fbace9588aaee644770905c603802fc9e06f0962,archive/nrbt/2026/09/09/0bca3100bd6ac8a784b2d8f7fbace9588aaee644770905c603802fc9e06f0962.json.gz,,false,
ad720cb0-ef7a-4de8-a9b7-03b8371e11b7,backfill-nrbt-historical-20260909T230949Z-7acea919,,,2026-09-09T11:30:00+00:00,2023-07-20T00:00:00+00:00,,,published_tariff,collector,https://www.reservebank.to/data/docs/fmarkets/exrates/average_daily_exchange_rates.xlsx,benchmarks.nrbt.historical_backfill,0.1.0,0.4,AUS,AUD,TON,TOP,1.0,,nrbt,National Reserve Bank of Tonga,National Reserve Bank of Tonga,other,,,,,1.583029919265474,,,,1.583029919265474,,,,,,,observed,"Backfilled 2023-07-20 from NRBT's historical rates file (Round 4 backfill, reports/04-historical.md Task B). BUY 0.6449 / MID 0.6317 / SELL 0.6185 AUD per 1 TOP; provider_fx_rate and amount_received are the MID rate inverted to TOP per 1 AUD (1.583030), per METHODOLOGY.md section 2.4. collected_at reflects when this project actually fetched the underlying file (2026-09-09, once); provider_quote_timestamp carries the historical date this specific rate applied to -- these are deliberately not collapsed into each other.",0bca3100bd6ac8a784b2d8f7fbace9588aaee644770905c603802fc9e06f0962,archive/nrbt/2026/09/09/0bca3100bd6ac8a784b2d8f7fbace9588aaee644770905c603802fc9e06f0962.json.gz,,false,
113b90c0-dcf6-4f8d-a1ac-f6277dfd73a2,backfill-nrbt-historical-20260909T230949Z-7acea919,,,2026-09-09T11:30:00+00:00,2023-07-21T00:00:00+00:00,,,published_tariff,collector,https://www.reservebank.to/data/docs/fmarkets/exrates/average_daily_exchange_rates.xlsx,benchmarks.nrbt.historical_backfill,0.1.0,0.4,NZL,NZD,TON,TOP,1.0,,nrbt,National Reserve Bank of Tonga,National Reserve Bank of Tonga,other,,,,,1.4444604940054888,,,,1.4444604940054888,,,,,,,observed,"Backfilled 2023-07-21 from NRBT's historical rates file (Round 4 backfill, reports/04-historical.md Task B). BUY 0.7085 / MID 0.6923 / SELL 0.6761 NZD per 1 TOP; provider_fx_rate and amount_received are the MID rate inverted to TOP per 1 NZD (1.444460), per METHODOLOGY.md section 2.4. collected_at reflects when this project actually fetched the underlying file (2026-09-09, once); provider_quote_timestamp carries the historical date this specific rate applied to -- these are deliberately not collapsed into each other.",0bca3100bd6ac8a784b2d8f7fbace9588aaee644770905c603802fc9e06f0962,archive/nrbt/2026/09/09/0bca3100bd6ac8a784b2d8f7fbace9588aaee644770905c603802fc9e06f0962.json.gz,,false,
9842f160-4849-48e5-a6f1-34153c6b6cf8,backfill-nrbt-historical-20260909T230949Z-7acea919,,,2026-09-09T11:30:00+00:00,2023-07-21T00:00:00+00:00,,,published_tariff,collector,https://www.reservebank.to/data/docs/fmarkets/exrates/average_daily_exchange_rates.xlsx,benchmarks.nrbt.historical_backfill,0.1.0,0.4,AUS,AUD,TON,TOP,1.0,,nrbt,National Reserve Bank of Tonga,National Reserve Bank of Tonga,other,,,,,1.5860428231562254,,,,1.5860428231562254,,,,,,,observed,"Backfilled 2023-07-21 from NRBT's historical rates file (Round 4 backfill, reports/04-historical.md Task B). BUY 0.6437 / MID 0.6305 / SELL 0.6173 AUD per 1 TOP; provider_fx_rate and amount_received are the MID rate inverted to TOP per 1 AUD (1.586043), per METHODOLOGY.md section 2.4. collected_at reflects when this project actually fetched the underlying file (2026-09-09, once); provider_quote_timestamp carries the historical date this specific rate applied to -- these are deliberately not collapsed into each other.",0bca3100bd6ac8a784b2d8f7fbace9588aaee644770905c603802fc9e06f0962,archive/nrbt/2026/09/09/0bca3100bd6ac8a784b2d8f7fbace9588aaee644770905c603802fc9e06f0962.json.gz,,false,
bff10c9a-5e21-4b98-8f06-e0910d86aeb1,backfill-nrbt-historical-20260909T230949Z-7acea919,,,2026-09-09T11:30:00+00:00,2023-07-24T00:00:00+00:00,,,published_tariff,collector,https://www.reservebank.to/data/docs/fmarkets/exrates/average_daily_exchange_rates.xlsx,benchmarks.nrbt.historical_backfill,0.1.0,0.4,NZL,NZD,TON,TOP,1.0,,nrbt,National Reserve Bank of Tonga,National Reserve Bank of Tonga,other,,,,,1.4374011786689664,,,,1.4374011786689664,,,,,,,observed,"Backfilled 2023-07-24 from NRBT's historical rates file (Round 4 backfill, reports/04-historical.md Task B). BUY 0.7121 / MID 0.6957 / SELL 0.6792 NZD per 1 TOP; provider_fx_rate and amount_received are the MID rate inverted to TOP per 1 NZD (1.437401), per METHODOLOGY.md section 2.4. collected_at reflects when this project actually fetched the underlying file (2026-09-09, once); provider_quote_timestamp carries the historical date this specific rate applied to -- these are deliberately not collapsed into each other.",0bca3100bd6ac8a784b2d8f7fbace9588aaee644770905c603802fc9e06f0962,archive/nrbt/2026/09/09/0bca3100bd6ac8a784b2d8f7fbace9588aaee644770905c603802fc9e06f0962.json.gz,,false,
3685ab47-ccb3-48e6-af15-4801fede8fba,backfill-nrbt-historical-20260909T230949Z-7acea919,,,2026-09-09T11:30:00+00:00,2023-07-24T00:00:00+00:00,,,published_tariff,collector,https://www.reservebank.to/data/docs/fmarkets/exrates/average_daily_exchange_rates.xlsx,benchmarks.nrbt.historical_backfill,0.1.0,0.4,AUS,AUD,TON,TOP,1.0,,nrbt,National Reserve Bank of Tonga,National Reserve Bank of Tonga,other,,,,,1.5797788309636651,,,,1.5797788309636651,,,,,,,observed,"Backfilled 2023-07-24 from NRBT's historical rates file (Round 4 backfill, reports/04-historical.md Task B). BUY 0.6462 / MID 0.633 / SELL 0.6198 AUD per 1 TOP; provider_fx_rate and amount_received are the MID rate inverted to TOP per 1 AUD (1.579779), per METHODOLOGY.md section 2.4. collected_at reflects when this project actually fetched the underlying file (2026-09-09, once); provider_quote_timestamp carries the historical date this specific rate applied to -- these are deliberately not collapsed into each other.",0bca3100bd6ac8a784b2d8f7fbace9588aaee644770905c603802fc9e06f0962,archive/nrbt/2026/09/09/0bca3100bd6ac8a784b2d8f7fbace9588aaee644770905c603802fc9e06f0962.json.gz,,false,
1b953510-bece-406c-acf6-eb624cf764a4,backfill-nrbt-historical-20260909T230949Z-7acea919,,,2026-09-09T11:30:00+00:00,2023-07-25T00:00:00+00:00,,,published_tariff,collector,https://www.reservebank.to/data/docs/fmarkets/exrates/average_daily_exchange_rates.xlsx,benchmarks.nrbt.historical_backfill,0.1.0,0.4,NZL,NZD,TON,TOP,1.0,,nrbt,National Reserve Bank of Tonga,National Reserve Bank of Tonga,other,,,,,1.440299582313121,,,,1.440299582313121,,,,,,,observed,"Backfilled 2023-07-25 from NRBT's historical rates file (Round 4 backfill, reports/04-historical.md Task B). BUY 0.7108 / MID 0.6943 / SELL 0.6778 NZD per 1 TOP; provider_fx_rate and amount_received are the MID rate inverted to TOP per 1 NZD (1.440300), per METHODOLOGY.md section 2.4. collected_at reflects when this project actually fetched the underlying file (2026-09-09, once); provider_quote_timestamp carries the historical date this specific rate applied to -- these are deliberately not collapsed into each other.",0bca3100bd6ac8a784b2d8f7fbace9588aaee644770905c603802fc9e06f0962,archive/nrbt/2026/09/09/0bca3100bd6ac8a784b2d8f7fbace9588aaee644770905c603802fc9e06f0962.json.gz,,false,
a90097e9-94ba-443d-8317-340e49106fcd,backfill-nrbt-historical-20260909T230949Z-7acea919,,,2026-09-09T11:30:00+00:00,2023-07-25T00:00:00+00:00,,,published_tariff,collector,https://www.reservebank.to/data/docs/fmarkets/exrates/average_daily_exchange_rates.xlsx,benchmarks.nrbt.historical_backfill,0.1.0,0.4,AUS,AUD,TON,TOP,1.0,,nrbt,National Reserve Bank of Tonga,National Reserve Bank of Tonga,other,,,,,1.5785319652722969,,,,1.5785319652722969,,,,,,,observed,"Backfilled 2023-07-25 from NRBT's historical rates file (Round 4 backfill, reports/04-historical.md Task B). BUY 0.6467 / MID 0.6335 / SELL 0.6203 AUD per 1 TOP; provider_fx_rate and amount_received are the MID rate inverted to TOP per 1 AUD (1.578532), per METHODOLOGY.md section 2.4. collected_at reflects when this project actually fetched the underlying file (2026-09-09, once); provider_quote_timestamp carries the historical date this specific rate applied to -- these are deliberately not collapsed into each other.",0bca3100bd6ac8a784b2d8f7fbace9588aaee644770905c603802fc9e06f0962,archive/nrbt/2026/09/09/0bca3100bd6ac8a784b2d8f7fbace9588aaee644770905c603802fc9e06f0962.json.gz,,false,
be583498-2a7f-4b17-bf4f-440cfcb0f625,backfill-nrbt-historical-20260909T230949Z-7acea919,,,2026-09-09T11:30:00+00:00,2023-07-26T00:00:00+00:00,,,published_tariff,collector,https://www.reservebank.to/data/docs/fmarkets/exrates/average_daily_exchange_rates.xlsx,benchmarks.nrbt.historical_backfill,0.1.0,0.4,NZL,NZD,TON,TOP,1.0,,nrbt,National Reserve Bank of Tonga,National Reserve Bank of Tonga,other,,,,,1.442169022209403,,,,1.442169022209403,,,,,,,observed,"Backfilled 2023-07-26 from NRBT's historical rates file (Round 4 backfill, reports/04-historical.md Task B). BUY 0.71 / MID 0.6934 / SELL 0.6768 NZD per 1 TOP; provider_fx_rate and amount_received are the MID rate inverted to TOP per 1 NZD (1.442169), per METHODOLOGY.md section 2.4. collected_at reflects when this project actually fetched the underlying file (2026-09-09, once); provider_quote_timestamp carries the historical date this specific rate applied to -- these are deliberately not collapsed into each other.",0bca3100bd6ac8a784b2d8f7fbace9588aaee644770905c603802fc9e06f0962,archive/nrbt/2026/09/09/0bca3100bd6ac8a784b2d8f7fbace9588aaee644770905c603802fc9e06f0962.json.gz,,false,
ddd643aa-93bf-4262-bd45-7bb7bcb70625,backfill-nrbt-historical-20260909T230949Z-7acea919,,,2026-09-09T11:30:00+00:00,2023-07-26T00:00:00+00:00,,,published_tariff,collector,https://www.reservebank.to/data/docs/fmarkets/exrates/average_daily_exchange_rates.xlsx,benchmarks.nrbt.historical_backfill,0.1.0,0.4,AUS,AUD,TON,TOP,1.0,,nrbt,National Reserve Bank of Tonga,National Reserve Bank of Tonga,other,,,,,1.5883100381194408,,,,1.5883100381194408,,,,,,,observed,"Backfilled 2023-07-26 from NRBT's historical rates file (Round 4 backfill, reports/04-historical.md Task B). BUY 0.6426 / MID 0.6296 / SELL 0.6165 AUD per 1 TOP; provider_fx_rate and amount_received are the MID rate inverted to TOP per 1 AUD (1.588310), per METHODOLOGY.md section 2.4. collected_at reflects when this project actually fetched the underlying file (2026-09-09, once); provider_quote_timestamp carries the historical date this specific rate applied to -- these are deliberately not collapsed into each other.",0bca3100bd6ac8a784b2d8f7fbace9588aaee644770905c603802fc9e06f0962,archive/nrbt/2026/09/09/0bca3100bd6ac8a784b2d8f7fbace9588aaee644770905c603802fc9e06f0962.json.gz,,false,
c43af326-e7bd-4371-904d-a7a202b25d80,backfill-nrbt-historical-20260909T230949Z-7acea919,,,2026-09-09T11:30:00+00:00,2023-07-27T00:00:00+00:00,,,published_tariff,collector,https://www.reservebank.to/data/docs/fmarkets/exrates/average_daily_exchange_rates.xlsx,benchmarks.nrbt.historical_backfill,0.1.0,0.4,NZL,NZD,TON,TOP,1.0,,nrbt,National Reserve Bank of Tonga,National Reserve Bank of Tonga,other,,,,,1.4444604940054888,,,,1.4444604940054888,,,,,,,observed,"Backfilled 2023-07-27 from NRBT's historical rates file (Round 4 backfill, reports/04-historical.md Task B). BUY 0.7088 / MID 0.6923 / SELL 0.6758 NZD per 1 TOP; provider_fx_rate and amount_received are the MID rate inverted to TOP per 1 NZD (1.444460), per METHODOLOGY.md section 2.4. collected_at reflects when this project actually fetched the underlying file (2026-09-09, once); provider_quote_timestamp carries the historical date this specific rate applied to -- these are deliberately not collapsed into each other.",0bca3100bd6ac8a784b2d8f7fbace9588aaee644770905c603802fc9e06f0962,archive/nrbt/2026/09/09/0bca3100bd6ac8a784b2d8f7fbace9588aaee644770905c603802fc9e06f0962.json.gz,,false,
14fed423-e3de-424e-b578-b27fc97ad7e6,backfill-nrbt-historical-20260909T230949Z-7acea919,,,2026-09-09T11:30:00+00:00,2023-07-27T00:00:00+00:00,,,published_tariff,collector,https://www.reservebank.to/data/docs/fmarkets/exrates/average_daily_exchange_rates.xlsx,benchmarks.nrbt.historical_backfill,0.1.0,0.4,AUS,AUD,TON,TOP,1.0,,nrbt,National Reserve Bank of Tonga,National Reserve Bank of Tonga,other,,,,,1.5832805573147561,,,,1.5832805573147561,,,,,,,observed,"Backfilled 2023-07-27 from NRBT's historical rates file (Round 4 backfill, reports/04-historical.md Task B). BUY 0.645 / MID 0.6316 / SELL 0.6183 AUD per 1 TOP; provider_fx_rate and amount_received are the MID rate inverted to TOP per 1 AUD (1.583281), per METHODOLOGY.md section 2.4. collected_at reflects when this project actually fetched the underlying file (2026-09-09, once); provider_quote_timestamp carries the historical date this specific rate applied to -- these are deliberately not collapsed into each other.",0bca3100bd6ac8a784b2d8f7fbace9588aaee644770905c603802fc9e06f0962,archive/nrbt/2026/09/09/0bca3100bd6ac8a784b2d8f7fbace9588aaee644770905c603802fc9e06f0962.json.gz,,false,
290012ca-ddf0-4cd5-a2b6-3bb98a4abf2f,backfill-nrbt-historical-20260909T230949Z-7acea919,,,2026-09-09T11:30:00+00:00,2023-07-28T00:00:00+00:00,,,published_tariff,collector,https://www.reservebank.to/data/docs/fmarkets/exrates/average_daily_exchange_rates.xlsx,benchmarks.nrbt.historical_backfill,0.1.0,0.4,NZL,NZD,TON,TOP,1.0,,nrbt,National Reserve Bank of Tonga,National Reserve Bank of Tonga,other,,,,,1.4419610670511895,,,,1.4419610670511895,,,,,,,observed,"Backfilled 2023-07-28 from NRBT's historical rates file (Round 4 backfill, reports/04-historical.md Task B). BUY 0.7099 / MID 0.6935 / SELL 0.677 NZD per 1 TOP; provider_fx_rate and amount_received are the MID rate inverted to TOP per 1 NZD (1.441961), per METHODOLOGY.md section 2.4. collected_at reflects when this project actually fetched the underlying file (2026-09-09, once); provider_quote_timestamp carries the historical date this specific rate applied to -- these are deliberately not collapsed into each other.",0bca3100bd6ac8a784b2d8f7fbace9588aaee644770905c603802fc9e06f0962,archive/nrbt/2026/09/09/0bca3100bd6ac8a784b2d8f7fbace9588aaee644770905c603802fc9e06f0962.json.gz,,false,
ab2a2b54-c16d-4eb5-9578-993b4e100fb0,backfill-nrbt-historical-20260909T230949Z-7acea919,,,2026-09-09T11:30:00+00:00,2023-07-28T00:00:00+00:00,,,published_tariff,collector,https://www.reservebank.to/data/docs/fmarkets/exrates/average_daily_exchange_rates.xlsx,benchmarks.nrbt.historical_backfill,0.1.0,0.4,AUS,AUD,TON,TOP,1.0,,nrbt,National Reserve Bank of Tonga,National Reserve Bank of Tonga,other,,,,,1.5760441292356187,,,,1.5760441292356187,,,,,,,observed,"Backfilled 2023-07-28 from NRBT's historical rates file (Round 4 backfill, reports/04-historical.md Task B). BUY 0.6478 / MID 0.6345 / SELL 0.6212 AUD per 1 TOP; provider_fx_rate and amount_received are the MID rate inverted to TOP per 1 AUD (1.576044), per METHODOLOGY.md section 2.4. collected_at reflects when this project actually fetched the underlying file (2026-09-09, once); provider_quote_timestamp carries the historical date this specific rate applied to -- these are deliberately not collapsed into each other.",0bca3100bd6ac8a784b2d8f7fbace9588aaee644770905c603802fc9e06f0962,archive/nrbt/2026/09/09/0bca3100bd6ac8a784b2d8f7fbace9588aaee644770905c603802fc9e06f0962.json.gz,,false,
e4e2215e-9d97-41c0-8cb1-72c7b901eeed,backfill-nrbt-historical-20260909T230949Z-7acea919,,,2026-09-09T11:30:00+00:00,2023-07-31T00:00:00+00:00,,,published_tariff,collector,https://www.reservebank.to/data/docs/fmarkets/exrates/average_daily_exchange_rates.xlsx,benchmarks.nrbt.historical_backfill,0.1.0,0.4,NZL,NZD,TON,TOP,1.0,,nrbt,National Reserve Bank of Tonga,National Reserve Bank of Tonga,other,,,,,1.4390559792775939,,,,1.4390559792775939,,,,,,,observed,"Backfilled 2023-07-31 from NRBT's historical rates file (Round 4 backfill, reports/04-historical.md Task B). BUY 0.7114 / MID 0.6949 / SELL 0.6784 NZD per 1 TOP; provider_fx_rate and amount_received are the MID rate inverted to TOP per 1 NZD (1.439056), per METHODOLOGY.md section 2.4. collected_at reflects when this project actually fetched the underlying file (2026-09-09, once); provider_quote_timestamp carries the historical date this specific rate applied to -- these are deliberately not collapsed into each other.",0bca3100bd6ac8a784b2d8f7fbace9588aaee644770905c603802fc9e06f0962,archive/nrbt/2026/09/09/0bca3100bd6ac8a784b2d8f7fbace9588aaee644770905c603802fc9e06f0962.json.gz,,false,
d12d8552-7614-42aa-9c33-e569b1f9e0a6,backfill-nrbt-historical-20260909T230949Z-7acea919,,,2026-09-09T11:30:00+00:00,2023-07-31T00:00:00+00:00,,,published_tariff,collector,https://www.reservebank.to/data/docs/fmarkets/exrates/average_daily_exchange_rates.xlsx,benchmarks.nrbt.historical_backfill,0.1.0,0.4,AUS,AUD,TON,TOP,1.0,,nrbt,National Reserve Bank of Tonga,National Reserve Bank of Tonga,other,,,,,1.5659254619480114,,,,1.5659254619480114,,,,,,,observed,"Backfilled 2023-07-31 from NRBT's historical rates file (Round 4 backfill, reports/04-historical.md Task B). BUY 0.6517 / MID 0.6386 / SELL 0.6254 AUD per 1 TOP; provider_fx_rate and amount_received are the MID rate inverted to TOP per 1 AUD (1.565925), per METHODOLOGY.md section 2.4. collected_at reflects when this project actually fetched the underlying file (2026-09-09, once); provider_quote_timestamp carries the historical date this specific rate applied to -- these are deliberately not collapsed into each other.",0bca3100bd6ac8a784b2d8f7fbace9588aaee644770905c603802fc9e06f0962,archive/nrbt/2026/09/09/0bca3100bd6ac8a784b2d8f7fbace9588aaee644770905c603802fc9e06f0962.json.gz,,false,
3fe2cd05-333e-42d1-aaaa-c3a379897b56,manual-audit-2023-audit2-20260910T002305Z-356d2a48,,,2023-07-25T00:00:00+00:00,,,,manual_audit,devpolicy_manual_audit,https://sendmoneypacific.org/,manual_audit.2023_import,0.1.0,0.4,AUS,AUD,TON,TOP,200.0,,ria-money-transfer,Ria,Ria Money Transfer,global_mto,,Ria,Account,Mobile,311.43,2.89,AUD,,1.58,,,,Less than one hour,,,observed,"Manual audit observation, wave 'audit2' (Round 4 ingestion, reports/04-historical.md Task A). Observed via the Send Money Pacific comparison site. amount_sent is a fixed 200 units of the origin currency, confirmed by arithmetic against amount_received/fee/rate across the wave, not assumed from a single row.",e13690f5b7e6794b2adc8a2994f5c0f5f67ef497e871bae2a208b31cad8bcc8b,archive/manual-audit-2023/2026/09/10/e13690f5b7e6794b2adc8a2994f5c0f5f67ef497e871bae2a208b31cad8bcc8b.json.gz,Original audit's own reported Cost_PP: 1.45 (methodology/benchmark undocumented in source -- not this project's NRBT benchmark). original audit benchmark (200 AUD->TOP): 318.62 (undocumented methodology).,,
3a64a3b0-53b0-411b-a86f-5b8d86c3804a,manual-audit-2023-audit2-20260910T002305Z-356d2a48,,,2023-07-25T00:00:00+00:00,,,,manual_audit,devpolicy_manual_audit,https://sendmoneypacific.org/,manual_audit.2023_import,0.1.0,0.4,AUS,AUD,TON,TOP,200.0,,moneygram,Moneygram (Online),MoneyGram,global_mto,,Moneygram (Online),Account,Mobile,307.7,0.0,AUD,,1.54,,,,Next day,,,observed,"Manual audit observation, wave 'audit2' (Round 4 ingestion, reports/04-historical.md Task A). Observed via the Send Money Pacific comparison site. amount_sent is a fixed 200 units of the origin currency, confirmed by arithmetic against amount_received/fee/rate across the wave, not assumed from a single row.",e13690f5b7e6794b2adc8a2994f5c0f5f67ef497e871bae2a208b31cad8bcc8b,archive/manual-audit-2023/2026/09/10/e13690f5b7e6794b2adc8a2994f5c0f5f67ef497e871bae2a208b31cad8bcc8b.json.gz,Original audit's own reported Cost_PP: 2.63 (methodology/benchmark undocumented in source -- not this project's NRBT benchmark). original audit benchmark (200 AUD->TOP): 318.62 (undocumented methodology).,,
c87012e7-2adf-4e32-bacb-ea9cb0499e17,manual-audit-2023-audit2-20260910T002305Z-356d2a48,,,2023-07-25T00:00:00+00:00,,,,manual_audit,devpolicy_manual_audit,https://sendmoneypacific.org/,manual_audit.2023_import,0.1.0,0.4,AUS,AUD,TON,TOP,200.0,,ave-paanga-pau,Ave Paanga Pau,'Ave Pa'anga Pau,corridor_specialist,,Ave Paanga Pau,Prepaid,Account,307.6,0.0,AUD,,1.54,,,,Less than one hour,,,observed,"Manual audit observation, wave 'audit2' (Round 4 ingestion, reports/04-historical.md Task A). Observed via the Send Money Pacific comparison site. amount_sent is a fixed 200 units of the origin currency, confirmed by arithmetic against amount_received/fee/rate across the wave, not assumed from a single row.",e13690f5b7e6794b2adc8a2994f5c0f5f67ef497e871bae2a208b31cad8bcc8b,archive/manual-audit-2023/2026/09/10/e13690f5b7e6794b2adc8a2994f5c0f5f67ef497e871bae2a208b31cad8bcc8b.json.gz,Original audit's own reported Cost_PP: 2.66 (methodology/benchmark undocumented in source -- not this project's NRBT benchmark). original audit benchmark (200 AUD->TOP): 318.62 (undocumented methodology).,,
7e7096bc-eac0-4250-9d54-63f14e0371fd,manual-audit-2023-audit2-20260910T002305Z-356d2a48,,,2023-07-25T00:00:00+00:00,,,,manual_audit,devpolicy_manual_audit,https://sendmoneypacific.org/,manual_audit.2023_import,0.1.0,0.4,AUS,AUD,TON,TOP,200.0,,anz-australia,ANZ,ANZ (Australia),bank,,ANZ,Online,Account,307.14,0.0,AUD,,1.54,,,,2 days,,,observed,"Manual audit observation, wave 'audit2' (Round 4 ingestion, reports/04-historical.md Task A). Observed via the Send Money Pacific comparison site. amount_sent is a fixed 200 units of the origin currency, confirmed by arithmetic against amount_received/fee/rate across the wave, not assumed from a single row.",e13690f5b7e6794b2adc8a2994f5c0f5f67ef497e871bae2a208b31cad8bcc8b,archive/manual-audit-2023/2026/09/10/e13690f5b7e6794b2adc8a2994f5c0f5f67ef497e871bae2a208b31cad8bcc8b.json.gz,Original audit's own reported Cost_PP: 2.8 (methodology/benchmark undocumented in source -- not this project's NRBT benchmark). original audit benchmark (200 AUD->TOP): 318.62 (undocumented methodology).,,
10418162-6e0a-46fc-873c-a1c639b9ab94,manual-audit-2023-audit2-20260910T002305Z-356d2a48,,,2023-07-25T00:00:00+00:00,,,,manual_audit,devpolicy_manual_audit,https://sendmoneypacific.org/,manual_audit.2023_import,0.1.0,0.4,AUS,AUD,TON,TOP,200.0,,klickex,KlickEX,KlickEx,corridor_specialist,,KlickEX,Account,Mobile,300.67,5.0,AUD,,1.54,,,,Instant,,,observed,"Manual audit observation, wave 'audit2' (Round 4 ingestion, reports/04-historical.md Task A). Observed via the Send Money Pacific comparison site. amount_sent is a fixed 200 units of the origin currency, confirmed by arithmetic against amount_received/fee/rate across the wave, not assumed from a single row.",e13690f5b7e6794b2adc8a2994f5c0f5f67ef497e871bae2a208b31cad8bcc8b,archive/manual-audit-2023/2026/09/10/e13690f5b7e6794b2adc8a2994f5c0f5f67ef497e871bae2a208b31cad8bcc8b.json.gz,Original audit's own reported Cost_PP: 4.91 (methodology/benchmark undocumented in source -- not this project's NRBT benchmark). original audit benchmark (200 AUD->TOP): 318.62 (undocumented methodology).,,
82c42770-118e-467b-85c1-b3026b4dacfd,manual-audit-2023-audit2-20260910T002305Z-356d2a48,,,2023-07-25T00:00:00+00:00,,,,manual_audit,devpolicy_manual_audit,https://sendmoneypacific.org/,manual_audit.2023_import,0.1.0,0.4,AUS,AUD,TON,TOP,200.0,,moneygram,Moneygram (Cash),MoneyGram,global_mto,,Moneygram (Cash),Account,Cash,299.16,2.99,AUD,,1.52,,,,Less than one hour,,,observed,"Manual audit observation, wave 'audit2' (Round 4 ingestion, reports/04-historical.md Task A). Observed via the Send Money Pacific comparison site. amount_sent is a fixed 200 units of the origin currency, confirmed by arithmetic against amount_received/fee/rate across the wave, not assumed from a single row.",e13690f5b7e6794b2adc8a2994f5c0f5f67ef497e871bae2a208b31cad8bcc8b,archive/manual-audit-2023/2026/09/10/e13690f5b7e6794b2adc8a2994f5c0f5f67ef497e871bae2a208b31cad8bcc8b.json.gz,Original audit's own reported Cost_PP: 5.39 (methodology/benchmark undocumented in source -- not this project's NRBT benchmark). original audit benchmark (200 AUD->TOP): 318.62 (undocumented methodology).,,
36566ba1-2568-4506-9651-72d797aacf0a,manual-audit-2023-audit2-20260910T002305Z-356d2a48,,,2023-07-25T00:00:00+00:00,,,,manual_audit,devpolicy_manual_audit,https://sendmoneypacific.org/,manual_audit.2023_import,0.1.0,0.4,AUS,AUD,TON,TOP,200.0,,western-union,Western Union (Online),Western Union,global_mto,,Western Union (Online),Cash,Cash,293.71,5.0,AUD,,1.51,,,,Instant,,,observed,"Manual audit observation, wave 'audit2' (Round 4 ingestion, reports/04-historical.md Task A). Observed via the Send Money Pacific comparison site. amount_sent is a fixed 200 units of the origin currency, confirmed by arithmetic against amount_received/fee/rate across the wave, not assumed from a single row.",e13690f5b7e6794b2adc8a2994f5c0f5f67ef497e871bae2a208b31cad8bcc8b,archive/manual-audit-2023/2026/09/10/e13690f5b7e6794b2adc8a2994f5c0f5f67ef497e871bae2a208b31cad8bcc8b.json.gz,Original audit's own reported Cost_PP: 7.17 (methodology/benchmark undocumented in source -- not this project's NRBT benchmark). original audit benchmark (200 AUD->TOP): 318.62 (undocumented methodology).,,
9fc77fcb-8dd1-45e0-b843-67b1f8c90f39,manual-audit-2023-audit2-20260910T002305Z-356d2a48,,,2023-07-25T00:00:00+00:00,,,,manual_audit,devpolicy_manual_audit,https://sendmoneypacific.org/,manual_audit.2023_import,0.1.0,0.4,AUS,AUD,TON,TOP,200.0,,western-union,Western Union (Cash),Western Union,global_mto,,Western Union (Cash),Online,Mobile,290.62,0.0,AUD,,1.45,,,,Instant,,,observed,"Manual audit observation, wave 'audit2' (Round 4 ingestion, reports/04-historical.md Task A). Observed via the Send Money Pacific comparison site. amount_sent is a fixed 200 units of the origin currency, confirmed by arithmetic against amount_received/fee/rate across the wave, not assumed from a single row.",e13690f5b7e6794b2adc8a2994f5c0f5f67ef497e871bae2a208b31cad8bcc8b,archive/manual-audit-2023/2026/09/10/e13690f5b7e6794b2adc8a2994f5c0f5f67ef497e871bae2a208b31cad8bcc8b.json.gz,Original audit's own reported Cost_PP: 8.03 (methodology/benchmark undocumented in source -- not this project's NRBT benchmark). original audit benchmark (200 AUD->TOP): 318.62 (undocumented methodology).,,
13f6e898-43e7-484f-bf7e-ee622a45f297,manual-audit-2023-audit2-20260910T002305Z-356d2a48,,,2023-07-25T00:00:00+00:00,,,,manual_audit,devpolicy_manual_audit,https://sendmoneypacific.org/,manual_audit.2023_import,0.1.0,0.4,AUS,AUD,TON,TOP,200.0,,nab,NAB,National Australia Bank,bank,,NAB,Online,Account,245.4,30.0,AUD,,1.44,,,,3 days,,,observed,"Manual audit observation, wave 'audit2' (Round 4 ingestion, reports/04-historical.md Task A). Observed via the Send Money Pacific comparison site. amount_sent is a fixed 200 units of the origin currency, confirmed by arithmetic against amount_received/fee/rate across the wave, not assumed from a single row.",e13690f5b7e6794b2adc8a2994f5c0f5f67ef497e871bae2a208b31cad8bcc8b,archive/manual-audit-2023/2026/09/10/e13690f5b7e6794b2adc8a2994f5c0f5f67ef497e871bae2a208b31cad8bcc8b.json.gz,Original audit's own reported Cost_PP: 23.64 (methodology/benchmark undocumented in source -- not this project's NRBT benchmark). original audit benchmark (200 AUD->TOP): 318.62 (undocumented methodology).,,
2993ebb8-6981-448a-8a18-b5b8e3bd0d34,manual-audit-2023-audit2-20260910T002305Z-356d2a48,,,2023-07-25T00:00:00+00:00,,,,manual_audit,devpolicy_manual_audit,https://saverpacific.com/,manual_audit.2023_import,0.1.0,0.4,AUS,AUD,TON,TOP,200.0,,ria-money-transfer,Ria,Ria Money Transfer,global_mto,,Ria,Account,Mobile,311.43,2.89,AUD,,1.58,,,,Less than one hour,,,observed,"Manual audit observation, wave 'audit2' (Round 4 ingestion, reports/04-historical.md Task A). Observed via the Saver Pacific comparison site. amount_sent is a fixed 200 units of the origin currency, confirmed by arithmetic against amount_received/fee/rate across the wave, not assumed from a single row.",e13690f5b7e6794b2adc8a2994f5c0f5f67ef497e871bae2a208b31cad8bcc8b,archive/manual-audit-2023/2026/09/10/e13690f5b7e6794b2adc8a2994f5c0f5f67ef497e871bae2a208b31cad8bcc8b.json.gz,Original audit's own reported Cost_PP: 2.26 (methodology/benchmark undocumented in source -- not this project's NRBT benchmark). original audit benchmark (200 AUD->TOP): 318.62 (undocumented methodology).,,
99b7636d-6fb8-4ca4-b877-3d9e207172c4,manual-audit-2023-audit2-20260910T002305Z-356d2a48,,,2023-07-25T00:00:00+00:00,,,,manual_audit,devpolicy_manual_audit,https://saverpacific.com/,manual_audit.2023_import,0.1.0,0.4,AUS,AUD,TON,TOP,200.0,,ave-paanga-pau,Ave Paanga Pau,'Ave Pa'anga Pau,corridor_specialist,,Ave Paanga Pau,Prepaid,Account,308.64,0.0,AUD,,1.54,,,,Next day,,,observed,"Manual audit observation, wave 'audit2' (Round 4 ingestion, reports/04-historical.md Task A). Observed via the Saver Pacific comparison site. amount_sent is a fixed 200 units of the origin currency, confirmed by arithmetic against amount_received/fee/rate across the wave, not assumed from a single row.",e13690f5b7e6794b2adc8a2994f5c0f5f67ef497e871bae2a208b31cad8bcc8b,archive/manual-audit-2023/2026/09/10/e13690f5b7e6794b2adc8a2994f5c0f5f67ef497e871bae2a208b31cad8bcc8b.json.gz,Original audit's own reported Cost_PP: 3.13 (methodology/benchmark undocumented in source -- not this project's NRBT benchmark). original audit benchmark (200 AUD->TOP): 318.62 (undocumented methodology).,,
17597413-740a-4873-946d-0bed20a371a4,manual-audit-2023-audit2-20260910T002305Z-356d2a48,,,2023-07-25T00:00:00+00:00,,,,manual_audit,devpolicy_manual_audit,https://saverpacific.com/,manual_audit.2023_import,0.1.0,0.4,AUS,AUD,TON,TOP,200.0,,moneygram,Moneygram (Online),MoneyGram,global_mto,,Moneygram (Online),Account,Mobile,308.42,0.0,AUD,,1.54,,,,Same day,,,observed,"Manual audit observation, wave 'audit2' (Round 4 ingestion, reports/04-historical.md Task A). Observed via the Saver Pacific comparison site. amount_sent is a fixed 200 units of the origin currency, confirmed by arithmetic against amount_received/fee/rate across the wave, not assumed from a single row.",e13690f5b7e6794b2adc8a2994f5c0f5f67ef497e871bae2a208b31cad8bcc8b,archive/manual-audit-2023/2026/09/10/e13690f5b7e6794b2adc8a2994f5c0f5f67ef497e871bae2a208b31cad8bcc8b.json.gz,Original audit's own reported Cost_PP: 3.2 (methodology/benchmark undocumented in source -- not this project's NRBT benchmark). original audit benchmark (200 AUD->TOP): 318.62 (undocumented methodology).,,
c5004500-71a5-44b3-bfc2-b0cc75dd9896,manual-audit-2023-audit2-20260910T002305Z-356d2a48,,,2023-07-25T00:00:00+00:00,,,,manual_audit,devpolicy_manual_audit,https://saverpacific.com/,manual_audit.2023_import,0.1.0,0.4,AUS,AUD,TON,TOP,200.0,,anz-australia,ANZ,ANZ (Australia),bank,,ANZ,Online,Account,305.3,0.0,AUD,,1.53,,,,2 days,,,observed,"Manual audit observation, wave 'audit2' (Round 4 ingestion, reports/04-historical.md Task A). Observed via the Saver Pacific comparison site. amount_sent is a fixed 200 units of the origin currency, confirmed by arithmetic against amount_received/fee/rate across the wave, not assumed from a single row.",e13690f5b7e6794b2adc8a2994f5c0f5f67ef497e871bae2a208b31cad8bcc8b,archive/manual-audit-2023/2026/09/10/e13690f5b7e6794b2adc8a2994f5c0f5f67ef497e871bae2a208b31cad8bcc8b.json.gz,Original audit's own reported Cost_PP: 4.18 (methodology/benchmark undocumented in source -- not this project's NRBT benchmark). original audit benchmark (200 AUD->TOP): 318.62 (undocumented methodology).,,
812856e6-f0cd-4e16-b1d7-f92b482cb6d2,manual-audit-2023-audit2-20260910T002305Z-356d2a48,,,2023-07-25T00:00:00+00:00,,,,manual_audit,devpolicy_manual_audit,https://saverpacific.com/,manual_audit.2023_import,0.1.0,0.4,AUS,AUD,TON,TOP,200.0,,wantok-money,Wantok,WanTok Money,corridor_specialist,,Wantok,Account,Mobile,300.67,5.0,AUD,,1.54,,,,Less than one hour,,,observed,"Manual audit observation, wave 'audit2' (Round 4 ingestion, reports/04-historical.md Task A). Observed via the Saver Pacific comparison site. amount_sent is a fixed 200 units of the origin currency, confirmed by arithmetic against amount_received/fee/rate across the wave, not assumed from a single row.",e13690f5b7e6794b2adc8a2994f5c0f5f67ef497e871bae2a208b31cad8bcc8b,archive/manual-audit-2023/2026/09/10/e13690f5b7e6794b2adc8a2994f5c0f5f67ef497e871bae2a208b31cad8bcc8b.json.gz,Original audit's own reported Cost_PP: 5.63 (methodology/benchmark undocumented in source -- not this project's NRBT benchmark). original audit benchmark (200 AUD->TOP): 318.62 (undocumented methodology).,,
43abb24b-a4fd-4798-a83d-809e160b3ab7,manual-audit-2023-audit2-20260910T002305Z-356d2a48,,,2023-07-25T00:00:00+00:00,,,,manual_audit,devpolicy_manual_audit,https://saverpacific.com/,manual_audit.2023_import,0.1.0,0.4,AUS,AUD,TON,TOP,200.0,,moneygram,Moneygram (Cash),MoneyGram,global_mto,,Moneygram (Cash),Account,Cash,299.99,2.99,AUD,,1.52,,,,Less than one hour,,,observed,"Manual audit observation, wave 'audit2' (Round 4 ingestion, reports/04-historical.md Task A). Observed via the Saver Pacific comparison site. amount_sent is a fixed 200 units of the origin currency, confirmed by arithmetic against amount_received/fee/rate across the wave, not assumed from a single row.",e13690f5b7e6794b2adc8a2994f5c0f5f67ef497e871bae2a208b31cad8bcc8b,archive/manual-audit-2023/2026/09/10/e13690f5b7e6794b2adc8a2994f5c0f5f67ef497e871bae2a208b31cad8bcc8b.json.gz,Original audit's own reported Cost_PP: 5.85 (methodology/benchmark undocumented in source -- not this project's NRBT benchmark). original audit benchmark (200 AUD->TOP): 318.62 (undocumented methodology).,,
ab4b0555-c69c-4299-b914-abc299d00dbb,manual-audit-2023-audit2-20260910T002305Z-356d2a48,,,2023-07-25T00:00:00+00:00,,,,manual_audit,devpolicy_manual_audit,https://saverpacific.com/,manual_audit.2023_import,0.1.0,0.4,AUS,AUD,TON,TOP,200.0,,western-union,Western Union (Online),Western Union,global_mto,,Western Union (Online),Cash,Cash,295.23,5.0,AUD,,1.51,,,,Instant,,,observed,"Manual audit observation, wave 'audit2' (Round 4 ingestion, reports/04-historical.md Task A). Observed via the Saver Pacific comparison site. amount_sent is a fixed 200 units of the origin currency, confirmed by arithmetic against amount_received/fee/rate across the wave, not assumed from a single row.",e13690f5b7e6794b2adc8a2994f5c0f5f67ef497e871bae2a208b31cad8bcc8b,archive/manual-audit-2023/2026/09/10/e13690f5b7e6794b2adc8a2994f5c0f5f67ef497e871bae2a208b31cad8bcc8b.json.gz,Original audit's own reported Cost_PP: 7.34 (methodology/benchmark undocumented in source -- not this project's NRBT benchmark). original audit benchmark (200 AUD->TOP): 318.62 (undocumented methodology).,,
6bf656ff-a42a-46ef-9c0b-c0f7cd267174,manual-audit-2023-audit2-20260910T002305Z-356d2a48,,,2023-07-25T00:00:00+00:00,,,,manual_audit,devpolicy_manual_audit,https://saverpacific.com/,manual_audit.2023_import,0.1.0,0.4,AUS,AUD,TON,TOP,200.0,,western-union,Western Union (Cash),Western Union,global_mto,,Western Union (Cash),Online,Mobile,294.92,0.0,AUD,,1.47,,,,Instant,,,observed,"Manual audit observation, wave 'audit2' (Round 4 ingestion, reports/04-historical.md Task A). Observed via the Saver Pacific comparison site. amount_sent is a fixed 200 units of the origin currency, confirmed by arithmetic against amount_received/fee/rate across the wave, not assumed from a single row.",e13690f5b7e6794b2adc8a2994f5c0f5f67ef497e871bae2a208b31cad8bcc8b,archive/manual-audit-2023/2026/09/10/e13690f5b7e6794b2adc8a2994f5c0f5f67ef497e871bae2a208b31cad8bcc8b.json.gz,Original audit's own reported Cost_PP: 7.44 (methodology/benchmark undocumented in source -- not this project's NRBT benchmark). original audit benchmark (200 AUD->TOP): 318.62 (undocumented methodology).,,
772814b1-2c9d-4d11-bc67-569433f95e37,manual-audit-2023-audit2-20260910T002305Z-356d2a48,,,2023-07-25T00:00:00+00:00,,,,manual_audit,devpolicy_manual_audit,https://saverpacific.com/,manual_audit.2023_import,0.1.0,0.4,AUS,AUD,TON,TOP,200.0,,ofx,OFX,OFX,global_mto,,OFX,Account,Account,269.6,15.0,AUD,,1.46,,,,3 - 5 days,,,observed,"Manual audit observation, wave 'audit2' (Round 4 ingestion, reports/04-historical.md Task A). Observed via the Saver Pacific comparison site. amount_sent is a fixed 200 units of the origin currency, confirmed by arithmetic against amount_received/fee/rate across the wave, not assumed from a single row.",e13690f5b7e6794b2adc8a2994f5c0f5f67ef497e871bae2a208b31cad8bcc8b,archive/manual-audit-2023/2026/09/10/e13690f5b7e6794b2adc8a2994f5c0f5f67ef497e871bae2a208b31cad8bcc8b.json.gz,Original audit's own reported Cost_PP: 15.39 (methodology/benchmark undocumented in source -- not this project's NRBT benchmark). original audit benchmark (200 AUD->TOP): 318.62 (undocumented methodology).,,
b980cab1-dd01-4c48-bbfc-7755d9d9ae40,manual-audit-2023-audit2-20260910T002305Z-356d2a48,,,2023-07-25T00:00:00+00:00,,,,manual_audit,devpolicy_manual_audit,https://sendmoneypacific.org/,manual_audit.2023_import,0.1.0,0.4,NZL,NZD,TON,TOP,200.0,,ave-paanga-pau,Ave Paanga Pau,'Ave Pa'anga Pau,corridor_specialist,,Ave Paanga Pau,Prepaid,Account,282.72,0.0,NZD,,1.41,,,,Less than one hour,,,observed,"Manual audit observation, wave 'audit2' (Round 4 ingestion, reports/04-historical.md Task A). Observed via the Send Money Pacific comparison site. amount_sent is a fixed 200 units of the origin currency, confirmed by arithmetic against amount_received/fee/rate across the wave, not assumed from a single row.",e13690f5b7e6794b2adc8a2994f5c0f5f67ef497e871bae2a208b31cad8bcc8b,archive/manual-audit-2023/2026/09/10/e13690f5b7e6794b2adc8a2994f5c0f5f67ef497e871bae2a208b31cad8bcc8b.json.gz,Original audit's own reported Cost_PP: 3.18 (methodology/benchmark undocumented in source -- not this project's NRBT benchmark). original audit benchmark (200 NZD->TOP): 291.98 (undocumented methodology).,,
fb3ad8f2-67fb-41fe-8645-0b7d42c9d30b,manual-audit-2023-audit2-20260910T002305Z-356d2a48,,,2023-07-25T00:00:00+00:00,,,,manual_audit,devpolicy_manual_audit,https://sendmoneypacific.org/,manual_audit.2023_import,0.1.0,0.4,NZL,NZD,TON,TOP,200.0,,anz-new-zealand,ANZ,ANZ (New Zealand),bank,,ANZ,Online,Account,278.8,0.0,NZD,,1.39,,,,2 days,,,observed,"Manual audit observation, wave 'audit2' (Round 4 ingestion, reports/04-historical.md Task A). Observed via the Send Money Pacific comparison site. amount_sent is a fixed 200 units of the origin currency, confirmed by arithmetic against amount_received/fee/rate across the wave, not assumed from a single row.",e13690f5b7e6794b2adc8a2994f5c0f5f67ef497e871bae2a208b31cad8bcc8b,archive/manual-audit-2023/2026/09/10/e13690f5b7e6794b2adc8a2994f5c0f5f67ef497e871bae2a208b31cad8bcc8b.json.gz,Original audit's own reported Cost_PP: 4.52 (methodology/benchmark undocumented in source -- not this project's NRBT benchmark). original audit benchmark (200 NZD->TOP): 291.98 (undocumented methodology).,,
2dd5f421-ab4d-49b3-a651-62a1470afdd3,manual-audit-2023-audit2-20260910T002305Z-356d2a48,,,2023-07-25T00:00:00+00:00,,,,manual_audit,devpolicy_manual_audit,https://sendmoneypacific.org/,manual_audit.2023_import,0.1.0,0.4,NZL,NZD,TON,TOP,200.0,,klickex,KlickEX,KlickEx,corridor_specialist,,KlickEX,Account,Mobile,276.9,5.0,NZD,,1.42,,,,Instant,,,observed,"Manual audit observation, wave 'audit2' (Round 4 ingestion, reports/04-historical.md Task A). Observed via the Send Money Pacific comparison site. amount_sent is a fixed 200 units of the origin currency, confirmed by arithmetic against amount_received/fee/rate across the wave, not assumed from a single row.",e13690f5b7e6794b2adc8a2994f5c0f5f67ef497e871bae2a208b31cad8bcc8b,archive/manual-audit-2023/2026/09/10/e13690f5b7e6794b2adc8a2994f5c0f5f67ef497e871bae2a208b31cad8bcc8b.json.gz,Original audit's own reported Cost_PP: 5.24 (methodology/benchmark undocumented in source -- not this project's NRBT benchmark). original audit benchmark (200 NZD->TOP): 291.98 (undocumented methodology).,,
67838db4-9efa-41e9-9a78-d4fef74ed73a,manual-audit-2023-audit2-20260910T002305Z-356d2a48,,,2023-07-25T00:00:00+00:00,,,,manual_audit,devpolicy_manual_audit,https://sendmoneypacific.org/,manual_audit.2023_import,0.1.0,0.4,NZL,NZD,TON,TOP,200.0,,wantok-money,Wantok,WanTok Money,corridor_specialist,,Wantok,Account,Mobile,275.77,5.0,NZD,,1.41,,,,Instant,,,observed,"Manual audit observation, wave 'audit2' (Round 4 ingestion, reports/04-historical.md Task A). Observed via the Send Money Pacific comparison site. amount_sent is a fixed 200 units of the origin currency, confirmed by arithmetic against amount_received/fee/rate across the wave, not assumed from a single row.",e13690f5b7e6794b2adc8a2994f5c0f5f67ef497e871bae2a208b31cad8bcc8b,archive/manual-audit-2023/2026/09/10/e13690f5b7e6794b2adc8a2994f5c0f5f67ef497e871bae2a208b31cad8bcc8b.json.gz,Original audit's own reported Cost_PP: 5.64 (methodology/benchmark undocumented in source -- not this project's NRBT benchmark). original audit benchmark (200 NZD->TOP): 291.98 (undocumented methodology).,,
794f11d7-7727-48e9-952a-4a55311b192b,manual-audit-2023-audit2-20260910T002305Z-356d2a48,,,2023-07-25T00:00:00+00:00,,,,manual_audit,devpolicy_manual_audit,https://sendmoneypacific.org/,manual_audit.2023_import,0.1.0,0.4,NZL,NZD,TON,TOP,200.0,,moneygram,Moneygram (Cash),MoneyGram,global_mto,,Moneygram (Cash),Account,Cash,275.3,4.0,NZD,,1.4,,,,Less than one hour,,,observed,"Manual audit observation, wave 'audit2' (Round 4 ingestion, reports/04-historical.md Task A). Observed via the Send Money Pacific comparison site. amount_sent is a fixed 200 units of the origin currency, confirmed by arithmetic against amount_received/fee/rate across the wave, not assumed from a single row.",e13690f5b7e6794b2adc8a2994f5c0f5f67ef497e871bae2a208b31cad8bcc8b,archive/manual-audit-2023/2026/09/10/e13690f5b7e6794b2adc8a2994f5c0f5f67ef497e871bae2a208b31cad8bcc8b.json.gz,Original audit's own reported Cost_PP: 5.79 (methodology/benchmark undocumented in source -- not this project's NRBT benchmark). original audit benchmark (200 NZD->TOP): 291.98 (undocumented methodology).,,
7efcff10-3af3-4ef1-9346-f2ee2b53099e,manual-audit-2023-audit2-20260910T002305Z-356d2a48,,,2023-07-25T00:00:00+00:00,,,,manual_audit,devpolicy_manual_audit,https://sendmoneypacific.org/,manual_audit.2023_import,0.1.0,0.4,NZL,NZD,TON,TOP,200.0,,moneygram,Moneygram (Online),MoneyGram,global_mto,,Moneygram (Online),Account,Mobile,264.17,4.0,NZD,,1.35,,,,Less than one hour,,,observed,"Manual audit observation, wave 'audit2' (Round 4 ingestion, reports/04-historical.md Task A). Observed via the Send Money Pacific comparison site. amount_sent is a fixed 200 units of the origin currency, confirmed by arithmetic against amount_received/fee/rate across the wave, not assumed from a single row.",e13690f5b7e6794b2adc8a2994f5c0f5f67ef497e871bae2a208b31cad8bcc8b,archive/manual-audit-2023/2026/09/10/e13690f5b7e6794b2adc8a2994f5c0f5f67ef497e871bae2a208b31cad8bcc8b.json.gz,Original audit's own reported Cost_PP: 9.68 (methodology/benchmark undocumented in source -- not this project's NRBT benchmark). original audit benchmark (200 NZD->TOP): 291.98 (undocumented methodology).,,
0484e15a-c42e-4e67-98ea-a80b79ac127f,manual-audit-2023-audit2-20260910T002305Z-356d2a48,,,2023-07-25T00:00:00+00:00,,,,manual_audit,devpolicy_manual_audit,https://sendmoneypacific.org/,manual_audit.2023_import,0.1.0,0.4,NZL,NZD,TON,TOP,200.0,,western-union,Western Union (Online),Western Union,global_mto,,Western Union (Online),Online,Mobile,270.9,0.0,NZD,,1.35,,,,Less than one hour,,,observed,"Manual audit observation, wave 'audit2' (Round 4 ingestion, reports/04-historical.md Task A). Observed via the Send Money Pacific comparison site. amount_sent is a fixed 200 units of the origin currency, confirmed by arithmetic against amount_received/fee/rate across the wave, not assumed from a single row.",e13690f5b7e6794b2adc8a2994f5c0f5f67ef497e871bae2a208b31cad8bcc8b,archive/manual-audit-2023/2026/09/10/e13690f5b7e6794b2adc8a2994f5c0f5f67ef497e871bae2a208b31cad8bcc8b.json.gz,Original audit's own reported Cost_PP: 7.23 (methodology/benchmark undocumented in source -- not this project's NRBT benchmark). original audit benchmark (200 NZD->TOP): 291.98 (undocumented methodology).,,
9e325484-d550-4486-a476-763a35b5a549,manual-audit-2023-audit2-20260910T002305Z-356d2a48,,,2023-07-25T00:00:00+00:00,,,,manual_audit,devpolicy_manual_audit,https://sendmoneypacific.org/,manual_audit.2023_import,0.1.0,0.4,NZL,NZD,TON,TOP,200.0,,western-union,Western Union (Cash),Western Union,global_mto,,Western Union (Cash),Online,Cash,270.5,0.0,NZD,,1.35,,,,Same day,,,observed,"Manual audit observation, wave 'audit2' (Round 4 ingestion, reports/04-historical.md Task A). Observed via the Send Money Pacific comparison site. amount_sent is a fixed 200 units of the origin currency, confirmed by arithmetic against amount_received/fee/rate across the wave, not assumed from a single row.",e13690f5b7e6794b2adc8a2994f5c0f5f67ef497e871bae2a208b31cad8bcc8b,archive/manual-audit-2023/2026/09/10/e13690f5b7e6794b2adc8a2994f5c0f5f67ef497e871bae2a208b31cad8bcc8b.json.gz,Original audit's own reported Cost_PP: 7.36 (methodology/benchmark undocumented in source -- not this project's NRBT benchmark). original audit benchmark (200 NZD->TOP): 291.98 (undocumented methodology).,,
5820f627-546c-49aa-9a6c-c7b2cd5063fc,manual-audit-2023-audit2-20260910T002305Z-356d2a48,,,2023-07-25T00:00:00+00:00,,,,manual_audit,devpolicy_manual_audit,https://sendmoneypacific.org/,manual_audit.2023_import,0.1.0,0.4,NZL,NZD,TON,TOP,200.0,,asb,ASB,ASB,bank,,ASB,Account,Account,233.55,30.0,NZD,,1.37,,,,2 days,,,observed,"Manual audit observation, wave 'audit2' (Round 4 ingestion, reports/04-historical.md Task A). Observed via the Send Money Pacific comparison site. amount_sent is a fixed 200 units of the origin currency, confirmed by arithmetic against amount_received/fee/rate across the wave, not assumed from a single row.",e13690f5b7e6794b2adc8a2994f5c0f5f67ef497e871bae2a208b31cad8bcc8b,archive/manual-audit-2023/2026/09/10/e13690f5b7e6794b2adc8a2994f5c0f5f67ef497e871bae2a208b31cad8bcc8b.json.gz,Original audit's own reported Cost_PP: 20.9 (methodology/benchmark undocumented in source -- not this project's NRBT benchmark). original audit benchmark (200 NZD->TOP): 291.98 (undocumented methodology).,,
647b7204-1494-4c28-aa9d-0f1cbe4bedbe,manual-audit-2023-audit2-20260910T002305Z-356d2a48,,,2023-07-25T00:00:00+00:00,,,,manual_audit,devpolicy_manual_audit,https://saverpacific.com/,manual_audit.2023_import,0.1.0,0.4,NZL,NZD,TON,TOP,200.0,,ave-paanga-pau,Ave Paanga Pau,'Ave Pa'anga Pau,corridor_specialist,,Ave Paanga Pau,Prepaid,Account,284.1,0.0,NZD,,1.42,,,,Less than one hour,,,observed,"Manual audit observation, wave 'audit2' (Round 4 ingestion, reports/04-historical.md Task A). Observed via the Saver Pacific comparison site. amount_sent is a fixed 200 units of the origin currency, confirmed by arithmetic against amount_received/fee/rate across the wave, not assumed from a single row.",e13690f5b7e6794b2adc8a2994f5c0f5f67ef497e871bae2a208b31cad8bcc8b,archive/manual-audit-2023/2026/09/10/e13690f5b7e6794b2adc8a2994f5c0f5f67ef497e871bae2a208b31cad8bcc8b.json.gz,Original audit's own reported Cost_PP: 2.7 (methodology/benchmark undocumented in source -- not this project's NRBT benchmark). original audit benchmark (200 NZD->TOP): 291.98 (undocumented methodology).,,
5a701a94-e532-450b-94ab-abbf6bf30153,manual-audit-2023-audit2-20260910T002305Z-356d2a48,,,2023-07-25T00:00:00+00:00,,,,manual_audit,devpolicy_manual_audit,https://saverpacific.com/,manual_audit.2023_import,0.1.0,0.4,NZL,NZD,TON,TOP,200.0,,imex,iMEX,IMEX Money Transfer,corridor_specialist,,iMEX,Account,Account/Cash/Mobile,280.0,0.0,NZD,,1.4,,,,Less than one hour,,,observed,"Manual audit observation, wave 'audit2' (Round 4 ingestion, reports/04-historical.md Task A). Observed via the Saver Pacific comparison site. amount_sent is a fixed 200 units of the origin currency, confirmed by arithmetic against amount_received/fee/rate across the wave, not assumed from a single row.",e13690f5b7e6794b2adc8a2994f5c0f5f67ef497e871bae2a208b31cad8bcc8b,archive/manual-audit-2023/2026/09/10/e13690f5b7e6794b2adc8a2994f5c0f5f67ef497e871bae2a208b31cad8bcc8b.json.gz,Original audit's own reported Cost_PP: 4.1 (methodology/benchmark undocumented in source -- not this project's NRBT benchmark). original audit benchmark (200 NZD->TOP): 291.98 (undocumented methodology).,,
ec58af06-8085-4a50-ba98-c6f1826cabda,manual-audit-2023-audit2-20260910T002305Z-356d2a48,,,2023-07-25T00:00:00+00:00,,,,manual_audit,devpolicy_manual_audit,https://saverpacific.com/,manual_audit.2023_import,0.1.0,0.4,NZL,NZD,TON,TOP,200.0,,wantok-money,Wantok,WanTok Money,corridor_specialist,,Wantok,Account,Mobile,276.9,5.0,NZD,,1.42,,,,Less than one hour,,,observed,"Manual audit observation, wave 'audit2' (Round 4 ingestion, reports/04-historical.md Task A). Observed via the Saver Pacific comparison site. amount_sent is a fixed 200 units of the origin currency, confirmed by arithmetic against amount_received/fee/rate across the wave, not assumed from a single row.",e13690f5b7e6794b2adc8a2994f5c0f5f67ef497e871bae2a208b31cad8bcc8b,archive/manual-audit-2023/2026/09/10/e13690f5b7e6794b2adc8a2994f5c0f5f67ef497e871bae2a208b31cad8bcc8b.json.gz,Original audit's own reported Cost_PP: 5.16 (methodology/benchmark undocumented in source -- not this project's NRBT benchmark). original audit benchmark (200 NZD->TOP): 291.98 (undocumented methodology).,,
fc341ab5-ab3c-42be-9b5b-8f820c619270,manual-audit-2023-audit2-20260910T002305Z-356d2a48,,,2023-07-25T00:00:00+00:00,,,,manual_audit,devpolicy_manual_audit,https://saverpacific.com/,manual_audit.2023_import,0.1.0,0.4,NZL,NZD,TON,TOP,200.0,,moneygram,Moneygram (Cash),MoneyGram,global_mto,,Moneygram (Cash),Account,Cash,275.79,4.0,NZD,,1.41,,,,Less than one hour,,,observed,"Manual audit observation, wave 'audit2' (Round 4 ingestion, reports/04-historical.md Task A). Observed via the Saver Pacific comparison site. amount_sent is a fixed 200 units of the origin currency, confirmed by arithmetic against amount_received/fee/rate across the wave, not assumed from a single row.",e13690f5b7e6794b2adc8a2994f5c0f5f67ef497e871bae2a208b31cad8bcc8b,archive/manual-audit-2023/2026/09/10/e13690f5b7e6794b2adc8a2994f5c0f5f67ef497e871bae2a208b31cad8bcc8b.json.gz,Original audit's own reported Cost_PP: 5.54 (methodology/benchmark undocumented in source -- not this project's NRBT benchmark). original audit benchmark (200 NZD->TOP): 291.98 (undocumented methodology).,,
19e8033e-8ad3-46c3-94e4-54dee9def443,manual-audit-2023-audit2-20260910T002305Z-356d2a48,,,2023-07-25T00:00:00+00:00,,,,manual_audit,devpolicy_manual_audit,https://saverpacific.com/,manual_audit.2023_import,0.1.0,0.4,NZL,NZD,TON,TOP,200.0,,anz-new-zealand,ANZ,ANZ (New Zealand),bank,,ANZ,Account,Account,275.26,0.0,NZD,,1.38,,,,Next day,,,observed,"Manual audit observation, wave 'audit2' (Round 4 ingestion, reports/04-historical.md Task A). Observed via the Saver Pacific comparison site. amount_sent is a fixed 200 units of the origin currency, confirmed by arithmetic against amount_received/fee/rate across the wave, not assumed from a single row.",e13690f5b7e6794b2adc8a2994f5c0f5f67ef497e871bae2a208b31cad8bcc8b,archive/manual-audit-2023/2026/09/10/e13690f5b7e6794b2adc8a2994f5c0f5f67ef497e871bae2a208b31cad8bcc8b.json.gz,Original audit's own reported Cost_PP: 5.73 (methodology/benchmark undocumented in source -- not this project's NRBT benchmark). original audit benchmark (200 NZD->TOP): 291.98 (undocumented methodology).,,
483a2aea-e9b7-4992-a4a3-e27a4261df36,manual-audit-2023-audit2-20260910T002305Z-356d2a48,,,2023-07-25T00:00:00+00:00,,,,manual_audit,devpolicy_manual_audit,https://saverpacific.com/,manual_audit.2023_import,0.1.0,0.4,NZL,NZD,TON,TOP,200.0,,moneygram,Moneygram (Online),MoneyGram,global_mto,,Moneygram (Online),Account,Mobile,264.64,4.0,NZD,,1.35,,,,Same day,,,observed,"Manual audit observation, wave 'audit2' (Round 4 ingestion, reports/04-historical.md Task A). Observed via the Saver Pacific comparison site. amount_sent is a fixed 200 units of the origin currency, confirmed by arithmetic against amount_received/fee/rate across the wave, not assumed from a single row.",e13690f5b7e6794b2adc8a2994f5c0f5f67ef497e871bae2a208b31cad8bcc8b,archive/manual-audit-2023/2026/09/10/e13690f5b7e6794b2adc8a2994f5c0f5f67ef497e871bae2a208b31cad8bcc8b.json.gz,Original audit's own reported Cost_PP: 9.36 (methodology/benchmark undocumented in source -- not this project's NRBT benchmark). original audit benchmark (200 NZD->TOP): 291.98 (undocumented methodology).,,
3461047d-74c9-4d86-9161-2f5361f64cae,manual-audit-2023-audit2-20260910T002305Z-356d2a48,,,2023-07-25T00:00:00+00:00,,,,manual_audit,devpolicy_manual_audit,https://saverpacific.com/,manual_audit.2023_import,0.1.0,0.4,NZL,NZD,TON,TOP,200.0,,western-union,Western Union (Online),Western Union,global_mto,,Western Union (Online),Account,Mobile,270.94,0.0,NZD,,1.35,,,,Less than one hour,,,observed,"Manual audit observation, wave 'audit2' (Round 4 ingestion, reports/04-historical.md Task A). Observed via the Saver Pacific comparison site. amount_sent is a fixed 200 units of the origin currency, confirmed by arithmetic against amount_received/fee/rate across the wave, not assumed from a single row.",e13690f5b7e6794b2adc8a2994f5c0f5f67ef497e871bae2a208b31cad8bcc8b,archive/manual-audit-2023/2026/09/10/e13690f5b7e6794b2adc8a2994f5c0f5f67ef497e871bae2a208b31cad8bcc8b.json.gz,Original audit's own reported Cost_PP: 7.21 (methodology/benchmark undocumented in source -- not this project's NRBT benchmark). original audit benchmark (200 NZD->TOP): 291.98 (undocumented methodology).,,
101f1a80-7b14-4186-b6cb-00d50e50d9bf,manual-audit-2023-audit2-20260910T002305Z-356d2a48,,,2023-07-25T00:00:00+00:00,,,,manual_audit,devpolicy_manual_audit,https://saverpacific.com/,manual_audit.2023_import,0.1.0,0.4,NZL,NZD,TON,TOP,200.0,,western-union,Western Union (Cash),Western Union,global_mto,,Western Union (Cash),Account,Cash,270.54,0.0,NZD,,1.35,,,,Less than one hour,,,observed,"Manual audit observation, wave 'audit2' (Round 4 ingestion, reports/04-historical.md Task A). Observed via the Saver Pacific comparison site. amount_sent is a fixed 200 units of the origin currency, confirmed by arithmetic against amount_received/fee/rate across the wave, not assumed from a single row.",e13690f5b7e6794b2adc8a2994f5c0f5f67ef497e871bae2a208b31cad8bcc8b,archive/manual-audit-2023/2026/09/10/e13690f5b7e6794b2adc8a2994f5c0f5f67ef497e871bae2a208b31cad8bcc8b.json.gz,Original audit's own reported Cost_PP: 7.34 (methodology/benchmark undocumented in source -- not this project's NRBT benchmark). original audit benchmark (200 NZD->TOP): 291.98 (undocumented methodology).,,
21892fe0-1b87-47eb-a35d-841d58110090,manual-audit-2023-audit2-20260910T002305Z-356d2a48,,,2023-07-25T00:00:00+00:00,,,,manual_audit,devpolicy_manual_audit,https://saverpacific.com/,manual_audit.2023_import,0.1.0,0.4,NZL,NZD,TON,TOP,200.0,,kiwibank,Kiwi Bank,Kiwibank,bank,,Kiwi Bank,Account,Account,246.91,20.0,NZD,,1.37,,,,3 - 5 days,,,observed,"Manual audit observation, wave 'audit2' (Round 4 ingestion, reports/04-historical.md Task A). Observed via the Saver Pacific comparison site. amount_sent is a fixed 200 units of the origin currency, confirmed by arithmetic against amount_received/fee/rate across the wave, not assumed from a single row.",e13690f5b7e6794b2adc8a2994f5c0f5f67ef497e871bae2a208b31cad8bcc8b,archive/manual-audit-2023/2026/09/10/e13690f5b7e6794b2adc8a2994f5c0f5f67ef497e871bae2a208b31cad8bcc8b.json.gz,Original audit's own reported Cost_PP: 15.44 (methodology/benchmark undocumented in source -- not this project's NRBT benchmark). original audit benchmark (200 NZD->TOP): 291.98 (undocumented methodology).,,
28382691-39b7-4f3b-8671-ab181432d393,manual-audit-2023-audit2-20260910T002305Z-356d2a48,,,2023-07-26T00:00:00+00:00,,,,manual_audit,devpolicy_manual_audit,https://sendmoneypacific.org/,manual_audit.2023_import,0.1.0,0.4,AUS,AUD,TON,TOP,200.0,,ria-money-transfer,Ria,Ria Money Transfer,global_mto,,Ria,Account,Mobile,311.43,2.89,AUD,,1.58,,,,Less than one hour,,,observed,"Manual audit observation, wave 'audit2' (Round 4 ingestion, reports/04-historical.md Task A). Observed via the Send Money Pacific comparison site. amount_sent is a fixed 200 units of the origin currency, confirmed by arithmetic against amount_received/fee/rate across the wave, not assumed from a single row.",e13690f5b7e6794b2adc8a2994f5c0f5f67ef497e871bae2a208b31cad8bcc8b,archive/manual-audit-2023/2026/09/10/e13690f5b7e6794b2adc8a2994f5c0f5f67ef497e871bae2a208b31cad8bcc8b.json.gz,Original audit's own reported Cost_PP: 1.45 (methodology/benchmark undocumented in source -- not this project's NRBT benchmark). original audit benchmark (200 AUD->TOP): 316.82 (undocumented methodology).,,
f99a7c43-5d8f-4578-bb58-fdb9b2712e96,manual-audit-2023-audit2-20260910T002305Z-356d2a48,,,2023-07-26T00:00:00+00:00,,,,manual_audit,devpolicy_manual_audit,https://sendmoneypacific.org/,manual_audit.2023_import,0.1.0,0.4,AUS,AUD,TON,TOP,200.0,,moneygram,Moneygram (Online),MoneyGram,global_mto,,Moneygram (Online),Account,Mobile,307.7,0.0,AUD,,1.54,,,,Next day,,,observed,"Manual audit observation, wave 'audit2' (Round 4 ingestion, reports/04-historical.md Task A). Observed via the Send Money Pacific comparison site. amount_sent is a fixed 200 units of the origin currency, confirmed by arithmetic against amount_received/fee/rate across the wave, not assumed from a single row.",e13690f5b7e6794b2adc8a2994f5c0f5f67ef497e871bae2a208b31cad8bcc8b,archive/manual-audit-2023/2026/09/10/e13690f5b7e6794b2adc8a2994f5c0f5f67ef497e871bae2a208b31cad8bcc8b.json.gz,Original audit's own reported Cost_PP: 2.63 (methodology/benchmark undocumented in source -- not this project's NRBT benchmark). original audit benchmark (200 AUD->TOP): 316.82 (undocumented methodology).,,
10793407-36bf-462d-b0e5-a76025d5a588,manual-audit-2023-audit2-20260910T002305Z-356d2a48,,,2023-07-26T00:00:00+00:00,,,,manual_audit,devpolicy_manual_audit,https://sendmoneypacific.org/,manual_audit.2023_import,0.1.0,0.4,AUS,AUD,TON,TOP,200.0,,ave-paanga-pau,Ave Paanga Pau,'Ave Pa'anga Pau,corridor_specialist,,Ave Paanga Pau,Prepaid,Account,307.6,0.0,AUD,,1.54,,,,Less than one hour,,,observed,"Manual audit observation, wave 'audit2' (Round 4 ingestion, reports/04-historical.md Task A). Observed via the Send Money Pacific comparison site. amount_sent is a fixed 200 units of the origin currency, confirmed by arithmetic against amount_received/fee/rate across the wave, not assumed from a single row.",e13690f5b7e6794b2adc8a2994f5c0f5f67ef497e871bae2a208b31cad8bcc8b,archive/manual-audit-2023/2026/09/10/e13690f5b7e6794b2adc8a2994f5c0f5f67ef497e871bae2a208b31cad8bcc8b.json.gz,Original audit's own reported Cost_PP: 2.66 (methodology/benchmark undocumented in source -- not this project's NRBT benchmark). original audit benchmark (200 AUD->TOP): 316.82 (undocumented methodology).,,
40cbae43-de34-4e46-8aa3-3d9860e4c3a2,manual-audit-2023-audit2-20260910T002305Z-356d2a48,,,2023-07-26T00:00:00+00:00,,,,manual_audit,devpolicy_manual_audit,https://sendmoneypacific.org/,manual_audit.2023_import,0.1.0,0.4,AUS,AUD,TON,TOP,200.0,,anz-australia,ANZ,ANZ (Australia),bank,,ANZ,Online,Account,307.14,0.0,AUD,,1.54,,,,2 days,,,observed,"Manual audit observation, wave 'audit2' (Round 4 ingestion, reports/04-historical.md Task A). Observed via the Send Money Pacific comparison site. amount_sent is a fixed 200 units of the origin currency, confirmed by arithmetic against amount_received/fee/rate across the wave, not assumed from a single row.",e13690f5b7e6794b2adc8a2994f5c0f5f67ef497e871bae2a208b31cad8bcc8b,archive/manual-audit-2023/2026/09/10/e13690f5b7e6794b2adc8a2994f5c0f5f67ef497e871bae2a208b31cad8bcc8b.json.gz,Original audit's own reported Cost_PP: 2.8 (methodology/benchmark undocumented in source -- not this project's NRBT benchmark). original audit benchmark (200 AUD->TOP): 316.82 (undocumented methodology).,,
e8ad796a-157a-4a1a-a7ff-68e51b5c373c,manual-audit-2023-audit2-20260910T002305Z-356d2a48,,,2023-07-26T00:00:00+00:00,,,,manual_audit,devpolicy_manual_audit,https://sendmoneypacific.org/,manual_audit.2023_import,0.1.0,0.4,AUS,AUD,TON,TOP,200.0,,klickex,KlickEX,KlickEx,corridor_specialist,,KlickEX,Account,Mobile,300.67,5.0,AUD,,1.54,,,,Instant,,,observed,"Manual audit observation, wave 'audit2' (Round 4 ingestion, reports/04-historical.md Task A). Observed via the Send Money Pacific comparison site. amount_sent is a fixed 200 units of the origin currency, confirmed by arithmetic against amount_received/fee/rate across the wave, not assumed from a single row.",e13690f5b7e6794b2adc8a2994f5c0f5f67ef497e871bae2a208b31cad8bcc8b,archive/manual-audit-2023/2026/09/10/e13690f5b7e6794b2adc8a2994f5c0f5f67ef497e871bae2a208b31cad8bcc8b.json.gz,Original audit's own reported Cost_PP: 4.91 (methodology/benchmark undocumented in source -- not this project's NRBT benchmark). original audit benchmark (200 AUD->TOP): 316.82 (undocumented methodology).,,
99b4a600-174d-492d-9842-c7e50d0ce701,manual-audit-2023-audit2-20260910T002305Z-356d2a48,,,2023-07-26T00:00:00+00:00,,,,manual_audit,devpolicy_manual_audit,https://sendmoneypacific.org/,manual_audit.2023_import,0.1.0,0.4,AUS,AUD,TON,TOP,200.0,,moneygram,Moneygram (Cash),MoneyGram,global_mto,,Moneygram (Cash),Account,Cash,299.16,2.99,AUD,,1.52,,,,Less than one hour,,,observed,"Manual audit observation, wave 'audit2' (Round 4 ingestion, reports/04-historical.md Task A). Observed via the Send Money Pacific comparison site. amount_sent is a fixed 200 units of the origin currency, confirmed by arithmetic against amount_received/fee/rate across the wave, not assumed from a single row.",e13690f5b7e6794b2adc8a2994f5c0f5f67ef497e871bae2a208b31cad8bcc8b,archive/manual-audit-2023/2026/09/10/e13690f5b7e6794b2adc8a2994f5c0f5f67ef497e871bae2a208b31cad8bcc8b.json.gz,Original audit's own reported Cost_PP: 5.39 (methodology/benchmark undocumented in source -- not this project's NRBT benchmark). original audit benchmark (200 AUD->TOP): 316.82 (undocumented methodology).,,
505a7522-a01a-42c1-9fbc-ad1c598c37c0,manual-audit-2023-audit2-20260910T002305Z-356d2a48,,,2023-07-26T00:00:00+00:00,,,,manual_audit,devpolicy_manual_audit,https://sendmoneypacific.org/,manual_audit.2023_import,0.1.0,0.4,AUS,AUD,TON,TOP,200.0,,western-union,Western Union (Online),Western Union,global_mto,,Western Union (Online),Cash,Cash,293.71,5.0,AUD,,1.51,,,,Instant,,,observed,"Manual audit observation, wave 'audit2' (Round 4 ingestion, reports/04-historical.md Task A). Observed via the Send Money Pacific comparison site. amount_sent is a fixed 200 units of the origin currency, confirmed by arithmetic against amount_received/fee/rate across the wave, not assumed from a single row.",e13690f5b7e6794b2adc8a2994f5c0f5f67ef497e871bae2a208b31cad8bcc8b,archive/manual-audit-2023/2026/09/10/e13690f5b7e6794b2adc8a2994f5c0f5f67ef497e871bae2a208b31cad8bcc8b.json.gz,Original audit's own reported Cost_PP: 7.17 (methodology/benchmark undocumented in source -- not this project's NRBT benchmark). original audit benchmark (200 AUD->TOP): 316.82 (undocumented methodology).,,
f1891700-fb95-4c0b-a67f-86bbb73e3e0a,manual-audit-2023-audit2-20260910T002305Z-356d2a48,,,2023-07-26T00:00:00+00:00,,,,manual_audit,devpolicy_manual_audit,https://sendmoneypacific.org/,manual_audit.2023_import,0.1.0,0.4,AUS,AUD,TON,TOP,200.0,,western-union,Western Union (Cash),Western Union,global_mto,,Western Union (Cash),Online,Mobile,290.62,0.0,AUD,,1.45,,,,Instant,,,observed,"Manual audit observation, wave 'audit2' (Round 4 ingestion, reports/04-historical.md Task A). Observed via the Send Money Pacific comparison site. amount_sent is a fixed 200 units of the origin currency, confirmed by arithmetic against amount_received/fee/rate across the wave, not assumed from a single row.",e13690f5b7e6794b2adc8a2994f5c0f5f67ef497e871bae2a208b31cad8bcc8b,archive/manual-audit-2023/2026/09/10/e13690f5b7e6794b2adc8a2994f5c0f5f67ef497e871bae2a208b31cad8bcc8b.json.gz,Original audit's own reported Cost_PP: 8.03 (methodology/benchmark undocumented in source -- not this project's NRBT benchmark). original audit benchmark (200 AUD->TOP): 316.82 (undocumented methodology).,,
bcc8814e-5948-4251-a59d-96bd93d99873,manual-audit-2023-audit2-20260910T002305Z-356d2a48,,,2023-07-26T00:00:00+00:00,,,,manual_audit,devpolicy_manual_audit,https://sendmoneypacific.org/,manual_audit.2023_import,0.1.0,0.4,AUS,AUD,TON,TOP,200.0,,nab,NAB,National Australia Bank,bank,,NAB,Online,Account,245.4,30.0,AUD,,1.44,,,,3 days,,,observed,"Manual audit observation, wave 'audit2' (Round 4 ingestion, reports/04-historical.md Task A). Observed via the Send Money Pacific comparison site. amount_sent is a fixed 200 units of the origin currency, confirmed by arithmetic against amount_received/fee/rate across the wave, not assumed from a single row.",e13690f5b7e6794b2adc8a2994f5c0f5f67ef497e871bae2a208b31cad8bcc8b,archive/manual-audit-2023/2026/09/10/e13690f5b7e6794b2adc8a2994f5c0f5f67ef497e871bae2a208b31cad8bcc8b.json.gz,Original audit's own reported Cost_PP: 23.64 (methodology/benchmark undocumented in source -- not this project's NRBT benchmark). original audit benchmark (200 AUD->TOP): 316.82 (undocumented methodology).,,
77bfd694-4bc7-4a57-8400-df801ef8a94a,manual-audit-2023-audit2-20260910T002305Z-356d2a48,,,2023-07-26T00:00:00+00:00,,,,manual_audit,devpolicy_manual_audit,https://saverpacific.com/,manual_audit.2023_import,0.1.0,0.4,AUS,AUD,TON,TOP,200.0,,ria-money-transfer,Ria,Ria Money Transfer,global_mto,,Ria,Account,Mobile,311.43,2.89,AUD,,1.58,,,,Less than one hour,,,observed,"Manual audit observation, wave 'audit2' (Round 4 ingestion, reports/04-historical.md Task A). Observed via the Saver Pacific comparison site. amount_sent is a fixed 200 units of the origin currency, confirmed by arithmetic against amount_received/fee/rate across the wave, not assumed from a single row.",e13690f5b7e6794b2adc8a2994f5c0f5f67ef497e871bae2a208b31cad8bcc8b,archive/manual-audit-2023/2026/09/10/e13690f5b7e6794b2adc8a2994f5c0f5f67ef497e871bae2a208b31cad8bcc8b.json.gz,Original audit's own reported Cost_PP: 1.7 (methodology/benchmark undocumented in source -- not this project's NRBT benchmark). original audit benchmark (200 AUD->TOP): 316.82 (undocumented methodology).,,
274d41f0-5cf7-4ecd-a60e-e661ac22f0d9,manual-audit-2023-audit2-20260910T002305Z-356d2a48,,,2023-07-26T00:00:00+00:00,,,,manual_audit,devpolicy_manual_audit,https://saverpacific.com/,manual_audit.2023_import,0.1.0,0.4,AUS,AUD,TON,TOP,200.0,,ave-paanga-pau,Ave Paanga Pau,'Ave Pa'anga Pau,corridor_specialist,,Ave Paanga Pau,Prepaid,Account,308.64,0.0,AUD,,1.54,,,,Next day,,,observed,"Manual audit observation, wave 'audit2' (Round 4 ingestion, reports/04-historical.md Task A). Observed via the Saver Pacific comparison site. amount_sent is a fixed 200 units of the origin currency, confirmed by arithmetic against amount_received/fee/rate across the wave, not assumed from a single row.",e13690f5b7e6794b2adc8a2994f5c0f5f67ef497e871bae2a208b31cad8bcc8b,archive/manual-audit-2023/2026/09/10/e13690f5b7e6794b2adc8a2994f5c0f5f67ef497e871bae2a208b31cad8bcc8b.json.gz,Original audit's own reported Cost_PP: 2.58 (methodology/benchmark undocumented in source -- not this project's NRBT benchmark). original audit benchmark (200 AUD->TOP): 316.82 (undocumented methodology).,,
48d37498-1cda-4731-835f-fd13e7872e53,manual-audit-2023-audit2-20260910T002305Z-356d2a48,,,2023-07-26T00:00:00+00:00,,,,manual_audit,devpolicy_manual_audit,https://saverpacific.com/,manual_audit.2023_import,0.1.0,0.4,AUS,AUD,TON,TOP,200.0,,moneygram,Moneygram (Online),MoneyGram,global_mto,,Moneygram (Online),Account,Mobile,308.42,0.0,AUD,,1.54,,,,Same day,,,observed,"Manual audit observation, wave 'audit2' (Round 4 ingestion, reports/04-historical.md Task A). Observed via the Saver Pacific comparison site. amount_sent is a fixed 200 units of the origin currency, confirmed by arithmetic against amount_received/fee/rate across the wave, not assumed from a single row.",e13690f5b7e6794b2adc8a2994f5c0f5f67ef497e871bae2a208b31cad8bcc8b,archive/manual-audit-2023/2026/09/10/e13690f5b7e6794b2adc8a2994f5c0f5f67ef497e871bae2a208b31cad8bcc8b.json.gz,Original audit's own reported Cost_PP: 2.65 (methodology/benchmark undocumented in source -- not this project's NRBT benchmark). original audit benchmark (200 AUD->TOP): 316.82 (undocumented methodology).,,
cbc88cc2-78fd-4e73-9145-a3beaef17faa,manual-audit-2023-audit2-20260910T002305Z-356d2a48,,,2023-07-26T00:00:00+00:00,,,,manual_audit,devpolicy_manual_audit,https://saverpacific.com/,manual_audit.2023_import,0.1.0,0.4,AUS,AUD,TON,TOP,200.0,,anz-australia,ANZ,ANZ (Australia),bank,,ANZ,Online,Account,307.6,0.0,AUD,,1.54,,,,2 days,,,observed,"Manual audit observation, wave 'audit2' (Round 4 ingestion, reports/04-historical.md Task A). Observed via the Saver Pacific comparison site. amount_sent is a fixed 200 units of the origin currency, confirmed by arithmetic against amount_received/fee/rate across the wave, not assumed from a single row.",e13690f5b7e6794b2adc8a2994f5c0f5f67ef497e871bae2a208b31cad8bcc8b,archive/manual-audit-2023/2026/09/10/e13690f5b7e6794b2adc8a2994f5c0f5f67ef497e871bae2a208b31cad8bcc8b.json.gz,Original audit's own reported Cost_PP: 2.91 (methodology/benchmark undocumented in source -- not this project's NRBT benchmark). original audit benchmark (200 AUD->TOP): 316.82 (undocumented methodology).,,
6817b970-7204-4163-8967-df9857bb50cb,manual-audit-2023-audit2-20260910T002305Z-356d2a48,,,2023-07-26T00:00:00+00:00,,,,manual_audit,devpolicy_manual_audit,https://saverpacific.com/,manual_audit.2023_import,0.1.0,0.4,AUS,AUD,TON,TOP,200.0,,wantok-money,Wantok,WanTok Money,corridor_specialist,,Wantok,Account,Mobile,300.67,5.0,AUD,,1.54,,,,Less than one hour,,,observed,"Manual audit observation, wave 'audit2' (Round 4 ingestion, reports/04-historical.md Task A). Observed via the Saver Pacific comparison site. amount_sent is a fixed 200 units of the origin currency, confirmed by arithmetic against amount_received/fee/rate across the wave, not assumed from a single row.",e13690f5b7e6794b2adc8a2994f5c0f5f67ef497e871bae2a208b31cad8bcc8b,archive/manual-audit-2023/2026/09/10/e13690f5b7e6794b2adc8a2994f5c0f5f67ef497e871bae2a208b31cad8bcc8b.json.gz,Original audit's own reported Cost_PP: 5.1 (methodology/benchmark undocumented in source -- not this project's NRBT benchmark). original audit benchmark (200 AUD->TOP): 316.82 (undocumented methodology).,,
58acd1b9-5933-4f18-ad3e-81606c47e66e,manual-audit-2023-audit2-20260910T002305Z-356d2a48,,,2023-07-26T00:00:00+00:00,,,,manual_audit,devpolicy_manual_audit,https://saverpacific.com/,manual_audit.2023_import,0.1.0,0.4,AUS,AUD,TON,TOP,200.0,,moneygram,Moneygram (Cash),MoneyGram,global_mto,,Moneygram (Cash),Account,Cash,299.99,2.99,AUD,,1.52,,,,Less than one hour,,,observed,"Manual audit observation, wave 'audit2' (Round 4 ingestion, reports/04-historical.md Task A). Observed via the Saver Pacific comparison site. amount_sent is a fixed 200 units of the origin currency, confirmed by arithmetic against amount_received/fee/rate across the wave, not assumed from a single row.",e13690f5b7e6794b2adc8a2994f5c0f5f67ef497e871bae2a208b31cad8bcc8b,archive/manual-audit-2023/2026/09/10/e13690f5b7e6794b2adc8a2994f5c0f5f67ef497e871bae2a208b31cad8bcc8b.json.gz,Original audit's own reported Cost_PP: 5.31 (methodology/benchmark undocumented in source -- not this project's NRBT benchmark). original audit benchmark (200 AUD->TOP): 316.82 (undocumented methodology).,,
b8220251-4cb6-44f3-a03d-0296794a41e4,manual-audit-2023-audit2-20260910T002305Z-356d2a48,,,2023-07-26T00:00:00+00:00,,,,manual_audit,devpolicy_manual_audit,https://saverpacific.com/,manual_audit.2023_import,0.1.0,0.4,AUS,AUD,TON,TOP,200.0,,western-union,Western Union (Online),Western Union,global_mto,,Western Union (Online),Cash,Cash,295.23,5.0,AUD,,1.51,,,,Instant,,,observed,"Manual audit observation, wave 'audit2' (Round 4 ingestion, reports/04-historical.md Task A). Observed via the Saver Pacific comparison site. amount_sent is a fixed 200 units of the origin currency, confirmed by arithmetic against amount_received/fee/rate across the wave, not assumed from a single row.",e13690f5b7e6794b2adc8a2994f5c0f5f67ef497e871bae2a208b31cad8bcc8b,archive/manual-audit-2023/2026/09/10/e13690f5b7e6794b2adc8a2994f5c0f5f67ef497e871bae2a208b31cad8bcc8b.json.gz,Original audit's own reported Cost_PP: 6.81 (methodology/benchmark undocumented in source -- not this project's NRBT benchmark). original audit benchmark (200 AUD->TOP): 316.82 (undocumented methodology).,,
bc61a58a-2b5a-43f3-8ad6-dbf5ff1b54f4,manual-audit-2023-audit2-20260910T002305Z-356d2a48,,,2023-07-26T00:00:00+00:00,,,,manual_audit,devpolicy_manual_audit,https://saverpacific.com/,manual_audit.2023_import,0.1.0,0.4,AUS,AUD,TON,TOP,200.0,,western-union,Western Union (Cash),Western Union,global_mto,,Western Union (Cash),Online,Mobile,294.92,0.0,AUD,,1.47,,,,Instant,,,observed,"Manual audit observation, wave 'audit2' (Round 4 ingestion, reports/04-historical.md Task A). Observed via the Saver Pacific comparison site. amount_sent is a fixed 200 units of the origin currency, confirmed by arithmetic against amount_received/fee/rate across the wave, not assumed from a single row.",e13690f5b7e6794b2adc8a2994f5c0f5f67ef497e871bae2a208b31cad8bcc8b,archive/manual-audit-2023/2026/09/10/e13690f5b7e6794b2adc8a2994f5c0f5f67ef497e871bae2a208b31cad8bcc8b.json.gz,Original audit's own reported Cost_PP: 6.91 (methodology/benchmark undocumented in source -- not this project's NRBT benchmark). original audit benchmark (200 AUD->TOP): 316.82 (undocumented methodology).,,
506a434c-e1fb-43df-80f9-6af758194570,manual-audit-2023-audit2-20260910T002305Z-356d2a48,,,2023-07-26T00:00:00+00:00,,,,manual_audit,devpolicy_manual_audit,https://saverpacific.com/,manual_audit.2023_import,0.1.0,0.4,AUS,AUD,TON,TOP,200.0,,ofx,OFX,OFX,global_mto,,OFX,Account,Account,272.63,15.0,AUD,,1.47,,,,3 - 5 days,,,observed,"Manual audit observation, wave 'audit2' (Round 4 ingestion, reports/04-historical.md Task A). Observed via the Saver Pacific comparison site. amount_sent is a fixed 200 units of the origin currency, confirmed by arithmetic against amount_received/fee/rate across the wave, not assumed from a single row.",e13690f5b7e6794b2adc8a2994f5c0f5f67ef497e871bae2a208b31cad8bcc8b,archive/manual-audit-2023/2026/09/10/e13690f5b7e6794b2adc8a2994f5c0f5f67ef497e871bae2a208b31cad8bcc8b.json.gz,Original audit's own reported Cost_PP: 13.95 (methodology/benchmark undocumented in source -- not this project's NRBT benchmark). original audit benchmark (200 AUD->TOP): 316.82 (undocumented methodology).,,
2f344a18-f6ab-498e-83c1-91c9eca41f6e,manual-audit-2023-audit2-20260910T002305Z-356d2a48,,,2023-07-26T00:00:00+00:00,,,,manual_audit,devpolicy_manual_audit,https://sendmoneypacific.org/,manual_audit.2023_import,0.1.0,0.4,NZL,NZD,TON,TOP,200.0,,ave-paanga-pau,Ave Paanga Pau,'Ave Pa'anga Pau,corridor_specialist,,Ave Paanga Pau,Prepaid,Account,282.72,0.0,NZD,,1.41,,,,Less than one hour,,,observed,"Manual audit observation, wave 'audit2' (Round 4 ingestion, reports/04-historical.md Task A). Observed via the Send Money Pacific comparison site. amount_sent is a fixed 200 units of the origin currency, confirmed by arithmetic against amount_received/fee/rate across the wave, not assumed from a single row.",e13690f5b7e6794b2adc8a2994f5c0f5f67ef497e871bae2a208b31cad8bcc8b,archive/manual-audit-2023/2026/09/10/e13690f5b7e6794b2adc8a2994f5c0f5f67ef497e871bae2a208b31cad8bcc8b.json.gz,Original audit's own reported Cost_PP: 3.18 (methodology/benchmark undocumented in source -- not this project's NRBT benchmark). original audit benchmark (200 NZD->TOP): 291.14 (undocumented methodology).,,
41f005b7-7074-4155-97e1-bf8899c87477,manual-audit-2023-audit2-20260910T002305Z-356d2a48,,,2023-07-26T00:00:00+00:00,,,,manual_audit,devpolicy_manual_audit,https://sendmoneypacific.org/,manual_audit.2023_import,0.1.0,0.4,NZL,NZD,TON,TOP,200.0,,anz-new-zealand,ANZ,ANZ (New Zealand),bank,,ANZ,Online,Account,278.8,0.0,NZD,,1.39,,,,2 days,,,observed,"Manual audit observation, wave 'audit2' (Round 4 ingestion, reports/04-historical.md Task A). Observed via the Send Money Pacific comparison site. amount_sent is a fixed 200 units of the origin currency, confirmed by arithmetic against amount_received/fee/rate across the wave, not assumed from a single row.",e13690f5b7e6794b2adc8a2994f5c0f5f67ef497e871bae2a208b31cad8bcc8b,archive/manual-audit-2023/2026/09/10/e13690f5b7e6794b2adc8a2994f5c0f5f67ef497e871bae2a208b31cad8bcc8b.json.gz,Original audit's own reported Cost_PP: 4.52 (methodology/benchmark undocumented in source -- not this project's NRBT benchmark). original audit benchmark (200 NZD->TOP): 291.14 (undocumented methodology).,,
6bb461d8-bb33-4f14-a26e-0c55f69f45a5,manual-audit-2023-audit2-20260910T002305Z-356d2a48,,,2023-07-26T00:00:00+00:00,,,,manual_audit,devpolicy_manual_audit,https://sendmoneypacific.org/,manual_audit.2023_import,0.1.0,0.4,NZL,NZD,TON,TOP,200.0,,klickex,KlickEX,KlickEx,corridor_specialist,,KlickEX,Account,Mobile,276.9,5.0,NZD,,1.42,,,,Instant,,,observed,"Manual audit observation, wave 'audit2' (Round 4 ingestion, reports/04-historical.md Task A). Observed via the Send Money Pacific comparison site. amount_sent is a fixed 200 units of the origin currency, confirmed by arithmetic against amount_received/fee/rate across the wave, not assumed from a single row.",e13690f5b7e6794b2adc8a2994f5c0f5f67ef497e871bae2a208b31cad8bcc8b,archive/manual-audit-2023/2026/09/10/e13690f5b7e6794b2adc8a2994f5c0f5f67ef497e871bae2a208b31cad8bcc8b.json.gz,Original audit's own reported Cost_PP: 5.24 (methodology/benchmark undocumented in source -- not this project's NRBT benchmark). original audit benchmark (200 NZD->TOP): 291.14 (undocumented methodology).,,
db804d84-83fb-49c4-90fb-92f239a035c0,manual-audit-2023-audit2-20260910T002305Z-356d2a48,,,2023-07-26T00:00:00+00:00,,,,manual_audit,devpolicy_manual_audit,https://sendmoneypacific.org/,manual_audit.2023_import,0.1.0,0.4,NZL,NZD,TON,TOP,200.0,,wantok-money,Wantok,WanTok Money,corridor_specialist,,Wantok,Account,Mobile,275.77,5.0,NZD,,1.41,,,,Instant,,,observed,"Manual audit observation, wave 'audit2' (Round 4 ingestion, reports/04-historical.md Task A). Observed via the Send Money Pacific comparison site. amount_sent is a fixed 200 units of the origin currency, confirmed by arithmetic against amount_received/fee/rate across the wave, not assumed from a single row.",e13690f5b7e6794b2adc8a2994f5c0f5f67ef497e871bae2a208b31cad8bcc8b,archive/manual-audit-2023/2026/09/10/e13690f5b7e6794b2adc8a2994f5c0f5f67ef497e871bae2a208b31cad8bcc8b.json.gz,Original audit's own reported Cost_PP: 5.64 (methodology/benchmark undocumented in source -- not this project's NRBT benchmark). original audit benchmark (200 NZD->TOP): 291.14 (undocumented methodology).,,
bc033b3b-e78c-4410-8c2a-e51905ef609b,manual-audit-2023-audit2-20260910T002305Z-356d2a48,,,2023-07-26T00:00:00+00:00,,,,manual_audit,devpolicy_manual_audit,https://sendmoneypacific.org/,manual_audit.2023_import,0.1.0,0.4,NZL,NZD,TON,TOP,200.0,,moneygram,Moneygram (Cash),MoneyGram,global_mto,,Moneygram (Cash),Account,Cash,275.3,4.0,NZD,,1.4,,,,Less than one hour,,,observed,"Manual audit observation, wave 'audit2' (Round 4 ingestion, reports/04-historical.md Task A). Observed via the Send Money Pacific comparison site. amount_sent is a fixed 200 units of the origin currency, confirmed by arithmetic against amount_received/fee/rate across the wave, not assumed from a single row.",e13690f5b7e6794b2adc8a2994f5c0f5f67ef497e871bae2a208b31cad8bcc8b,archive/manual-audit-2023/2026/09/10/e13690f5b7e6794b2adc8a2994f5c0f5f67ef497e871bae2a208b31cad8bcc8b.json.gz,Original audit's own reported Cost_PP: 5.79 (methodology/benchmark undocumented in source -- not this project's NRBT benchmark). original audit benchmark (200 NZD->TOP): 291.14 (undocumented methodology).,,
1826eac9-3d25-4244-93d4-07fa65eb644c,manual-audit-2023-audit2-20260910T002305Z-356d2a48,,,2023-07-26T00:00:00+00:00,,,,manual_audit,devpolicy_manual_audit,https://sendmoneypacific.org/,manual_audit.2023_import,0.1.0,0.4,NZL,NZD,TON,TOP,200.0,,moneygram,Moneygram (Online),MoneyGram,global_mto,,Moneygram (Online),Account,Mobile,264.17,4.0,NZD,,1.35,,,,Less than one hour,,,observed,"Manual audit observation, wave 'audit2' (Round 4 ingestion, reports/04-historical.md Task A). Observed via the Send Money Pacific comparison site. amount_sent is a fixed 200 units of the origin currency, confirmed by arithmetic against amount_received/fee/rate across the wave, not assumed from a single row.",e13690f5b7e6794b2adc8a2994f5c0f5f67ef497e871bae2a208b31cad8bcc8b,archive/manual-audit-2023/2026/09/10/e13690f5b7e6794b2adc8a2994f5c0f5f67ef497e871bae2a208b31cad8bcc8b.json.gz,Original audit's own reported Cost_PP: 9.68 (methodology/benchmark undocumented in source -- not this project's NRBT benchmark). original audit benchmark (200 NZD->TOP): 291.14 (undocumented methodology).,,
7b9ceec4-548e-4d8f-b2f5-3dc6dbad7c0e,manual-audit-2023-audit2-20260910T002305Z-356d2a48,,,2023-07-26T00:00:00+00:00,,,,manual_audit,devpolicy_manual_audit,https://sendmoneypacific.org/,manual_audit.2023_import,0.1.0,0.4,NZL,NZD,TON,TOP,200.0,,western-union,Western Union (Online),Western Union,global_mto,,Western Union (Online),Online,Mobile,270.9,0.0,NZD,,1.35,,,,Less than one hour,,,observed,"Manual audit observation, wave 'audit2' (Round 4 ingestion, reports/04-historical.md Task A). Observed via the Send Money Pacific comparison site. amount_sent is a fixed 200 units of the origin currency, confirmed by arithmetic against amount_received/fee/rate across the wave, not assumed from a single row.",e13690f5b7e6794b2adc8a2994f5c0f5f67ef497e871bae2a208b31cad8bcc8b,archive/manual-audit-2023/2026/09/10/e13690f5b7e6794b2adc8a2994f5c0f5f67ef497e871bae2a208b31cad8bcc8b.json.gz,Original audit's own reported Cost_PP: 7.23 (methodology/benchmark undocumented in source -- not this project's NRBT benchmark). original audit benchmark (200 NZD->TOP): 291.14 (undocumented methodology).,,
3fe5a3c5-0e45-4983-9c8a-83501ea6ccac,manual-audit-2023-audit2-20260910T002305Z-356d2a48,,,2023-07-26T00:00:00+00:00,,,,manual_audit,devpolicy_manual_audit,https://sendmoneypacific.org/,manual_audit.2023_import,0.1.0,0.4,NZL,NZD,TON,TOP,200.0,,western-union,Western Union (Cash),Western Union,global_mto,,Western Union (Cash),Online,Cash,270.5,0.0,NZD,,1.35,,,,Same day,,,observed,"Manual audit observation, wave 'audit2' (Round 4 ingestion, reports/04-historical.md Task A). Observed via the Send Money Pacific comparison site. amount_sent is a fixed 200 units of the origin currency, confirmed by arithmetic against amount_received/fee/rate across the wave, not assumed from a single row.",e13690f5b7e6794b2adc8a2994f5c0f5f67ef497e871bae2a208b31cad8bcc8b,archive/manual-audit-2023/2026/09/10/e13690f5b7e6794b2adc8a2994f5c0f5f67ef497e871bae2a208b31cad8bcc8b.json.gz,Original audit's own reported Cost_PP: 7.36 (methodology/benchmark undocumented in source -- not this project's NRBT benchmark). original audit benchmark (200 NZD->TOP): 291.14 (undocumented methodology).,,
102ee4d5-3c39-4b02-8c00-503ba6f60184,manual-audit-2023-audit2-20260910T002305Z-356d2a48,,,2023-07-26T00:00:00+00:00,,,,manual_audit,devpolicy_manual_audit,https://sendmoneypacific.org/,manual_audit.2023_import,0.1.0,0.4,NZL,NZD,TON,TOP,200.0,,asb,ASB,ASB,bank,,ASB,Account,Account,233.55,30.0,NZD,,1.37,,,,2 days,,,observed,"Manual audit observation, wave 'audit2' (Round 4 ingestion, reports/04-historical.md Task A). Observed via the Send Money Pacific comparison site. amount_sent is a fixed 200 units of the origin currency, confirmed by arithmetic against amount_received/fee/rate across the wave, not assumed from a single row.",e13690f5b7e6794b2adc8a2994f5c0f5f67ef497e871bae2a208b31cad8bcc8b,archive/manual-audit-2023/2026/09/10/e13690f5b7e6794b2adc8a2994f5c0f5f67ef497e871bae2a208b31cad8bcc8b.json.gz,Original audit's own reported Cost_PP: 20.9 (methodology/benchmark undocumented in source -- not this project's NRBT benchmark). original audit benchmark (200 NZD->TOP): 291.14 (undocumented methodology).,,
47198dcf-ef73-4ae3-a728-fea63e000ba8,manual-audit-2023-audit2-20260910T002305Z-356d2a48,,,2023-07-26T00:00:00+00:00,,,,manual_audit,devpolicy_manual_audit,https://saverpacific.com/,manual_audit.2023_import,0.1.0,0.4,NZL,NZD,TON,TOP,200.0,,ave-paanga-pau,Ave Paanga Pau,'Ave Pa'anga Pau,corridor_specialist,,Ave Paanga Pau,Prepaid,Account,284.1,0.0,NZD,,1.42,,,,Less than one hour,,,observed,"Manual audit observation, wave 'audit2' (Round 4 ingestion, reports/04-historical.md Task A). Observed via the Saver Pacific comparison site. amount_sent is a fixed 200 units of the origin currency, confirmed by arithmetic against amount_received/fee/rate across the wave, not assumed from a single row.",e13690f5b7e6794b2adc8a2994f5c0f5f67ef497e871bae2a208b31cad8bcc8b,archive/manual-audit-2023/2026/09/10/e13690f5b7e6794b2adc8a2994f5c0f5f67ef497e871bae2a208b31cad8bcc8b.json.gz,Original audit's own reported Cost_PP: 2.42 (methodology/benchmark undocumented in source -- not this project's NRBT benchmark). original audit benchmark (200 NZD->TOP): 291.14 (undocumented methodology).,,
cf0cc9a4-6b51-4756-880a-4ab24583d6fa,manual-audit-2023-audit2-20260910T002305Z-356d2a48,,,2023-07-26T00:00:00+00:00,,,,manual_audit,devpolicy_manual_audit,https://saverpacific.com/,manual_audit.2023_import,0.1.0,0.4,NZL,NZD,TON,TOP,200.0,,imex,iMEX,IMEX Money Transfer,corridor_specialist,,iMEX,Account,Account/Cash/Mobile,280.0,0.0,NZD,,1.4,,,,Less than one hour,,,observed,"Manual audit observation, wave 'audit2' (Round 4 ingestion, reports/04-historical.md Task A). Observed via the Saver Pacific comparison site. amount_sent is a fixed 200 units of the origin currency, confirmed by arithmetic against amount_received/fee/rate across the wave, not assumed from a single row.",e13690f5b7e6794b2adc8a2994f5c0f5f67ef497e871bae2a208b31cad8bcc8b,archive/manual-audit-2023/2026/09/10/e13690f5b7e6794b2adc8a2994f5c0f5f67ef497e871bae2a208b31cad8bcc8b.json.gz,Original audit's own reported Cost_PP: 3.83 (methodology/benchmark undocumented in source -- not this project's NRBT benchmark). original audit benchmark (200 NZD->TOP): 291.14 (undocumented methodology).,,
5ff7408c-4cf0-4f18-b44a-7e03eed00bf1,manual-audit-2023-audit2-20260910T002305Z-356d2a48,,,2023-07-26T00:00:00+00:00,,,,manual_audit,devpolicy_manual_audit,https://saverpacific.com/,manual_audit.2023_import,0.1.0,0.4,NZL,NZD,TON,TOP,200.0,,wantok-money,Wantok,WanTok Money,corridor_specialist,,Wantok,Account,Mobile,276.9,5.0,NZD,,1.42,,,,Less than one hour,,,observed,"Manual audit observation, wave 'audit2' (Round 4 ingestion, reports/04-historical.md Task A). Observed via the Saver Pacific comparison site. amount_sent is a fixed 200 units of the origin currency, confirmed by arithmetic against amount_received/fee/rate across the wave, not assumed from a single row.",e13690f5b7e6794b2adc8a2994f5c0f5f67ef497e871bae2a208b31cad8bcc8b,archive/manual-audit-2023/2026/09/10/e13690f5b7e6794b2adc8a2994f5c0f5f67ef497e871bae2a208b31cad8bcc8b.json.gz,Original audit's own reported Cost_PP: 4.89 (methodology/benchmark undocumented in source -- not this project's NRBT benchmark). original audit benchmark (200 NZD->TOP): 291.14 (undocumented methodology).,,
fb03290c-e580-44da-b375-4f0a8c697b7b,manual-audit-2023-audit2-20260910T002305Z-356d2a48,,,2023-07-26T00:00:00+00:00,,,,manual_audit,devpolicy_manual_audit,https://saverpacific.com/,manual_audit.2023_import,0.1.0,0.4,NZL,NZD,TON,TOP,200.0,,moneygram,Moneygram (Cash),MoneyGram,global_mto,,Moneygram (Cash),Account,Cash,275.79,4.0,NZD,,1.41,,,,Less than one hour,,,observed,"Manual audit observation, wave 'audit2' (Round 4 ingestion, reports/04-historical.md Task A). Observed via the Saver Pacific comparison site. amount_sent is a fixed 200 units of the origin currency, confirmed by arithmetic against amount_received/fee/rate across the wave, not assumed from a single row.",e13690f5b7e6794b2adc8a2994f5c0f5f67ef497e871bae2a208b31cad8bcc8b,archive/manual-audit-2023/2026/09/10/e13690f5b7e6794b2adc8a2994f5c0f5f67ef497e871bae2a208b31cad8bcc8b.json.gz,Original audit's own reported Cost_PP: 5.27 (methodology/benchmark undocumented in source -- not this project's NRBT benchmark). original audit benchmark (200 NZD->TOP): 291.14 (undocumented methodology).,,
b31b8e28-3d9c-4db0-be9b-bdd5d32182d4,manual-audit-2023-audit2-20260910T002305Z-356d2a48,,,2023-07-26T00:00:00+00:00,,,,manual_audit,devpolicy_manual_audit,https://saverpacific.com/,manual_audit.2023_import,0.1.0,0.4,NZL,NZD,TON,TOP,200.0,,anz-new-zealand,ANZ,ANZ (New Zealand),bank,,ANZ,Account,Account,275.26,0.0,NZD,,1.38,,,,Next day,,,observed,"Manual audit observation, wave 'audit2' (Round 4 ingestion, reports/04-historical.md Task A). Observed via the Saver Pacific comparison site. amount_sent is a fixed 200 units of the origin currency, confirmed by arithmetic against amount_received/fee/rate across the wave, not assumed from a single row.",e13690f5b7e6794b2adc8a2994f5c0f5f67ef497e871bae2a208b31cad8bcc8b,archive/manual-audit-2023/2026/09/10/e13690f5b7e6794b2adc8a2994f5c0f5f67ef497e871bae2a208b31cad8bcc8b.json.gz,Original audit's own reported Cost_PP: 5.45 (methodology/benchmark undocumented in source -- not this project's NRBT benchmark). original audit benchmark (200 NZD->TOP): 291.14 (undocumented methodology).,,
9dc188a9-3553-4376-9168-2393adc925c1,manual-audit-2023-audit2-20260910T002305Z-356d2a48,,,2023-07-26T00:00:00+00:00,,,,manual_audit,devpolicy_manual_audit,https://saverpacific.com/,manual_audit.2023_import,0.1.0,0.4,NZL,NZD,TON,TOP,200.0,,moneygram,Moneygram (Online),MoneyGram,global_mto,,Moneygram (Online),Account,Mobile,264.64,4.0,NZD,,1.35,,,,Same day,,,observed,"Manual audit observation, wave 'audit2' (Round 4 ingestion, reports/04-historical.md Task A). Observed via the Saver Pacific comparison site. amount_sent is a fixed 200 units of the origin currency, confirmed by arithmetic against amount_received/fee/rate across the wave, not assumed from a single row.",e13690f5b7e6794b2adc8a2994f5c0f5f67ef497e871bae2a208b31cad8bcc8b,archive/manual-audit-2023/2026/09/10/e13690f5b7e6794b2adc8a2994f5c0f5f67ef497e871bae2a208b31cad8bcc8b.json.gz,Original audit's own reported Cost_PP: 9.1 (methodology/benchmark undocumented in source -- not this project's NRBT benchmark). original audit benchmark (200 NZD->TOP): 291.14 (undocumented methodology).,,
00ba986c-ce88-41ed-be2b-69e871f19d0b,manual-audit-2023-audit2-20260910T002305Z-356d2a48,,,2023-07-26T00:00:00+00:00,,,,manual_audit,devpolicy_manual_audit,https://saverpacific.com/,manual_audit.2023_import,0.1.0,0.4,NZL,NZD,TON,TOP,200.0,,western-union,Western Union (Online),Western Union,global_mto,,Western Union (Online),Account,Mobile,270.94,0.0,NZD,,1.35,,,,Less than one hour,,,observed,"Manual audit observation, wave 'audit2' (Round 4 ingestion, reports/04-historical.md Task A). Observed via the Saver Pacific comparison site. amount_sent is a fixed 200 units of the origin currency, confirmed by arithmetic against amount_received/fee/rate across the wave, not assumed from a single row.",e13690f5b7e6794b2adc8a2994f5c0f5f67ef497e871bae2a208b31cad8bcc8b,archive/manual-audit-2023/2026/09/10/e13690f5b7e6794b2adc8a2994f5c0f5f67ef497e871bae2a208b31cad8bcc8b.json.gz,Original audit's own reported Cost_PP: 6.94 (methodology/benchmark undocumented in source -- not this project's NRBT benchmark). original audit benchmark (200 NZD->TOP): 291.14 (undocumented methodology).,,
b12afc79-7821-4ed6-951b-9ef051d7f132,manual-audit-2023-audit2-20260910T002305Z-356d2a48,,,2023-07-26T00:00:00+00:00,,,,manual_audit,devpolicy_manual_audit,https://saverpacific.com/,manual_audit.2023_import,0.1.0,0.4,NZL,NZD,TON,TOP,200.0,,western-union,Western Union (Cash),Western Union,global_mto,,Western Union (Cash),Account,Cash,270.54,4.0,NZD,,1.35,,,,Less than one hour,,,observed,"Manual audit observation, wave 'audit2' (Round 4 ingestion, reports/04-historical.md Task A). Observed via the Saver Pacific comparison site. amount_sent is a fixed 200 units of the origin currency, confirmed by arithmetic against amount_received/fee/rate across the wave, not assumed from a single row.",e13690f5b7e6794b2adc8a2994f5c0f5f67ef497e871bae2a208b31cad8bcc8b,archive/manual-audit-2023/2026/09/10/e13690f5b7e6794b2adc8a2994f5c0f5f67ef497e871bae2a208b31cad8bcc8b.json.gz,Original audit's own reported Cost_PP: 7.08 (methodology/benchmark undocumented in source -- not this project's NRBT benchmark). original audit benchmark (200 NZD->TOP): 291.14 (undocumented methodology).,,
2fa4dc4b-1eaa-45d3-8eea-983017f05fea,manual-audit-2023-audit2-20260910T002305Z-356d2a48,,,2023-07-26T00:00:00+00:00,,,,manual_audit,devpolicy_manual_audit,https://saverpacific.com/,manual_audit.2023_import,0.1.0,0.4,NZL,NZD,TON,TOP,200.0,,kiwibank,Kiwi Bank,Kiwibank,bank,,Kiwi Bank,Account,Account,246.91,20.0,NZD,,1.37,,,,3 - 5 days,,,observed,"Manual audit observation, wave 'audit2' (Round 4 ingestion, reports/04-historical.md Task A). Observed via the Saver Pacific comparison site. amount_sent is a fixed 200 units of the origin currency, confirmed by arithmetic against amount_received/fee/rate across the wave, not assumed from a single row.",e13690f5b7e6794b2adc8a2994f5c0f5f67ef497e871bae2a208b31cad8bcc8b,archive/manual-audit-2023/2026/09/10/e13690f5b7e6794b2adc8a2994f5c0f5f67ef497e871bae2a208b31cad8bcc8b.json.gz,Original audit's own reported Cost_PP: 15.19 (methodology/benchmark undocumented in source -- not this project's NRBT benchmark). original audit benchmark (200 NZD->TOP): 291.14 (undocumented methodology).,,
d1071860-07ac-42c4-9082-b95a3ad09c96,manual-audit-2023-audit2-20260910T002305Z-356d2a48,,,2023-07-27T00:00:00+00:00,,,,manual_audit,devpolicy_manual_audit,https://sendmoneypacific.org/,manual_audit.2023_import,0.1.0,0.4,AUS,AUD,TON,TOP,200.0,,ria-money-transfer,Ria,Ria Money Transfer,global_mto,,Ria,Account,Mobile,311.43,2.89,AUD,,1.58,,,,Less than one hour,,,observed,"Manual audit observation, wave 'audit2' (Round 4 ingestion, reports/04-historical.md Task A). Observed via the Send Money Pacific comparison site. amount_sent is a fixed 200 units of the origin currency, confirmed by arithmetic against amount_received/fee/rate across the wave, not assumed from a single row.",e13690f5b7e6794b2adc8a2994f5c0f5f67ef497e871bae2a208b31cad8bcc8b,archive/manual-audit-2023/2026/09/10/e13690f5b7e6794b2adc8a2994f5c0f5f67ef497e871bae2a208b31cad8bcc8b.json.gz,Original audit's own reported Cost_PP: 2.07 (methodology/benchmark undocumented in source -- not this project's NRBT benchmark). original audit benchmark (200 AUD->TOP): 316.82 (undocumented methodology).,,
9c9f8039-0aba-483e-8663-794139d2c6a2,manual-audit-2023-audit2-20260910T002305Z-356d2a48,,,2023-07-27T00:00:00+00:00,,,,manual_audit,devpolicy_manual_audit,https://sendmoneypacific.org/,manual_audit.2023_import,0.1.0,0.4,AUS,AUD,TON,TOP,200.0,,moneygram,Moneygram (Online),MoneyGram,global_mto,,Moneygram (Online),Account,Mobile,308.98,0.0,AUD,,1.54,,,,Next day,,,observed,"Manual audit observation, wave 'audit2' (Round 4 ingestion, reports/04-historical.md Task A). Observed via the Send Money Pacific comparison site. amount_sent is a fixed 200 units of the origin currency, confirmed by arithmetic against amount_received/fee/rate across the wave, not assumed from a single row.",e13690f5b7e6794b2adc8a2994f5c0f5f67ef497e871bae2a208b31cad8bcc8b,archive/manual-audit-2023/2026/09/10/e13690f5b7e6794b2adc8a2994f5c0f5f67ef497e871bae2a208b31cad8bcc8b.json.gz,Original audit's own reported Cost_PP: 2.84 (methodology/benchmark undocumented in source -- not this project's NRBT benchmark). original audit benchmark (200 AUD->TOP): 316.82 (undocumented methodology).,,
9404ee34-53f9-466a-8b26-806b49ae8d20,manual-audit-2023-audit2-20260910T002305Z-356d2a48,,,2023-07-27T00:00:00+00:00,,,,manual_audit,devpolicy_manual_audit,https://sendmoneypacific.org/,manual_audit.2023_import,0.1.0,0.4,AUS,AUD,TON,TOP,200.0,,ave-paanga-pau,Ave Paanga Pau,'Ave Pa'anga Pau,corridor_specialist,,Ave Paanga Pau,Prepaid,Account,307.26,0.0,AUD,,1.54,,,,Less than one hour,,,observed,"Manual audit observation, wave 'audit2' (Round 4 ingestion, reports/04-historical.md Task A). Observed via the Send Money Pacific comparison site. amount_sent is a fixed 200 units of the origin currency, confirmed by arithmetic against amount_received/fee/rate across the wave, not assumed from a single row.",e13690f5b7e6794b2adc8a2994f5c0f5f67ef497e871bae2a208b31cad8bcc8b,archive/manual-audit-2023/2026/09/10/e13690f5b7e6794b2adc8a2994f5c0f5f67ef497e871bae2a208b31cad8bcc8b.json.gz,Original audit's own reported Cost_PP: 3.38 (methodology/benchmark undocumented in source -- not this project's NRBT benchmark). original audit benchmark (200 AUD->TOP): 316.82 (undocumented methodology).,,
7635f8bb-7bcf-4083-907f-560e948c1ba8,manual-audit-2023-audit2-20260910T002305Z-356d2a48,,,2023-07-27T00:00:00+00:00,,,,manual_audit,devpolicy_manual_audit,https://sendmoneypacific.org/,manual_audit.2023_import,0.1.0,0.4,AUS,AUD,TON,TOP,200.0,,anz-australia,ANZ,ANZ (Australia),bank,,ANZ,Online,Account,306.86,0.0,AUD,,1.53,,,,2 days,,,observed,"Manual audit observation, wave 'audit2' (Round 4 ingestion, reports/04-historical.md Task A). Observed via the Send Money Pacific comparison site. amount_sent is a fixed 200 units of the origin currency, confirmed by arithmetic against amount_received/fee/rate across the wave, not assumed from a single row.",e13690f5b7e6794b2adc8a2994f5c0f5f67ef497e871bae2a208b31cad8bcc8b,archive/manual-audit-2023/2026/09/10/e13690f5b7e6794b2adc8a2994f5c0f5f67ef497e871bae2a208b31cad8bcc8b.json.gz,Original audit's own reported Cost_PP: 3.5 (methodology/benchmark undocumented in source -- not this project's NRBT benchmark). original audit benchmark (200 AUD->TOP): 316.82 (undocumented methodology).,,
22c3751f-121f-468b-b516-4d605ebfc909,manual-audit-2023-audit2-20260910T002305Z-356d2a48,,,2023-07-27T00:00:00+00:00,,,,manual_audit,devpolicy_manual_audit,https://sendmoneypacific.org/,manual_audit.2023_import,0.1.0,0.4,AUS,AUD,TON,TOP,200.0,,klickex,KlickEX,KlickEx,corridor_specialist,,KlickEX,Account,Mobile,298.78,5.0,AUD,,1.53,,,,Instant,,,observed,"Manual audit observation, wave 'audit2' (Round 4 ingestion, reports/04-historical.md Task A). Observed via the Send Money Pacific comparison site. amount_sent is a fixed 200 units of the origin currency, confirmed by arithmetic against amount_received/fee/rate across the wave, not assumed from a single row.",e13690f5b7e6794b2adc8a2994f5c0f5f67ef497e871bae2a208b31cad8bcc8b,archive/manual-audit-2023/2026/09/10/e13690f5b7e6794b2adc8a2994f5c0f5f67ef497e871bae2a208b31cad8bcc8b.json.gz,Original audit's own reported Cost_PP: 6.14 (methodology/benchmark undocumented in source -- not this project's NRBT benchmark). original audit benchmark (200 AUD->TOP): 316.82 (undocumented methodology).,,
7e2581cc-cc50-4bd8-96ca-8d266c4ae371,manual-audit-2023-audit2-20260910T002305Z-356d2a48,,,2023-07-27T00:00:00+00:00,,,,manual_audit,devpolicy_manual_audit,https://sendmoneypacific.org/,manual_audit.2023_import,0.1.0,0.4,AUS,AUD,TON,TOP,200.0,,moneygram,Moneygram (Cash),MoneyGram,global_mto,,Moneygram (Cash),Account,Cash,300.4,2.99,AUD,,1.52,,,,Less than one hour,,,observed,"Manual audit observation, wave 'audit2' (Round 4 ingestion, reports/04-historical.md Task A). Observed via the Send Money Pacific comparison site. amount_sent is a fixed 200 units of the origin currency, confirmed by arithmetic against amount_received/fee/rate across the wave, not assumed from a single row.",e13690f5b7e6794b2adc8a2994f5c0f5f67ef497e871bae2a208b31cad8bcc8b,archive/manual-audit-2023/2026/09/10/e13690f5b7e6794b2adc8a2994f5c0f5f67ef497e871bae2a208b31cad8bcc8b.json.gz,Original audit's own reported Cost_PP: 5.6 (methodology/benchmark undocumented in source -- not this project's NRBT benchmark). original audit benchmark (200 AUD->TOP): 316.82 (undocumented methodology).,,
ae0b25ed-3390-4c7b-9909-b9dcf46d18ab,manual-audit-2023-audit2-20260910T002305Z-356d2a48,,,2023-07-27T00:00:00+00:00,,,,manual_audit,devpolicy_manual_audit,https://sendmoneypacific.org/,manual_audit.2023_import,0.1.0,0.4,AUS,AUD,TON,TOP,200.0,,western-union,Western Union (Online),Western Union,global_mto,,Western Union (Online),Cash,Cash,293.77,5.0,AUD,,1.51,,,,Instant,,,observed,"Manual audit observation, wave 'audit2' (Round 4 ingestion, reports/04-historical.md Task A). Observed via the Send Money Pacific comparison site. amount_sent is a fixed 200 units of the origin currency, confirmed by arithmetic against amount_received/fee/rate across the wave, not assumed from a single row.",e13690f5b7e6794b2adc8a2994f5c0f5f67ef497e871bae2a208b31cad8bcc8b,archive/manual-audit-2023/2026/09/10/e13690f5b7e6794b2adc8a2994f5c0f5f67ef497e871bae2a208b31cad8bcc8b.json.gz,Original audit's own reported Cost_PP: 7.75 (methodology/benchmark undocumented in source -- not this project's NRBT benchmark). original audit benchmark (200 AUD->TOP): 316.82 (undocumented methodology).,,
0edf1e5a-3044-49a2-ab37-fd58fe663e9e,manual-audit-2023-audit2-20260910T002305Z-356d2a48,,,2023-07-27T00:00:00+00:00,,,,manual_audit,devpolicy_manual_audit,https://sendmoneypacific.org/,manual_audit.2023_import,0.1.0,0.4,AUS,AUD,TON,TOP,200.0,,western-union,Western Union (Cash),Western Union,global_mto,,Western Union (Cash),Online,Mobile,290.68,0.0,AUD,,1.45,,,,Instant,,,observed,"Manual audit observation, wave 'audit2' (Round 4 ingestion, reports/04-historical.md Task A). Observed via the Send Money Pacific comparison site. amount_sent is a fixed 200 units of the origin currency, confirmed by arithmetic against amount_received/fee/rate across the wave, not assumed from a single row.",e13690f5b7e6794b2adc8a2994f5c0f5f67ef497e871bae2a208b31cad8bcc8b,archive/manual-audit-2023/2026/09/10/e13690f5b7e6794b2adc8a2994f5c0f5f67ef497e871bae2a208b31cad8bcc8b.json.gz,Original audit's own reported Cost_PP: 8.59 (methodology/benchmark undocumented in source -- not this project's NRBT benchmark). original audit benchmark (200 AUD->TOP): 316.82 (undocumented methodology).,,
6ff6c687-5dc4-4127-987a-65293d1f37a8,manual-audit-2023-audit2-20260910T002305Z-356d2a48,,,2023-07-27T00:00:00+00:00,,,,manual_audit,devpolicy_manual_audit,https://sendmoneypacific.org/,manual_audit.2023_import,0.1.0,0.4,AUS,AUD,TON,TOP,200.0,,nab,NAB,National Australia Bank,bank,,NAB,Online,Account,246.67,30.0,AUD,,1.45,,,,3 days,,,observed,"Manual audit observation, wave 'audit2' (Round 4 ingestion, reports/04-historical.md Task A). Observed via the Send Money Pacific comparison site. amount_sent is a fixed 200 units of the origin currency, confirmed by arithmetic against amount_received/fee/rate across the wave, not assumed from a single row.",e13690f5b7e6794b2adc8a2994f5c0f5f67ef497e871bae2a208b31cad8bcc8b,archive/manual-audit-2023/2026/09/10/e13690f5b7e6794b2adc8a2994f5c0f5f67ef497e871bae2a208b31cad8bcc8b.json.gz,Original audit's own reported Cost_PP: 23.74 (methodology/benchmark undocumented in source -- not this project's NRBT benchmark). original audit benchmark (200 AUD->TOP): 316.82 (undocumented methodology).,,
598e080c-0396-4139-85c4-7057126cfcfd,manual-audit-2023-audit2-20260910T002305Z-356d2a48,,,2023-07-27T00:00:00+00:00,,,,manual_audit,devpolicy_manual_audit,https://saverpacific.com/,manual_audit.2023_import,0.1.0,0.4,AUS,AUD,TON,TOP,200.0,,ria-money-transfer,Ria,Ria Money Transfer,global_mto,,Ria,Account,Mobile,313.4,2.89,AUD,,1.59,,,,Less than one hour,,,observed,"Manual audit observation, wave 'audit2' (Round 4 ingestion, reports/04-historical.md Task A). Observed via the Saver Pacific comparison site. amount_sent is a fixed 200 units of the origin currency, confirmed by arithmetic against amount_received/fee/rate across the wave, not assumed from a single row.",e13690f5b7e6794b2adc8a2994f5c0f5f67ef497e871bae2a208b31cad8bcc8b,archive/manual-audit-2023/2026/09/10/e13690f5b7e6794b2adc8a2994f5c0f5f67ef497e871bae2a208b31cad8bcc8b.json.gz,Original audit's own reported Cost_PP: 1.08 (methodology/benchmark undocumented in source -- not this project's NRBT benchmark). original audit benchmark (200 AUD->TOP): 316.82 (undocumented methodology).,,
5f948cd0-70b0-4607-a92f-b69f9795b1d0,manual-audit-2023-audit2-20260910T002305Z-356d2a48,,,2023-07-27T00:00:00+00:00,,,,manual_audit,devpolicy_manual_audit,https://saverpacific.com/,manual_audit.2023_import,0.1.0,0.4,AUS,AUD,TON,TOP,200.0,,ave-paanga-pau,Ave Paanga Pau,'Ave Pa'anga Pau,corridor_specialist,,Ave Paanga Pau,Prepaid,Account,308.6,0.0,AUD,,1.54,,,,Next day,,,observed,"Manual audit observation, wave 'audit2' (Round 4 ingestion, reports/04-historical.md Task A). Observed via the Saver Pacific comparison site. amount_sent is a fixed 200 units of the origin currency, confirmed by arithmetic against amount_received/fee/rate across the wave, not assumed from a single row.",e13690f5b7e6794b2adc8a2994f5c0f5f67ef497e871bae2a208b31cad8bcc8b,archive/manual-audit-2023/2026/09/10/e13690f5b7e6794b2adc8a2994f5c0f5f67ef497e871bae2a208b31cad8bcc8b.json.gz,Original audit's own reported Cost_PP: 2.59 (methodology/benchmark undocumented in source -- not this project's NRBT benchmark). original audit benchmark (200 AUD->TOP): 316.82 (undocumented methodology).,,
7d48236d-4bc7-4da1-afd2-a6fe154c84bb,manual-audit-2023-audit2-20260910T002305Z-356d2a48,,,2023-07-27T00:00:00+00:00,,,,manual_audit,devpolicy_manual_audit,https://saverpacific.com/,manual_audit.2023_import,0.1.0,0.4,AUS,AUD,TON,TOP,200.0,,moneygram,Moneygram (Online),MoneyGram,global_mto,,Moneygram (Online),Account,Mobile,309.1,0.0,AUD,,1.55,,,,Same day,,,observed,"Manual audit observation, wave 'audit2' (Round 4 ingestion, reports/04-historical.md Task A). Observed via the Saver Pacific comparison site. amount_sent is a fixed 200 units of the origin currency, confirmed by arithmetic against amount_received/fee/rate across the wave, not assumed from a single row.",e13690f5b7e6794b2adc8a2994f5c0f5f67ef497e871bae2a208b31cad8bcc8b,archive/manual-audit-2023/2026/09/10/e13690f5b7e6794b2adc8a2994f5c0f5f67ef497e871bae2a208b31cad8bcc8b.json.gz,Original audit's own reported Cost_PP: 2.44 (methodology/benchmark undocumented in source -- not this project's NRBT benchmark). original audit benchmark (200 AUD->TOP): 316.82 (undocumented methodology).,,
01c2bcd2-d3bf-4cee-be4d-beafeb2e841e,manual-audit-2023-audit2-20260910T002305Z-356d2a48,,,2023-07-27T00:00:00+00:00,,,,manual_audit,devpolicy_manual_audit,https://saverpacific.com/,manual_audit.2023_import,0.1.0,0.4,AUS,AUD,TON,TOP,200.0,,anz-australia,ANZ,ANZ (Australia),bank,,ANZ,Online,Account,306.86,0.0,AUD,,1.53,,,,2 days,,,observed,"Manual audit observation, wave 'audit2' (Round 4 ingestion, reports/04-historical.md Task A). Observed via the Saver Pacific comparison site. amount_sent is a fixed 200 units of the origin currency, confirmed by arithmetic against amount_received/fee/rate across the wave, not assumed from a single row.",e13690f5b7e6794b2adc8a2994f5c0f5f67ef497e871bae2a208b31cad8bcc8b,archive/manual-audit-2023/2026/09/10/e13690f5b7e6794b2adc8a2994f5c0f5f67ef497e871bae2a208b31cad8bcc8b.json.gz,Original audit's own reported Cost_PP: 2.54 (methodology/benchmark undocumented in source -- not this project's NRBT benchmark). original audit benchmark (200 AUD->TOP): 314.86 (undocumented methodology).,,
f3e647aa-1909-4c09-9cb7-9e6f5cec6412,manual-audit-2023-audit2-20260910T002305Z-356d2a48,,,2023-07-27T00:00:00+00:00,,,,manual_audit,devpolicy_manual_audit,https://saverpacific.com/,manual_audit.2023_import,0.1.0,0.4,AUS,AUD,TON,TOP,200.0,,wantok-money,Wantok,WanTok Money,corridor_specialist,,Wantok,Account,Mobile,299.13,5.0,AUD,,1.53,,,,Less than one hour,,,observed,"Manual audit observation, wave 'audit2' (Round 4 ingestion, reports/04-historical.md Task A). Observed via the Saver Pacific comparison site. amount_sent is a fixed 200 units of the origin currency, confirmed by arithmetic against amount_received/fee/rate across the wave, not assumed from a single row.",e13690f5b7e6794b2adc8a2994f5c0f5f67ef497e871bae2a208b31cad8bcc8b,archive/manual-audit-2023/2026/09/10/e13690f5b7e6794b2adc8a2994f5c0f5f67ef497e871bae2a208b31cad8bcc8b.json.gz,Original audit's own reported Cost_PP: 5.58 (methodology/benchmark undocumented in source -- not this project's NRBT benchmark). original audit benchmark (200 AUD->TOP): 316.82 (undocumented methodology).,,
415d71e8-46f5-4b35-af7e-b23f7f950e9b,manual-audit-2023-audit2-20260910T002305Z-356d2a48,,,2023-07-27T00:00:00+00:00,,,,manual_audit,devpolicy_manual_audit,https://saverpacific.com/,manual_audit.2023_import,0.1.0,0.4,AUS,AUD,TON,TOP,200.0,,moneygram,Moneygram (Cash),MoneyGram,global_mto,,Moneygram (Cash),Account,Cash,300.66,2.99,AUD,,1.53,,,,Less than one hour,,,observed,"Manual audit observation, wave 'audit2' (Round 4 ingestion, reports/04-historical.md Task A). Observed via the Saver Pacific comparison site. amount_sent is a fixed 200 units of the origin currency, confirmed by arithmetic against amount_received/fee/rate across the wave, not assumed from a single row.",e13690f5b7e6794b2adc8a2994f5c0f5f67ef497e871bae2a208b31cad8bcc8b,archive/manual-audit-2023/2026/09/10/e13690f5b7e6794b2adc8a2994f5c0f5f67ef497e871bae2a208b31cad8bcc8b.json.gz,Original audit's own reported Cost_PP: 5.1 (methodology/benchmark undocumented in source -- not this project's NRBT benchmark). original audit benchmark (200 AUD->TOP): 316.82 (undocumented methodology).,,
69a537a8-8608-4f3b-80da-cf42c45adc5e,manual-audit-2023-audit2-20260910T002305Z-356d2a48,,,2023-07-27T00:00:00+00:00,,,,manual_audit,devpolicy_manual_audit,https://saverpacific.com/,manual_audit.2023_import,0.1.0,0.4,AUS,AUD,TON,TOP,200.0,,western-union,Western Union (Online),Western Union,global_mto,,Western Union (Online),Cash,Cash,294.92,5.0,AUD,,1.51,,,,Instant,,,observed,"Manual audit observation, wave 'audit2' (Round 4 ingestion, reports/04-historical.md Task A). Observed via the Saver Pacific comparison site. amount_sent is a fixed 200 units of the origin currency, confirmed by arithmetic against amount_received/fee/rate across the wave, not assumed from a single row.",e13690f5b7e6794b2adc8a2994f5c0f5f67ef497e871bae2a208b31cad8bcc8b,archive/manual-audit-2023/2026/09/10/e13690f5b7e6794b2adc8a2994f5c0f5f67ef497e871bae2a208b31cad8bcc8b.json.gz,Original audit's own reported Cost_PP: 6.91 (methodology/benchmark undocumented in source -- not this project's NRBT benchmark). original audit benchmark (200 AUD->TOP): 316.82 (undocumented methodology).,,
cfef5247-370c-454e-abe0-b88ba8ba6c07,manual-audit-2023-audit2-20260910T002305Z-356d2a48,,,2023-07-27T00:00:00+00:00,,,,manual_audit,devpolicy_manual_audit,https://saverpacific.com/,manual_audit.2023_import,0.1.0,0.4,AUS,AUD,TON,TOP,200.0,,western-union,Western Union (Cash),Western Union,global_mto,,Western Union (Cash),Online,Mobile,294.6,0.0,AUD,,1.47,,,,Instant,,,observed,"Manual audit observation, wave 'audit2' (Round 4 ingestion, reports/04-historical.md Task A). Observed via the Saver Pacific comparison site. amount_sent is a fixed 200 units of the origin currency, confirmed by arithmetic against amount_received/fee/rate across the wave, not assumed from a single row.",e13690f5b7e6794b2adc8a2994f5c0f5f67ef497e871bae2a208b31cad8bcc8b,archive/manual-audit-2023/2026/09/10/e13690f5b7e6794b2adc8a2994f5c0f5f67ef497e871bae2a208b31cad8bcc8b.json.gz,Original audit's own reported Cost_PP: 7.01 (methodology/benchmark undocumented in source -- not this project's NRBT benchmark). original audit benchmark (200 AUD->TOP): 316.82 (undocumented methodology).,,
c059feda-9b10-4249-b11b-fbfca40f01b5,manual-audit-2023-audit2-20260910T002305Z-356d2a48,,,2023-07-27T00:00:00+00:00,,,,manual_audit,devpolicy_manual_audit,https://saverpacific.com/,manual_audit.2023_import,0.1.0,0.4,AUS,AUD,TON,TOP,200.0,,ofx,OFX,OFX,global_mto,,OFX,Account,Account,274.13,15.0,AUD,,1.48,,,,3 - 5 days,,,observed,"Manual audit observation, wave 'audit2' (Round 4 ingestion, reports/04-historical.md Task A). Observed via the Saver Pacific comparison site. amount_sent is a fixed 200 units of the origin currency, confirmed by arithmetic against amount_received/fee/rate across the wave, not assumed from a single row.",e13690f5b7e6794b2adc8a2994f5c0f5f67ef497e871bae2a208b31cad8bcc8b,archive/manual-audit-2023/2026/09/10/e13690f5b7e6794b2adc8a2994f5c0f5f67ef497e871bae2a208b31cad8bcc8b.json.gz,Original audit's own reported Cost_PP: 12.94 (methodology/benchmark undocumented in source -- not this project's NRBT benchmark). original audit benchmark (200 AUD->TOP): 314.86 (undocumented methodology).,,
5912cde0-e7e7-487b-a7a8-f801867ae49c,manual-audit-2023-audit2-20260910T002305Z-356d2a48,,,2023-07-27T00:00:00+00:00,,,,manual_audit,devpolicy_manual_audit,https://sendmoneypacific.org/,manual_audit.2023_import,0.1.0,0.4,NZL,NZD,TON,TOP,200.0,,ave-paanga-pau,Ave Paanga Pau,'Ave Pa'anga Pau,corridor_specialist,,Ave Paanga Pau,Prepaid,Account,280.78,0.0,NZD,,1.4,,,,Less than one hour,,,observed,"Manual audit observation, wave 'audit2' (Round 4 ingestion, reports/04-historical.md Task A). Observed via the Send Money Pacific comparison site. amount_sent is a fixed 200 units of the origin currency, confirmed by arithmetic against amount_received/fee/rate across the wave, not assumed from a single row.",e13690f5b7e6794b2adc8a2994f5c0f5f67ef497e871bae2a208b31cad8bcc8b,archive/manual-audit-2023/2026/09/10/e13690f5b7e6794b2adc8a2994f5c0f5f67ef497e871bae2a208b31cad8bcc8b.json.gz,Original audit's own reported Cost_PP: 3.87 (methodology/benchmark undocumented in source -- not this project's NRBT benchmark). original audit benchmark (200 NZD->TOP): 291.14 (undocumented methodology).,,
72559692-a545-494f-8cf1-a6f4d3db8598,manual-audit-2023-audit2-20260910T002305Z-356d2a48,,,2023-07-27T00:00:00+00:00,,,,manual_audit,devpolicy_manual_audit,https://sendmoneypacific.org/,manual_audit.2023_import,0.1.0,0.4,NZL,NZD,TON,TOP,200.0,,anz-new-zealand,ANZ,ANZ (New Zealand),bank,,ANZ,Online,Account,277.64,0.0,NZD,,1.39,,,,2 days,,,observed,"Manual audit observation, wave 'audit2' (Round 4 ingestion, reports/04-historical.md Task A). Observed via the Send Money Pacific comparison site. amount_sent is a fixed 200 units of the origin currency, confirmed by arithmetic against amount_received/fee/rate across the wave, not assumed from a single row.",e13690f5b7e6794b2adc8a2994f5c0f5f67ef497e871bae2a208b31cad8bcc8b,archive/manual-audit-2023/2026/09/10/e13690f5b7e6794b2adc8a2994f5c0f5f67ef497e871bae2a208b31cad8bcc8b.json.gz,Original audit's own reported Cost_PP: 4.94 (methodology/benchmark undocumented in source -- not this project's NRBT benchmark). original audit benchmark (200 NZD->TOP): 291.14 (undocumented methodology).,,
ab1696ab-06c7-4a51-b52e-9fb675c5fe20,manual-audit-2023-audit2-20260910T002305Z-356d2a48,,,2023-07-27T00:00:00+00:00,,,,manual_audit,devpolicy_manual_audit,https://sendmoneypacific.org/,manual_audit.2023_import,0.1.0,0.4,NZL,NZD,TON,TOP,200.0,,klickex,KlickEX,KlickEx,corridor_specialist,,KlickEX,Account,Mobile,274.54,5.0,NZD,,1.41,,,,Instant,,,observed,"Manual audit observation, wave 'audit2' (Round 4 ingestion, reports/04-historical.md Task A). Observed via the Send Money Pacific comparison site. amount_sent is a fixed 200 units of the origin currency, confirmed by arithmetic against amount_received/fee/rate across the wave, not assumed from a single row.",e13690f5b7e6794b2adc8a2994f5c0f5f67ef497e871bae2a208b31cad8bcc8b,archive/manual-audit-2023/2026/09/10/e13690f5b7e6794b2adc8a2994f5c0f5f67ef497e871bae2a208b31cad8bcc8b.json.gz,Original audit's own reported Cost_PP: 6.09 (methodology/benchmark undocumented in source -- not this project's NRBT benchmark). original audit benchmark (200 NZD->TOP): 291.14 (undocumented methodology).,,
96ab64bc-8200-4334-839b-97f463f153f9,manual-audit-2023-audit2-20260910T002305Z-356d2a48,,,2023-07-27T00:00:00+00:00,,,,manual_audit,devpolicy_manual_audit,https://sendmoneypacific.org/,manual_audit.2023_import,0.1.0,0.4,NZL,NZD,TON,TOP,200.0,,wantok-money,Wantok,WanTok Money,corridor_specialist,,Wantok,Account,Mobile,274.54,5.0,NZD,,1.41,,,,Instant,,,observed,"Manual audit observation, wave 'audit2' (Round 4 ingestion, reports/04-historical.md Task A). Observed via the Send Money Pacific comparison site. amount_sent is a fixed 200 units of the origin currency, confirmed by arithmetic against amount_received/fee/rate across the wave, not assumed from a single row.",e13690f5b7e6794b2adc8a2994f5c0f5f67ef497e871bae2a208b31cad8bcc8b,archive/manual-audit-2023/2026/09/10/e13690f5b7e6794b2adc8a2994f5c0f5f67ef497e871bae2a208b31cad8bcc8b.json.gz,Original audit's own reported Cost_PP: 6.09 (methodology/benchmark undocumented in source -- not this project's NRBT benchmark). original audit benchmark (200 NZD->TOP): 291.14 (undocumented methodology).,,
04ef4da2-aa2a-4302-b894-da7f0ea91619,manual-audit-2023-audit2-20260910T002305Z-356d2a48,,,2023-07-27T00:00:00+00:00,,,,manual_audit,devpolicy_manual_audit,https://sendmoneypacific.org/,manual_audit.2023_import,0.1.0,0.4,NZL,NZD,TON,TOP,200.0,,moneygram,Moneygram (Cash),MoneyGram,global_mto,,Moneygram (Cash),Account,Cash,274.46,4.0,NZD,,1.4,,,,Less than one hour,,,observed,"Manual audit observation, wave 'audit2' (Round 4 ingestion, reports/04-historical.md Task A). Observed via the Send Money Pacific comparison site. amount_sent is a fixed 200 units of the origin currency, confirmed by arithmetic against amount_received/fee/rate across the wave, not assumed from a single row.",e13690f5b7e6794b2adc8a2994f5c0f5f67ef497e871bae2a208b31cad8bcc8b,archive/manual-audit-2023/2026/09/10/e13690f5b7e6794b2adc8a2994f5c0f5f67ef497e871bae2a208b31cad8bcc8b.json.gz,Original audit's own reported Cost_PP: 6.11 (methodology/benchmark undocumented in source -- not this project's NRBT benchmark). original audit benchmark (200 NZD->TOP): 291.14 (undocumented methodology).,,
20b79972-9582-44ef-bcc1-6d578a101c08,manual-audit-2023-audit2-20260910T002305Z-356d2a48,,,2023-07-27T00:00:00+00:00,,,,manual_audit,devpolicy_manual_audit,https://sendmoneypacific.org/,manual_audit.2023_import,0.1.0,0.4,NZL,NZD,TON,TOP,200.0,,moneygram,Moneygram (Online),MoneyGram,global_mto,,Moneygram (Online),Account,Mobile,263.37,4.0,NZD,,1.34,,,,Less than one hour,,,observed,"Manual audit observation, wave 'audit2' (Round 4 ingestion, reports/04-historical.md Task A). Observed via the Send Money Pacific comparison site. amount_sent is a fixed 200 units of the origin currency, confirmed by arithmetic against amount_received/fee/rate across the wave, not assumed from a single row.",e13690f5b7e6794b2adc8a2994f5c0f5f67ef497e871bae2a208b31cad8bcc8b,archive/manual-audit-2023/2026/09/10/e13690f5b7e6794b2adc8a2994f5c0f5f67ef497e871bae2a208b31cad8bcc8b.json.gz,Original audit's own reported Cost_PP: 9.99 (methodology/benchmark undocumented in source -- not this project's NRBT benchmark). original audit benchmark (200 NZD->TOP): 291.14 (undocumented methodology).,,
5c7eefb6-a933-4fb2-8382-8aba368f9cf1,manual-audit-2023-audit2-20260910T002305Z-356d2a48,,,2023-07-27T00:00:00+00:00,,,,manual_audit,devpolicy_manual_audit,https://sendmoneypacific.org/,manual_audit.2023_import,0.1.0,0.4,NZL,NZD,TON,TOP,200.0,,western-union,Western Union (Online),Western Union,global_mto,,Western Union (Online),Online,Mobile,269.34,0.0,NZD,,1.35,,,,Less than one hour,,,observed,"Manual audit observation, wave 'audit2' (Round 4 ingestion, reports/04-historical.md Task A). Observed via the Send Money Pacific comparison site. amount_sent is a fixed 200 units of the origin currency, confirmed by arithmetic against amount_received/fee/rate across the wave, not assumed from a single row.",e13690f5b7e6794b2adc8a2994f5c0f5f67ef497e871bae2a208b31cad8bcc8b,archive/manual-audit-2023/2026/09/10/e13690f5b7e6794b2adc8a2994f5c0f5f67ef497e871bae2a208b31cad8bcc8b.json.gz,Original audit's own reported Cost_PP: 7.78 (methodology/benchmark undocumented in source -- not this project's NRBT benchmark). original audit benchmark (200 NZD->TOP): 291.14 (undocumented methodology).,,
faff54a2-1ba4-4ce9-8c84-e786e5e7c2f5,manual-audit-2023-audit2-20260910T002305Z-356d2a48,,,2023-07-27T00:00:00+00:00,,,,manual_audit,devpolicy_manual_audit,https://sendmoneypacific.org/,manual_audit.2023_import,0.1.0,0.4,NZL,NZD,TON,TOP,200.0,,western-union,Western Union (Cash),Western Union,global_mto,,Western Union (Cash),Online,Cash,268.94,0.0,NZD,,1.34,,,,Same day,,,observed,"Manual audit observation, wave 'audit2' (Round 4 ingestion, reports/04-historical.md Task A). Observed via the Send Money Pacific comparison site. amount_sent is a fixed 200 units of the origin currency, confirmed by arithmetic against amount_received/fee/rate across the wave, not assumed from a single row.",e13690f5b7e6794b2adc8a2994f5c0f5f67ef497e871bae2a208b31cad8bcc8b,archive/manual-audit-2023/2026/09/10/e13690f5b7e6794b2adc8a2994f5c0f5f67ef497e871bae2a208b31cad8bcc8b.json.gz,Original audit's own reported Cost_PP: 7.92 (methodology/benchmark undocumented in source -- not this project's NRBT benchmark). original audit benchmark (200 NZD->TOP): 291.14 (undocumented methodology).,,
0d398d54-efc0-46b2-b543-162b74852d91,manual-audit-2023-audit2-20260910T002305Z-356d2a48,,,2023-07-27T00:00:00+00:00,,,,manual_audit,devpolicy_manual_audit,https://sendmoneypacific.org/,manual_audit.2023_import,0.1.0,0.4,NZL,NZD,TON,TOP,200.0,,asb,ASB,ASB,bank,,ASB,Account,Account,232.17,30.0,NZD,,1.37,,,,2 days,,,observed,"Manual audit observation, wave 'audit2' (Round 4 ingestion, reports/04-historical.md Task A). Observed via the Send Money Pacific comparison site. amount_sent is a fixed 200 units of the origin currency, confirmed by arithmetic against amount_received/fee/rate across the wave, not assumed from a single row.",e13690f5b7e6794b2adc8a2994f5c0f5f67ef497e871bae2a208b31cad8bcc8b,archive/manual-audit-2023/2026/09/10/e13690f5b7e6794b2adc8a2994f5c0f5f67ef497e871bae2a208b31cad8bcc8b.json.gz,Original audit's own reported Cost_PP: 21.48 (methodology/benchmark undocumented in source -- not this project's NRBT benchmark). original audit benchmark (200 NZD->TOP): 291.14 (undocumented methodology).,,
bb55863c-7e79-4e50-96d8-fc5ed70ca578,manual-audit-2023-audit2-20260910T002305Z-356d2a48,,,2023-07-27T00:00:00+00:00,,,,manual_audit,devpolicy_manual_audit,https://saverpacific.com/,manual_audit.2023_import,0.1.0,0.4,NZL,NZD,TON,TOP,200.0,,ave-paanga-pau,Ave Paanga Pau,'Ave Pa'anga Pau,corridor_specialist,,Ave Paanga Pau,Prepaid,Account,280.4,0.0,NZD,,1.4,,,,Less than one hour,,,observed,"Manual audit observation, wave 'audit2' (Round 4 ingestion, reports/04-historical.md Task A). Observed via the Saver Pacific comparison site. amount_sent is a fixed 200 units of the origin currency, confirmed by arithmetic against amount_received/fee/rate across the wave, not assumed from a single row.",e13690f5b7e6794b2adc8a2994f5c0f5f67ef497e871bae2a208b31cad8bcc8b,archive/manual-audit-2023/2026/09/10/e13690f5b7e6794b2adc8a2994f5c0f5f67ef497e871bae2a208b31cad8bcc8b.json.gz,Original audit's own reported Cost_PP: 3.69 (methodology/benchmark undocumented in source -- not this project's NRBT benchmark). original audit benchmark (200 NZD->TOP): 291.14 (undocumented methodology).,,
11dcee4b-e51a-4965-a44e-10729f62aa59,manual-audit-2023-audit2-20260910T002305Z-356d2a48,,,2023-07-27T00:00:00+00:00,,,,manual_audit,devpolicy_manual_audit,https://saverpacific.com/,manual_audit.2023_import,0.1.0,0.4,NZL,NZD,TON,TOP,200.0,,imex,iMEX,IMEX Money Transfer,corridor_specialist,,iMEX,Account,Account/Cash/Mobile,280.0,0.0,NZD,,1.4,,,,Less than one hour,,,observed,"Manual audit observation, wave 'audit2' (Round 4 ingestion, reports/04-historical.md Task A). Observed via the Saver Pacific comparison site. amount_sent is a fixed 200 units of the origin currency, confirmed by arithmetic against amount_received/fee/rate across the wave, not assumed from a single row.",e13690f5b7e6794b2adc8a2994f5c0f5f67ef497e871bae2a208b31cad8bcc8b,archive/manual-audit-2023/2026/09/10/e13690f5b7e6794b2adc8a2994f5c0f5f67ef497e871bae2a208b31cad8bcc8b.json.gz,Original audit's own reported Cost_PP: 3.83 (methodology/benchmark undocumented in source -- not this project's NRBT benchmark). original audit benchmark (200 NZD->TOP): 291.14 (undocumented methodology).,,
d3b4ddfc-f6aa-47e2-b556-0c5227de1b77,manual-audit-2023-audit2-20260910T002305Z-356d2a48,,,2023-07-27T00:00:00+00:00,,,,manual_audit,devpolicy_manual_audit,https://saverpacific.com/,manual_audit.2023_import,0.1.0,0.4,NZL,NZD,TON,TOP,200.0,,wantok-money,Wantok,WanTok Money,corridor_specialist,,Wantok,Account,Mobile,273.12,5.0,NZD,,1.4,,,,Less than one hour,,,observed,"Manual audit observation, wave 'audit2' (Round 4 ingestion, reports/04-historical.md Task A). Observed via the Saver Pacific comparison site. amount_sent is a fixed 200 units of the origin currency, confirmed by arithmetic against amount_received/fee/rate across the wave, not assumed from a single row.",e13690f5b7e6794b2adc8a2994f5c0f5f67ef497e871bae2a208b31cad8bcc8b,archive/manual-audit-2023/2026/09/10/e13690f5b7e6794b2adc8a2994f5c0f5f67ef497e871bae2a208b31cad8bcc8b.json.gz,Original audit's own reported Cost_PP: 6.19 (methodology/benchmark undocumented in source -- not this project's NRBT benchmark). original audit benchmark (200 NZD->TOP): 291.14 (undocumented methodology).,,
3fae3648-4f6f-407b-9256-84e0614a6130,manual-audit-2023-audit2-20260910T002305Z-356d2a48,,,2023-07-27T00:00:00+00:00,,,,manual_audit,devpolicy_manual_audit,https://saverpacific.com/,manual_audit.2023_import,0.1.0,0.4,NZL,NZD,TON,TOP,200.0,,moneygram,Moneygram (Cash),MoneyGram,global_mto,,Moneygram (Cash),Account,Cash,275.16,4.0,NZD,,1.4,,,,Less than one hour,,,observed,"Manual audit observation, wave 'audit2' (Round 4 ingestion, reports/04-historical.md Task A). Observed via the Saver Pacific comparison site. amount_sent is a fixed 200 units of the origin currency, confirmed by arithmetic against amount_received/fee/rate across the wave, not assumed from a single row.",e13690f5b7e6794b2adc8a2994f5c0f5f67ef497e871bae2a208b31cad8bcc8b,archive/manual-audit-2023/2026/09/10/e13690f5b7e6794b2adc8a2994f5c0f5f67ef497e871bae2a208b31cad8bcc8b.json.gz,Original audit's own reported Cost_PP: 5.49 (methodology/benchmark undocumented in source -- not this project's NRBT benchmark). original audit benchmark (200 NZD->TOP): 291.14 (undocumented methodology).,,
bad6b9a1-4b60-465c-94d9-60211d2be4f3,manual-audit-2023-audit2-20260910T002305Z-356d2a48,,,2023-07-27T00:00:00+00:00,,,,manual_audit,devpolicy_manual_audit,https://saverpacific.com/,manual_audit.2023_import,0.1.0,0.4,NZL,NZD,TON,TOP,200.0,,anz-new-zealand,ANZ,ANZ (New Zealand),bank,,ANZ,Account,Account,274.36,0.0,NZD,,1.37,,,,Next day,,,observed,"Manual audit observation, wave 'audit2' (Round 4 ingestion, reports/04-historical.md Task A). Observed via the Saver Pacific comparison site. amount_sent is a fixed 200 units of the origin currency, confirmed by arithmetic against amount_received/fee/rate across the wave, not assumed from a single row.",e13690f5b7e6794b2adc8a2994f5c0f5f67ef497e871bae2a208b31cad8bcc8b,archive/manual-audit-2023/2026/09/10/e13690f5b7e6794b2adc8a2994f5c0f5f67ef497e871bae2a208b31cad8bcc8b.json.gz,Original audit's own reported Cost_PP: 5.76 (methodology/benchmark undocumented in source -- not this project's NRBT benchmark). original audit benchmark (200 NZD->TOP): 291.14 (undocumented methodology).,,
41133daf-40b5-4a7a-9863-8f75bf7a355f,manual-audit-2023-audit2-20260910T002305Z-356d2a48,,,2023-07-27T00:00:00+00:00,,,,manual_audit,devpolicy_manual_audit,https://saverpacific.com/,manual_audit.2023_import,0.1.0,0.4,NZL,NZD,TON,TOP,200.0,,moneygram,Moneygram (Online),MoneyGram,global_mto,,Moneygram (Online),Account,Mobile,264.03,4.0,NZD,,1.35,,,,Same day,,,observed,"Manual audit observation, wave 'audit2' (Round 4 ingestion, reports/04-historical.md Task A). Observed via the Saver Pacific comparison site. amount_sent is a fixed 200 units of the origin currency, confirmed by arithmetic against amount_received/fee/rate across the wave, not assumed from a single row.",e13690f5b7e6794b2adc8a2994f5c0f5f67ef497e871bae2a208b31cad8bcc8b,archive/manual-audit-2023/2026/09/10/e13690f5b7e6794b2adc8a2994f5c0f5f67ef497e871bae2a208b31cad8bcc8b.json.gz,Original audit's own reported Cost_PP: 9.31 (methodology/benchmark undocumented in source -- not this project's NRBT benchmark). original audit benchmark (200 NZD->TOP): 291.14 (undocumented methodology).,,
f3c7d6e1-3d3e-479c-ab30-9a37a139447f,manual-audit-2023-audit2-20260910T002305Z-356d2a48,,,2023-07-27T00:00:00+00:00,,,,manual_audit,devpolicy_manual_audit,https://saverpacific.com/,manual_audit.2023_import,0.1.0,0.4,NZL,NZD,TON,TOP,200.0,,western-union,Western Union (Online),Western Union,global_mto,,Western Union (Online),Account,Mobile,269.68,0.0,NZD,,1.35,,,,Less than one hour,,,observed,"Manual audit observation, wave 'audit2' (Round 4 ingestion, reports/04-historical.md Task A). Observed via the Saver Pacific comparison site. amount_sent is a fixed 200 units of the origin currency, confirmed by arithmetic against amount_received/fee/rate across the wave, not assumed from a single row.",e13690f5b7e6794b2adc8a2994f5c0f5f67ef497e871bae2a208b31cad8bcc8b,archive/manual-audit-2023/2026/09/10/e13690f5b7e6794b2adc8a2994f5c0f5f67ef497e871bae2a208b31cad8bcc8b.json.gz,Original audit's own reported Cost_PP: 7.37 (methodology/benchmark undocumented in source -- not this project's NRBT benchmark). original audit benchmark (200 NZD->TOP): 291.14 (undocumented methodology).,,
07546a12-4d3e-481d-aa56-a3664c341f17,manual-audit-2023-audit2-20260910T002305Z-356d2a48,,,2023-07-27T00:00:00+00:00,,,,manual_audit,devpolicy_manual_audit,https://saverpacific.com/,manual_audit.2023_import,0.1.0,0.4,NZL,NZD,TON,TOP,200.0,,western-union,Western Union (Cash),Western Union,global_mto,,Western Union (Cash),Account,Cash,269.28,0.0,NZD,,1.35,,,,Less than one hour,,,observed,"Manual audit observation, wave 'audit2' (Round 4 ingestion, reports/04-historical.md Task A). Observed via the Saver Pacific comparison site. amount_sent is a fixed 200 units of the origin currency, confirmed by arithmetic against amount_received/fee/rate across the wave, not assumed from a single row.",e13690f5b7e6794b2adc8a2994f5c0f5f67ef497e871bae2a208b31cad8bcc8b,archive/manual-audit-2023/2026/09/10/e13690f5b7e6794b2adc8a2994f5c0f5f67ef497e871bae2a208b31cad8bcc8b.json.gz,Original audit's own reported Cost_PP: 7.51 (methodology/benchmark undocumented in source -- not this project's NRBT benchmark). original audit benchmark (200 NZD->TOP): 291.14 (undocumented methodology).,,
404efa0e-de20-482f-8638-bb69b53eaf05,manual-audit-2023-audit2-20260910T002305Z-356d2a48,,,2023-07-27T00:00:00+00:00,,,,manual_audit,devpolicy_manual_audit,https://saverpacific.com/,manual_audit.2023_import,0.1.0,0.4,NZL,NZD,TON,TOP,200.0,,kiwibank,Kiwi Bank,Kiwibank,bank,,Kiwi Bank,Account,Account,245.99,20.0,NZD,,1.37,,,,3 - 5 days,,,observed,"Manual audit observation, wave 'audit2' (Round 4 ingestion, reports/04-historical.md Task A). Observed via the Saver Pacific comparison site. amount_sent is a fixed 200 units of the origin currency, confirmed by arithmetic against amount_received/fee/rate across the wave, not assumed from a single row.",e13690f5b7e6794b2adc8a2994f5c0f5f67ef497e871bae2a208b31cad8bcc8b,archive/manual-audit-2023/2026/09/10/e13690f5b7e6794b2adc8a2994f5c0f5f67ef497e871bae2a208b31cad8bcc8b.json.gz,Original audit's own reported Cost_PP: 15.51 (methodology/benchmark undocumented in source -- not this project's NRBT benchmark). original audit benchmark (200 NZD->TOP): 291.14 (undocumented methodology).,,
3b208249-df22-4aad-ab32-3599aaf3937e,manual-audit-2023-audit2-20260910T002305Z-356d2a48,,,2023-07-28T00:00:00+00:00,,,,manual_audit,devpolicy_manual_audit,https://sendmoneypacific.org/,manual_audit.2023_import,0.1.0,0.4,AUS,AUD,TON,TOP,200.0,,ria-money-transfer,Ria,Ria Money Transfer,global_mto,,Ria,Account,Mobile,311.43,2.89,AUD,,1.58,,,,Less than one hour,,,observed,"Manual audit observation, wave 'audit2' (Round 4 ingestion, reports/04-historical.md Task A). Observed via the Send Money Pacific comparison site. amount_sent is a fixed 200 units of the origin currency, confirmed by arithmetic against amount_received/fee/rate across the wave, not assumed from a single row.",e13690f5b7e6794b2adc8a2994f5c0f5f67ef497e871bae2a208b31cad8bcc8b,archive/manual-audit-2023/2026/09/10/e13690f5b7e6794b2adc8a2994f5c0f5f67ef497e871bae2a208b31cad8bcc8b.json.gz,Original audit's own reported Cost_PP: 2.07 (methodology/benchmark undocumented in source -- not this project's NRBT benchmark). original audit benchmark (200 AUD->TOP): 316.82 (undocumented methodology).,,
72ba8758-ada0-4ff9-9384-0a358b1b7e8e,manual-audit-2023-audit2-20260910T002305Z-356d2a48,,,2023-07-28T00:00:00+00:00,,,,manual_audit,devpolicy_manual_audit,https://sendmoneypacific.org/,manual_audit.2023_import,0.1.0,0.4,AUS,AUD,TON,TOP,200.0,,moneygram,Moneygram (Online),MoneyGram,global_mto,,Moneygram (Online),Account,Mobile,308.98,0.0,AUD,,1.54,,,,Next day,,,observed,"Manual audit observation, wave 'audit2' (Round 4 ingestion, reports/04-historical.md Task A). Observed via the Send Money Pacific comparison site. amount_sent is a fixed 200 units of the origin currency, confirmed by arithmetic against amount_received/fee/rate across the wave, not assumed from a single row.",e13690f5b7e6794b2adc8a2994f5c0f5f67ef497e871bae2a208b31cad8bcc8b,archive/manual-audit-2023/2026/09/10/e13690f5b7e6794b2adc8a2994f5c0f5f67ef497e871bae2a208b31cad8bcc8b.json.gz,Original audit's own reported Cost_PP: 2.84 (methodology/benchmark undocumented in source -- not this project's NRBT benchmark). original audit benchmark (200 AUD->TOP): 316.82 (undocumented methodology).,,
6c0e7a6d-c1e1-48b5-80dd-46a9e6d074da,manual-audit-2023-audit2-20260910T002305Z-356d2a48,,,2023-07-28T00:00:00+00:00,,,,manual_audit,devpolicy_manual_audit,https://sendmoneypacific.org/,manual_audit.2023_import,0.1.0,0.4,AUS,AUD,TON,TOP,200.0,,ave-paanga-pau,Ave Paanga Pau,'Ave Pa'anga Pau,corridor_specialist,,Ave Paanga Pau,Prepaid,Account,307.26,0.0,AUD,,1.54,,,,Less than one hour,,,observed,"Manual audit observation, wave 'audit2' (Round 4 ingestion, reports/04-historical.md Task A). Observed via the Send Money Pacific comparison site. amount_sent is a fixed 200 units of the origin currency, confirmed by arithmetic against amount_received/fee/rate across the wave, not assumed from a single row.",e13690f5b7e6794b2adc8a2994f5c0f5f67ef497e871bae2a208b31cad8bcc8b,archive/manual-audit-2023/2026/09/10/e13690f5b7e6794b2adc8a2994f5c0f5f67ef497e871bae2a208b31cad8bcc8b.json.gz,Original audit's own reported Cost_PP: 3.38 (methodology/benchmark undocumented in source -- not this project's NRBT benchmark). original audit benchmark (200 AUD->TOP): 316.82 (undocumented methodology).,,
f7c1f3c3-30c1-4c72-9ff1-09f78859b4bb,manual-audit-2023-audit2-20260910T002305Z-356d2a48,,,2023-07-28T00:00:00+00:00,,,,manual_audit,devpolicy_manual_audit,https://sendmoneypacific.org/,manual_audit.2023_import,0.1.0,0.4,AUS,AUD,TON,TOP,200.0,,anz-australia,ANZ,ANZ (Australia),bank,,ANZ,Online,Account,306.86,0.0,AUD,,1.53,,,,2 days,,,observed,"Manual audit observation, wave 'audit2' (Round 4 ingestion, reports/04-historical.md Task A). Observed via the Send Money Pacific comparison site. amount_sent is a fixed 200 units of the origin currency, confirmed by arithmetic against amount_received/fee/rate across the wave, not assumed from a single row.",e13690f5b7e6794b2adc8a2994f5c0f5f67ef497e871bae2a208b31cad8bcc8b,archive/manual-audit-2023/2026/09/10/e13690f5b7e6794b2adc8a2994f5c0f5f67ef497e871bae2a208b31cad8bcc8b.json.gz,Original audit's own reported Cost_PP: 3.5 (methodology/benchmark undocumented in source -- not this project's NRBT benchmark). original audit benchmark (200 AUD->TOP): 316.82 (undocumented methodology).,,
728566e5-b120-4890-8698-6470fd2a783a,manual-audit-2023-audit2-20260910T002305Z-356d2a48,,,2023-07-28T00:00:00+00:00,,,,manual_audit,devpolicy_manual_audit,https://sendmoneypacific.org/,manual_audit.2023_import,0.1.0,0.4,AUS,AUD,TON,TOP,200.0,,klickex,KlickEX,KlickEx,corridor_specialist,,KlickEX,Account,Mobile,298.78,5.0,AUD,,1.53,,,,Instant,,,observed,"Manual audit observation, wave 'audit2' (Round 4 ingestion, reports/04-historical.md Task A). Observed via the Send Money Pacific comparison site. amount_sent is a fixed 200 units of the origin currency, confirmed by arithmetic against amount_received/fee/rate across the wave, not assumed from a single row.",e13690f5b7e6794b2adc8a2994f5c0f5f67ef497e871bae2a208b31cad8bcc8b,archive/manual-audit-2023/2026/09/10/e13690f5b7e6794b2adc8a2994f5c0f5f67ef497e871bae2a208b31cad8bcc8b.json.gz,Original audit's own reported Cost_PP: 6.14 (methodology/benchmark undocumented in source -- not this project's NRBT benchmark). original audit benchmark (200 AUD->TOP): 316.82 (undocumented methodology).,,
57479851-3c90-4141-a659-207983754324,manual-audit-2023-audit2-20260910T002305Z-356d2a48,,,2023-07-28T00:00:00+00:00,,,,manual_audit,devpolicy_manual_audit,https://sendmoneypacific.org/,manual_audit.2023_import,0.1.0,0.4,AUS,AUD,TON,TOP,200.0,,moneygram,Moneygram (Cash),MoneyGram,global_mto,,Moneygram (Cash),Account,Cash,300.4,2.99,AUD,,1.52,,,,Less than one hour,,,observed,"Manual audit observation, wave 'audit2' (Round 4 ingestion, reports/04-historical.md Task A). Observed via the Send Money Pacific comparison site. amount_sent is a fixed 200 units of the origin currency, confirmed by arithmetic against amount_received/fee/rate across the wave, not assumed from a single row.",e13690f5b7e6794b2adc8a2994f5c0f5f67ef497e871bae2a208b31cad8bcc8b,archive/manual-audit-2023/2026/09/10/e13690f5b7e6794b2adc8a2994f5c0f5f67ef497e871bae2a208b31cad8bcc8b.json.gz,Original audit's own reported Cost_PP: 5.6 (methodology/benchmark undocumented in source -- not this project's NRBT benchmark). original audit benchmark (200 AUD->TOP): 316.82 (undocumented methodology).,,
9ff3a513-af69-4a3a-b927-5a9ab46014a8,manual-audit-2023-audit2-20260910T002305Z-356d2a48,,,2023-07-28T00:00:00+00:00,,,,manual_audit,devpolicy_manual_audit,https://sendmoneypacific.org/,manual_audit.2023_import,0.1.0,0.4,AUS,AUD,TON,TOP,200.0,,western-union,Western Union (Online),Western Union,global_mto,,Western Union (Online),Cash,Cash,293.77,5.0,AUD,,1.51,,,,Instant,,,observed,"Manual audit observation, wave 'audit2' (Round 4 ingestion, reports/04-historical.md Task A). Observed via the Send Money Pacific comparison site. amount_sent is a fixed 200 units of the origin currency, confirmed by arithmetic against amount_received/fee/rate across the wave, not assumed from a single row.",e13690f5b7e6794b2adc8a2994f5c0f5f67ef497e871bae2a208b31cad8bcc8b,archive/manual-audit-2023/2026/09/10/e13690f5b7e6794b2adc8a2994f5c0f5f67ef497e871bae2a208b31cad8bcc8b.json.gz,Original audit's own reported Cost_PP: 7.75 (methodology/benchmark undocumented in source -- not this project's NRBT benchmark). original audit benchmark (200 AUD->TOP): 316.82 (undocumented methodology).,,
a9fdcaab-ae50-43b6-9f03-9cc884f3a9ef,manual-audit-2023-audit2-20260910T002305Z-356d2a48,,,2023-07-28T00:00:00+00:00,,,,manual_audit,devpolicy_manual_audit,https://sendmoneypacific.org/,manual_audit.2023_import,0.1.0,0.4,AUS,AUD,TON,TOP,200.0,,western-union,Western Union (Cash),Western Union,global_mto,,Western Union (Cash),Online,Mobile,290.68,0.0,AUD,,1.45,,,,Instant,,,observed,"Manual audit observation, wave 'audit2' (Round 4 ingestion, reports/04-historical.md Task A). Observed via the Send Money Pacific comparison site. amount_sent is a fixed 200 units of the origin currency, confirmed by arithmetic against amount_received/fee/rate across the wave, not assumed from a single row.",e13690f5b7e6794b2adc8a2994f5c0f5f67ef497e871bae2a208b31cad8bcc8b,archive/manual-audit-2023/2026/09/10/e13690f5b7e6794b2adc8a2994f5c0f5f67ef497e871bae2a208b31cad8bcc8b.json.gz,Original audit's own reported Cost_PP: 8.59 (methodology/benchmark undocumented in source -- not this project's NRBT benchmark). original audit benchmark (200 AUD->TOP): 316.82 (undocumented methodology).,,
879df8c2-a352-447c-bf3e-de43050943b7,manual-audit-2023-audit2-20260910T002305Z-356d2a48,,,2023-07-28T00:00:00+00:00,,,,manual_audit,devpolicy_manual_audit,https://sendmoneypacific.org/,manual_audit.2023_import,0.1.0,0.4,AUS,AUD,TON,TOP,200.0,,nab,NAB,National Australia Bank,bank,,NAB,Online,Account,246.67,30.0,AUD,,1.45,,,,3 days,,,observed,"Manual audit observation, wave 'audit2' (Round 4 ingestion, reports/04-historical.md Task A). Observed via the Send Money Pacific comparison site. amount_sent is a fixed 200 units of the origin currency, confirmed by arithmetic against amount_received/fee/rate across the wave, not assumed from a single row.",e13690f5b7e6794b2adc8a2994f5c0f5f67ef497e871bae2a208b31cad8bcc8b,archive/manual-audit-2023/2026/09/10/e13690f5b7e6794b2adc8a2994f5c0f5f67ef497e871bae2a208b31cad8bcc8b.json.gz,Original audit's own reported Cost_PP: 23.74 (methodology/benchmark undocumented in source -- not this project's NRBT benchmark). original audit benchmark (200 AUD->TOP): 316.82 (undocumented methodology).,,
a739b77f-96f2-4439-98ed-9791819b6473,manual-audit-2023-audit2-20260910T002305Z-356d2a48,,,2023-07-28T00:00:00+00:00,,,,manual_audit,devpolicy_manual_audit,https://saverpacific.com/,manual_audit.2023_import,0.1.0,0.4,AUS,AUD,TON,TOP,200.0,,ria-money-transfer,Ria,Ria Money Transfer,global_mto,,Ria,Account,Mobile,313.4,2.89,AUD,,1.59,,,,Less than one hour,,,observed,"Manual audit observation, wave 'audit2' (Round 4 ingestion, reports/04-historical.md Task A). Observed via the Saver Pacific comparison site. amount_sent is a fixed 200 units of the origin currency, confirmed by arithmetic against amount_received/fee/rate across the wave, not assumed from a single row.",e13690f5b7e6794b2adc8a2994f5c0f5f67ef497e871bae2a208b31cad8bcc8b,archive/manual-audit-2023/2026/09/10/e13690f5b7e6794b2adc8a2994f5c0f5f67ef497e871bae2a208b31cad8bcc8b.json.gz,Original audit's own reported Cost_PP: 1.08 (methodology/benchmark undocumented in source -- not this project's NRBT benchmark). original audit benchmark (200 AUD->TOP): 316.82 (undocumented methodology).,,
3018053d-c218-49aa-9f6f-dd7e30e9f6fe,manual-audit-2023-audit2-20260910T002305Z-356d2a48,,,2023-07-28T00:00:00+00:00,,,,manual_audit,devpolicy_manual_audit,https://saverpacific.com/,manual_audit.2023_import,0.1.0,0.4,AUS,AUD,TON,TOP,200.0,,ave-paanga-pau,Ave Paanga Pau,'Ave Pa'anga Pau,corridor_specialist,,Ave Paanga Pau,Prepaid,Account,308.6,0.0,AUD,,1.54,,,,Next day,,,observed,"Manual audit observation, wave 'audit2' (Round 4 ingestion, reports/04-historical.md Task A). Observed via the Saver Pacific comparison site. amount_sent is a fixed 200 units of the origin currency, confirmed by arithmetic against amount_received/fee/rate across the wave, not assumed from a single row.",e13690f5b7e6794b2adc8a2994f5c0f5f67ef497e871bae2a208b31cad8bcc8b,archive/manual-audit-2023/2026/09/10/e13690f5b7e6794b2adc8a2994f5c0f5f67ef497e871bae2a208b31cad8bcc8b.json.gz,Original audit's own reported Cost_PP: 2.59 (methodology/benchmark undocumented in source -- not this project's NRBT benchmark). original audit benchmark (200 AUD->TOP): 316.82 (undocumented methodology).,,
9c3f952e-5acc-44be-b74a-6dc040068610,manual-audit-2023-audit2-20260910T002305Z-356d2a48,,,2023-07-28T00:00:00+00:00,,,,manual_audit,devpolicy_manual_audit,https://saverpacific.com/,manual_audit.2023_import,0.1.0,0.4,AUS,AUD,TON,TOP,200.0,,moneygram,Moneygram (Online),MoneyGram,global_mto,,Moneygram (Online),Account,Mobile,309.1,0.0,AUD,,1.55,,,,Same day,,,observed,"Manual audit observation, wave 'audit2' (Round 4 ingestion, reports/04-historical.md Task A). Observed via the Saver Pacific comparison site. amount_sent is a fixed 200 units of the origin currency, confirmed by arithmetic against amount_received/fee/rate across the wave, not assumed from a single row.",e13690f5b7e6794b2adc8a2994f5c0f5f67ef497e871bae2a208b31cad8bcc8b,archive/manual-audit-2023/2026/09/10/e13690f5b7e6794b2adc8a2994f5c0f5f67ef497e871bae2a208b31cad8bcc8b.json.gz,Original audit's own reported Cost_PP: 2.44 (methodology/benchmark undocumented in source -- not this project's NRBT benchmark). original audit benchmark (200 AUD->TOP): 316.82 (undocumented methodology).,,
eeff0588-b1e4-45d7-a667-fc2cf3fa1dac,manual-audit-2023-audit2-20260910T002305Z-356d2a48,,,2023-07-28T00:00:00+00:00,,,,manual_audit,devpolicy_manual_audit,https://saverpacific.com/,manual_audit.2023_import,0.1.0,0.4,AUS,AUD,TON,TOP,200.0,,anz-australia,ANZ,ANZ (Australia),bank,,ANZ,Online,Account,303.78,0.0,AUD,,1.52,,,,2 days,,,observed,"Manual audit observation, wave 'audit2' (Round 4 ingestion, reports/04-historical.md Task A). Observed via the Saver Pacific comparison site. amount_sent is a fixed 200 units of the origin currency, confirmed by arithmetic against amount_received/fee/rate across the wave, not assumed from a single row.",e13690f5b7e6794b2adc8a2994f5c0f5f67ef497e871bae2a208b31cad8bcc8b,archive/manual-audit-2023/2026/09/10/e13690f5b7e6794b2adc8a2994f5c0f5f67ef497e871bae2a208b31cad8bcc8b.json.gz,Original audit's own reported Cost_PP: 2.81 (methodology/benchmark undocumented in source -- not this project's NRBT benchmark). original audit benchmark (200 AUD->TOP): 312.56 (undocumented methodology).,,
9484659a-7810-4911-b814-aa13088ef7cc,manual-audit-2023-audit2-20260910T002305Z-356d2a48,,,2023-07-28T00:00:00+00:00,,,,manual_audit,devpolicy_manual_audit,https://saverpacific.com/,manual_audit.2023_import,0.1.0,0.4,AUS,AUD,TON,TOP,200.0,,wantok-money,Wantok,WanTok Money,corridor_specialist,,Wantok,Account,Mobile,299.13,5.0,AUD,,1.53,,,,Less than one hour,,,observed,"Manual audit observation, wave 'audit2' (Round 4 ingestion, reports/04-historical.md Task A). Observed via the Saver Pacific comparison site. amount_sent is a fixed 200 units of the origin currency, confirmed by arithmetic against amount_received/fee/rate across the wave, not assumed from a single row.",e13690f5b7e6794b2adc8a2994f5c0f5f67ef497e871bae2a208b31cad8bcc8b,archive/manual-audit-2023/2026/09/10/e13690f5b7e6794b2adc8a2994f5c0f5f67ef497e871bae2a208b31cad8bcc8b.json.gz,Original audit's own reported Cost_PP: 5.58 (methodology/benchmark undocumented in source -- not this project's NRBT benchmark). original audit benchmark (200 AUD->TOP): 316.82 (undocumented methodology).,,
10ef76af-04ca-49c5-b050-cafec5f11a76,manual-audit-2023-audit2-20260910T002305Z-356d2a48,,,2023-07-28T00:00:00+00:00,,,,manual_audit,devpolicy_manual_audit,https://saverpacific.com/,manual_audit.2023_import,0.1.0,0.4,AUS,AUD,TON,TOP,200.0,,moneygram,Moneygram (Cash),MoneyGram,global_mto,,Moneygram (Cash),Account,Cash,300.66,2.99,AUD,,1.53,,,,Less than one hour,,,observed,"Manual audit observation, wave 'audit2' (Round 4 ingestion, reports/04-historical.md Task A). Observed via the Saver Pacific comparison site. amount_sent is a fixed 200 units of the origin currency, confirmed by arithmetic against amount_received/fee/rate across the wave, not assumed from a single row.",e13690f5b7e6794b2adc8a2994f5c0f5f67ef497e871bae2a208b31cad8bcc8b,archive/manual-audit-2023/2026/09/10/e13690f5b7e6794b2adc8a2994f5c0f5f67ef497e871bae2a208b31cad8bcc8b.json.gz,Original audit's own reported Cost_PP: 5.1 (methodology/benchmark undocumented in source -- not this project's NRBT benchmark). original audit benchmark (200 AUD->TOP): 316.82 (undocumented methodology).,,
bb73b5b3-761f-46b4-b77a-f591d727db77,manual-audit-2023-audit2-20260910T002305Z-356d2a48,,,2023-07-28T00:00:00+00:00,,,,manual_audit,devpolicy_manual_audit,https://saverpacific.com/,manual_audit.2023_import,0.1.0,0.4,AUS,AUD,TON,TOP,200.0,,western-union,Western Union (Online),Western Union,global_mto,,Western Union (Online),Cash,Cash,294.92,5.0,AUD,,1.51,,,,Instant,,,observed,"Manual audit observation, wave 'audit2' (Round 4 ingestion, reports/04-historical.md Task A). Observed via the Saver Pacific comparison site. amount_sent is a fixed 200 units of the origin currency, confirmed by arithmetic against amount_received/fee/rate across the wave, not assumed from a single row.",e13690f5b7e6794b2adc8a2994f5c0f5f67ef497e871bae2a208b31cad8bcc8b,archive/manual-audit-2023/2026/09/10/e13690f5b7e6794b2adc8a2994f5c0f5f67ef497e871bae2a208b31cad8bcc8b.json.gz,Original audit's own reported Cost_PP: 6.91 (methodology/benchmark undocumented in source -- not this project's NRBT benchmark). original audit benchmark (200 AUD->TOP): 316.82 (undocumented methodology).,,
fce75e90-c3e1-4de7-b7b8-68af7c205f42,manual-audit-2023-audit2-20260910T002305Z-356d2a48,,,2023-07-28T00:00:00+00:00,,,,manual_audit,devpolicy_manual_audit,https://saverpacific.com/,manual_audit.2023_import,0.1.0,0.4,AUS,AUD,TON,TOP,200.0,,western-union,Western Union (Cash),Western Union,global_mto,,Western Union (Cash),Online,Mobile,294.6,0.0,AUD,,1.47,,,,Instant,,,observed,"Manual audit observation, wave 'audit2' (Round 4 ingestion, reports/04-historical.md Task A). Observed via the Saver Pacific comparison site. amount_sent is a fixed 200 units of the origin currency, confirmed by arithmetic against amount_received/fee/rate across the wave, not assumed from a single row.",e13690f5b7e6794b2adc8a2994f5c0f5f67ef497e871bae2a208b31cad8bcc8b,archive/manual-audit-2023/2026/09/10/e13690f5b7e6794b2adc8a2994f5c0f5f67ef497e871bae2a208b31cad8bcc8b.json.gz,Original audit's own reported Cost_PP: 7.01 (methodology/benchmark undocumented in source -- not this project's NRBT benchmark). original audit benchmark (200 AUD->TOP): 316.82 (undocumented methodology).,,
cf7d3855-5bbf-43ac-ab95-d6f0d2f61f4d,manual-audit-2023-audit2-20260910T002305Z-356d2a48,,,2023-07-28T00:00:00+00:00,,,,manual_audit,devpolicy_manual_audit,https://saverpacific.com/,manual_audit.2023_import,0.1.0,0.4,AUS,AUD,TON,TOP,200.0,,ofx,OFX,OFX,global_mto,,OFX,Account,Account,262.72,15.0,AUD,,1.42,,,,3 - 5 days,,,observed,"Manual audit observation, wave 'audit2' (Round 4 ingestion, reports/04-historical.md Task A). Observed via the Saver Pacific comparison site. amount_sent is a fixed 200 units of the origin currency, confirmed by arithmetic against amount_received/fee/rate across the wave, not assumed from a single row.",e13690f5b7e6794b2adc8a2994f5c0f5f67ef497e871bae2a208b31cad8bcc8b,archive/manual-audit-2023/2026/09/10/e13690f5b7e6794b2adc8a2994f5c0f5f67ef497e871bae2a208b31cad8bcc8b.json.gz,Original audit's own reported Cost_PP: 15.95 (methodology/benchmark undocumented in source -- not this project's NRBT benchmark). original audit benchmark (200 AUD->TOP): 312.56 (undocumented methodology).,,
79ff1e6f-01db-45ca-932a-a508af26dbba,manual-audit-2023-audit2-20260910T002305Z-356d2a48,,,2023-07-28T00:00:00+00:00,,,,manual_audit,devpolicy_manual_audit,https://sendmoneypacific.org/,manual_audit.2023_import,0.1.0,0.4,NZL,NZD,TON,TOP,200.0,,ave-paanga-pau,Ave Paanga Pau,'Ave Pa'anga Pau,corridor_specialist,,Ave Paanga Pau,Prepaid,Account,280.78,0.0,NZD,,1.4,,,,Less than one hour,,,observed,"Manual audit observation, wave 'audit2' (Round 4 ingestion, reports/04-historical.md Task A). Observed via the Send Money Pacific comparison site. amount_sent is a fixed 200 units of the origin currency, confirmed by arithmetic against amount_received/fee/rate across the wave, not assumed from a single row.",e13690f5b7e6794b2adc8a2994f5c0f5f67ef497e871bae2a208b31cad8bcc8b,archive/manual-audit-2023/2026/09/10/e13690f5b7e6794b2adc8a2994f5c0f5f67ef497e871bae2a208b31cad8bcc8b.json.gz,Original audit's own reported Cost_PP: 3.87 (methodology/benchmark undocumented in source -- not this project's NRBT benchmark). original audit benchmark (200 NZD->TOP): 291.14 (undocumented methodology).,,
731cbfed-5a4f-43ed-90c5-ef171286428c,manual-audit-2023-audit2-20260910T002305Z-356d2a48,,,2023-07-28T00:00:00+00:00,,,,manual_audit,devpolicy_manual_audit,https://sendmoneypacific.org/,manual_audit.2023_import,0.1.0,0.4,NZL,NZD,TON,TOP,200.0,,anz-new-zealand,ANZ,ANZ (New Zealand),bank,,ANZ,Online,Account,277.64,0.0,NZD,,1.39,,,,2 days,,,observed,"Manual audit observation, wave 'audit2' (Round 4 ingestion, reports/04-historical.md Task A). Observed via the Send Money Pacific comparison site. amount_sent is a fixed 200 units of the origin currency, confirmed by arithmetic against amount_received/fee/rate across the wave, not assumed from a single row.",e13690f5b7e6794b2adc8a2994f5c0f5f67ef497e871bae2a208b31cad8bcc8b,archive/manual-audit-2023/2026/09/10/e13690f5b7e6794b2adc8a2994f5c0f5f67ef497e871bae2a208b31cad8bcc8b.json.gz,Original audit's own reported Cost_PP: 4.94 (methodology/benchmark undocumented in source -- not this project's NRBT benchmark). original audit benchmark (200 NZD->TOP): 291.14 (undocumented methodology).,,
ecb3c1a8-16ec-4d9f-aaaf-3412974246fa,manual-audit-2023-audit2-20260910T002305Z-356d2a48,,,2023-07-28T00:00:00+00:00,,,,manual_audit,devpolicy_manual_audit,https://sendmoneypacific.org/,manual_audit.2023_import,0.1.0,0.4,NZL,NZD,TON,TOP,200.0,,klickex,KlickEX,KlickEx,corridor_specialist,,KlickEX,Account,Mobile,274.54,5.0,NZD,,1.41,,,,Instant,,,observed,"Manual audit observation, wave 'audit2' (Round 4 ingestion, reports/04-historical.md Task A). Observed via the Send Money Pacific comparison site. amount_sent is a fixed 200 units of the origin currency, confirmed by arithmetic against amount_received/fee/rate across the wave, not assumed from a single row.",e13690f5b7e6794b2adc8a2994f5c0f5f67ef497e871bae2a208b31cad8bcc8b,archive/manual-audit-2023/2026/09/10/e13690f5b7e6794b2adc8a2994f5c0f5f67ef497e871bae2a208b31cad8bcc8b.json.gz,Original audit's own reported Cost_PP: 6.09 (methodology/benchmark undocumented in source -- not this project's NRBT benchmark). original audit benchmark (200 NZD->TOP): 291.14 (undocumented methodology).,,
c6ac3ce1-2efd-431d-bd39-791956356078,manual-audit-2023-audit2-20260910T002305Z-356d2a48,,,2023-07-28T00:00:00+00:00,,,,manual_audit,devpolicy_manual_audit,https://sendmoneypacific.org/,manual_audit.2023_import,0.1.0,0.4,NZL,NZD,TON,TOP,200.0,,wantok-money,Wantok,WanTok Money,corridor_specialist,,Wantok,Account,Mobile,274.54,5.0,NZD,,1.41,,,,Instant,,,observed,"Manual audit observation, wave 'audit2' (Round 4 ingestion, reports/04-historical.md Task A). Observed via the Send Money Pacific comparison site. amount_sent is a fixed 200 units of the origin currency, confirmed by arithmetic against amount_received/fee/rate across the wave, not assumed from a single row.",e13690f5b7e6794b2adc8a2994f5c0f5f67ef497e871bae2a208b31cad8bcc8b,archive/manual-audit-2023/2026/09/10/e13690f5b7e6794b2adc8a2994f5c0f5f67ef497e871bae2a208b31cad8bcc8b.json.gz,Original audit's own reported Cost_PP: 6.09 (methodology/benchmark undocumented in source -- not this project's NRBT benchmark). original audit benchmark (200 NZD->TOP): 291.14 (undocumented methodology).,,
a75ac36c-3ce6-4ca0-bff3-f6fb7a2d0c14,manual-audit-2023-audit2-20260910T002305Z-356d2a48,,,2023-07-28T00:00:00+00:00,,,,manual_audit,devpolicy_manual_audit,https://sendmoneypacific.org/,manual_audit.2023_import,0.1.0,0.4,NZL,NZD,TON,TOP,200.0,,moneygram,Moneygram (Cash),MoneyGram,global_mto,,Moneygram (Cash),Account,Cash,274.46,4.0,NZD,,1.4,,,,Less than one hour,,,observed,"Manual audit observation, wave 'audit2' (Round 4 ingestion, reports/04-historical.md Task A). Observed via the Send Money Pacific comparison site. amount_sent is a fixed 200 units of the origin currency, confirmed by arithmetic against amount_received/fee/rate across the wave, not assumed from a single row.",e13690f5b7e6794b2adc8a2994f5c0f5f67ef497e871bae2a208b31cad8bcc8b,archive/manual-audit-2023/2026/09/10/e13690f5b7e6794b2adc8a2994f5c0f5f67ef497e871bae2a208b31cad8bcc8b.json.gz,Original audit's own reported Cost_PP: 6.11 (methodology/benchmark undocumented in source -- not this project's NRBT benchmark). original audit benchmark (200 NZD->TOP): 291.14 (undocumented methodology).,,
4711223f-bdff-4796-8a2c-05a1af86c822,manual-audit-2023-audit2-20260910T002305Z-356d2a48,,,2023-07-28T00:00:00+00:00,,,,manual_audit,devpolicy_manual_audit,https://sendmoneypacific.org/,manual_audit.2023_import,0.1.0,0.4,NZL,NZD,TON,TOP,200.0,,moneygram,Moneygram (Online),MoneyGram,global_mto,,Moneygram (Online),Account,Mobile,263.37,4.0,NZD,,1.34,,,,Less than one hour,,,observed,"Manual audit observation, wave 'audit2' (Round 4 ingestion, reports/04-historical.md Task A). Observed via the Send Money Pacific comparison site. amount_sent is a fixed 200 units of the origin currency, confirmed by arithmetic against amount_received/fee/rate across the wave, not assumed from a single row.",e13690f5b7e6794b2adc8a2994f5c0f5f67ef497e871bae2a208b31cad8bcc8b,archive/manual-audit-2023/2026/09/10/e13690f5b7e6794b2adc8a2994f5c0f5f67ef497e871bae2a208b31cad8bcc8b.json.gz,Original audit's own reported Cost_PP: 9.99 (methodology/benchmark undocumented in source -- not this project's NRBT benchmark). original audit benchmark (200 NZD->TOP): 291.14 (undocumented methodology).,,
f2d19a2a-e207-4864-a80b-2f59a7862d1d,manual-audit-2023-audit2-20260910T002305Z-356d2a48,,,2023-07-28T00:00:00+00:00,,,,manual_audit,devpolicy_manual_audit,https://sendmoneypacific.org/,manual_audit.2023_import,0.1.0,0.4,NZL,NZD,TON,TOP,200.0,,western-union,Western Union (Online),Western Union,global_mto,,Western Union (Online),Online,Mobile,269.34,0.0,NZD,,1.35,,,,Less than one hour,,,observed,"Manual audit observation, wave 'audit2' (Round 4 ingestion, reports/04-historical.md Task A). Observed via the Send Money Pacific comparison site. amount_sent is a fixed 200 units of the origin currency, confirmed by arithmetic against amount_received/fee/rate across the wave, not assumed from a single row.",e13690f5b7e6794b2adc8a2994f5c0f5f67ef497e871bae2a208b31cad8bcc8b,archive/manual-audit-2023/2026/09/10/e13690f5b7e6794b2adc8a2994f5c0f5f67ef497e871bae2a208b31cad8bcc8b.json.gz,Original audit's own reported Cost_PP: 7.78 (methodology/benchmark undocumented in source -- not this project's NRBT benchmark). original audit benchmark (200 NZD->TOP): 291.14 (undocumented methodology).,,
b6f9e14b-2fda-4837-88a1-cd12e36beedb,manual-audit-2023-audit2-20260910T002305Z-356d2a48,,,2023-07-28T00:00:00+00:00,,,,manual_audit,devpolicy_manual_audit,https://sendmoneypacific.org/,manual_audit.2023_import,0.1.0,0.4,NZL,NZD,TON,TOP,200.0,,western-union,Western Union (Cash),Western Union,global_mto,,Western Union (Cash),Online,Cash,268.94,0.0,NZD,,1.34,,,,Same day,,,observed,"Manual audit observation, wave 'audit2' (Round 4 ingestion, reports/04-historical.md Task A). Observed via the Send Money Pacific comparison site. amount_sent is a fixed 200 units of the origin currency, confirmed by arithmetic against amount_received/fee/rate across the wave, not assumed from a single row.",e13690f5b7e6794b2adc8a2994f5c0f5f67ef497e871bae2a208b31cad8bcc8b,archive/manual-audit-2023/2026/09/10/e13690f5b7e6794b2adc8a2994f5c0f5f67ef497e871bae2a208b31cad8bcc8b.json.gz,Original audit's own reported Cost_PP: 7.92 (methodology/benchmark undocumented in source -- not this project's NRBT benchmark). original audit benchmark (200 NZD->TOP): 291.14 (undocumented methodology).,,
5d6f72fe-6510-4ae8-9fdc-ab630310d8f0,manual-audit-2023-audit2-20260910T002305Z-356d2a48,,,2023-07-28T00:00:00+00:00,,,,manual_audit,devpolicy_manual_audit,https://sendmoneypacific.org/,manual_audit.2023_import,0.1.0,0.4,NZL,NZD,TON,TOP,200.0,,asb,ASB,ASB,bank,,ASB,Account,Account,232.17,30.0,NZD,,1.37,,,,2 days,,,observed,"Manual audit observation, wave 'audit2' (Round 4 ingestion, reports/04-historical.md Task A). Observed via the Send Money Pacific comparison site. amount_sent is a fixed 200 units of the origin currency, confirmed by arithmetic against amount_received/fee/rate across the wave, not assumed from a single row.",e13690f5b7e6794b2adc8a2994f5c0f5f67ef497e871bae2a208b31cad8bcc8b,archive/manual-audit-2023/2026/09/10/e13690f5b7e6794b2adc8a2994f5c0f5f67ef497e871bae2a208b31cad8bcc8b.json.gz,Original audit's own reported Cost_PP: 21.48 (methodology/benchmark undocumented in source -- not this project's NRBT benchmark). original audit benchmark (200 NZD->TOP): 291.14 (undocumented methodology).,,
55526150-9eac-4633-8337-580faff67bdd,manual-audit-2023-audit2-20260910T002305Z-356d2a48,,,2023-07-28T00:00:00+00:00,,,,manual_audit,devpolicy_manual_audit,https://saverpacific.com/,manual_audit.2023_import,0.1.0,0.4,NZL,NZD,TON,TOP,200.0,,ave-paanga-pau,Ave Paanga Pau,'Ave Pa'anga Pau,corridor_specialist,,Ave Paanga Pau,Prepaid,Account,280.4,0.0,NZD,,1.4,,,,Less than one hour,,,observed,"Manual audit observation, wave 'audit2' (Round 4 ingestion, reports/04-historical.md Task A). Observed via the Saver Pacific comparison site. amount_sent is a fixed 200 units of the origin currency, confirmed by arithmetic against amount_received/fee/rate across the wave, not assumed from a single row.",e13690f5b7e6794b2adc8a2994f5c0f5f67ef497e871bae2a208b31cad8bcc8b,archive/manual-audit-2023/2026/09/10/e13690f5b7e6794b2adc8a2994f5c0f5f67ef497e871bae2a208b31cad8bcc8b.json.gz,Original audit's own reported Cost_PP: 3.69 (methodology/benchmark undocumented in source -- not this project's NRBT benchmark). original audit benchmark (200 NZD->TOP): 291.14 (undocumented methodology).,,
5fa24226-187c-43d0-b010-94fb9cbc65a2,manual-audit-2023-audit2-20260910T002305Z-356d2a48,,,2023-07-28T00:00:00+00:00,,,,manual_audit,devpolicy_manual_audit,https://saverpacific.com/,manual_audit.2023_import,0.1.0,0.4,NZL,NZD,TON,TOP,200.0,,imex,iMEX,IMEX Money Transfer,corridor_specialist,,iMEX,Account,Account/Cash/Mobile,280.0,0.0,NZD,,1.4,,,,Less than one hour,,,observed,"Manual audit observation, wave 'audit2' (Round 4 ingestion, reports/04-historical.md Task A). Observed via the Saver Pacific comparison site. amount_sent is a fixed 200 units of the origin currency, confirmed by arithmetic against amount_received/fee/rate across the wave, not assumed from a single row.",e13690f5b7e6794b2adc8a2994f5c0f5f67ef497e871bae2a208b31cad8bcc8b,archive/manual-audit-2023/2026/09/10/e13690f5b7e6794b2adc8a2994f5c0f5f67ef497e871bae2a208b31cad8bcc8b.json.gz,Original audit's own reported Cost_PP: 3.83 (methodology/benchmark undocumented in source -- not this project's NRBT benchmark). original audit benchmark (200 NZD->TOP): 291.14 (undocumented methodology).,,
6e8380f0-da0e-447d-892d-ae550bf4a72c,manual-audit-2023-audit2-20260910T002305Z-356d2a48,,,2023-07-28T00:00:00+00:00,,,,manual_audit,devpolicy_manual_audit,https://saverpacific.com/,manual_audit.2023_import,0.1.0,0.4,NZL,NZD,TON,TOP,200.0,,wantok-money,Wantok,WanTok Money,corridor_specialist,,Wantok,Account,Mobile,273.12,5.0,NZD,,1.4,,,,Less than one hour,,,observed,"Manual audit observation, wave 'audit2' (Round 4 ingestion, reports/04-historical.md Task A). Observed via the Saver Pacific comparison site. amount_sent is a fixed 200 units of the origin currency, confirmed by arithmetic against amount_received/fee/rate across the wave, not assumed from a single row.",e13690f5b7e6794b2adc8a2994f5c0f5f67ef497e871bae2a208b31cad8bcc8b,archive/manual-audit-2023/2026/09/10/e13690f5b7e6794b2adc8a2994f5c0f5f67ef497e871bae2a208b31cad8bcc8b.json.gz,Original audit's own reported Cost_PP: 6.19 (methodology/benchmark undocumented in source -- not this project's NRBT benchmark). original audit benchmark (200 NZD->TOP): 291.14 (undocumented methodology).,,
d8c91e8a-5298-498e-a936-238312359da9,manual-audit-2023-audit2-20260910T002305Z-356d2a48,,,2023-07-28T00:00:00+00:00,,,,manual_audit,devpolicy_manual_audit,https://saverpacific.com/,manual_audit.2023_import,0.1.0,0.4,NZL,NZD,TON,TOP,200.0,,moneygram,Moneygram (Cash),MoneyGram,global_mto,,Moneygram (Cash),Account,Cash,275.16,4.0,NZD,,1.4,,,,Less than one hour,,,observed,"Manual audit observation, wave 'audit2' (Round 4 ingestion, reports/04-historical.md Task A). Observed via the Saver Pacific comparison site. amount_sent is a fixed 200 units of the origin currency, confirmed by arithmetic against amount_received/fee/rate across the wave, not assumed from a single row.",e13690f5b7e6794b2adc8a2994f5c0f5f67ef497e871bae2a208b31cad8bcc8b,archive/manual-audit-2023/2026/09/10/e13690f5b7e6794b2adc8a2994f5c0f5f67ef497e871bae2a208b31cad8bcc8b.json.gz,Original audit's own reported Cost_PP: 5.49 (methodology/benchmark undocumented in source -- not this project's NRBT benchmark). original audit benchmark (200 NZD->TOP): 291.14 (undocumented methodology).,,
7d0d6508-2a77-4f29-a3b2-4a2153b534e3,manual-audit-2023-audit2-20260910T002305Z-356d2a48,,,2023-07-28T00:00:00+00:00,,,,manual_audit,devpolicy_manual_audit,https://saverpacific.com/,manual_audit.2023_import,0.1.0,0.4,NZL,NZD,TON,TOP,200.0,,anz-new-zealand,ANZ,ANZ (New Zealand),bank,,ANZ,Account,Account,274.36,0.0,NZD,,1.37,,,,Next day,,,observed,"Manual audit observation, wave 'audit2' (Round 4 ingestion, reports/04-historical.md Task A). Observed via the Saver Pacific comparison site. amount_sent is a fixed 200 units of the origin currency, confirmed by arithmetic against amount_received/fee/rate across the wave, not assumed from a single row.",e13690f5b7e6794b2adc8a2994f5c0f5f67ef497e871bae2a208b31cad8bcc8b,archive/manual-audit-2023/2026/09/10/e13690f5b7e6794b2adc8a2994f5c0f5f67ef497e871bae2a208b31cad8bcc8b.json.gz,Original audit's own reported Cost_PP: 5.76 (methodology/benchmark undocumented in source -- not this project's NRBT benchmark). original audit benchmark (200 NZD->TOP): 291.14 (undocumented methodology).,,
71a2843f-4c77-45d9-ae3a-5744a82af7e3,manual-audit-2023-audit2-20260910T002305Z-356d2a48,,,2023-07-28T00:00:00+00:00,,,,manual_audit,devpolicy_manual_audit,https://saverpacific.com/,manual_audit.2023_import,0.1.0,0.4,NZL,NZD,TON,TOP,200.0,,moneygram,Moneygram (Online),MoneyGram,global_mto,,Moneygram (Online),Account,Mobile,264.03,4.0,NZD,,1.35,,,,Same day,,,observed,"Manual audit observation, wave 'audit2' (Round 4 ingestion, reports/04-historical.md Task A). Observed via the Saver Pacific comparison site. amount_sent is a fixed 200 units of the origin currency, confirmed by arithmetic against amount_received/fee/rate across the wave, not assumed from a single row.",e13690f5b7e6794b2adc8a2994f5c0f5f67ef497e871bae2a208b31cad8bcc8b,archive/manual-audit-2023/2026/09/10/e13690f5b7e6794b2adc8a2994f5c0f5f67ef497e871bae2a208b31cad8bcc8b.json.gz,Original audit's own reported Cost_PP: 9.31 (methodology/benchmark undocumented in source -- not this project's NRBT benchmark). original audit benchmark (200 NZD->TOP): 291.14 (undocumented methodology).,,
6c83d0d4-e121-4d59-a83d-63d393cffb80,manual-audit-2023-audit2-20260910T002305Z-356d2a48,,,2023-07-28T00:00:00+00:00,,,,manual_audit,devpolicy_manual_audit,https://saverpacific.com/,manual_audit.2023_import,0.1.0,0.4,NZL,NZD,TON,TOP,200.0,,western-union,Western Union (Online),Western Union,global_mto,,Western Union (Online),Account,Mobile,269.68,0.0,NZD,,1.35,,,,Less than one hour,,,observed,"Manual audit observation, wave 'audit2' (Round 4 ingestion, reports/04-historical.md Task A). Observed via the Saver Pacific comparison site. amount_sent is a fixed 200 units of the origin currency, confirmed by arithmetic against amount_received/fee/rate across the wave, not assumed from a single row.",e13690f5b7e6794b2adc8a2994f5c0f5f67ef497e871bae2a208b31cad8bcc8b,archive/manual-audit-2023/2026/09/10/e13690f5b7e6794b2adc8a2994f5c0f5f67ef497e871bae2a208b31cad8bcc8b.json.gz,Original audit's own reported Cost_PP: 7.37 (methodology/benchmark undocumented in source -- not this project's NRBT benchmark). original audit benchmark (200 NZD->TOP): 291.14 (undocumented methodology).,,
75158f5f-7147-43bb-8c6a-4de628f2f5e1,manual-audit-2023-audit2-20260910T002305Z-356d2a48,,,2023-07-28T00:00:00+00:00,,,,manual_audit,devpolicy_manual_audit,https://saverpacific.com/,manual_audit.2023_import,0.1.0,0.4,NZL,NZD,TON,TOP,200.0,,western-union,Western Union (Cash),Western Union,global_mto,,Western Union (Cash),Account,Cash,269.28,0.0,NZD,,1.35,,,,Less than one hour,,,observed,"Manual audit observation, wave 'audit2' (Round 4 ingestion, reports/04-historical.md Task A). Observed via the Saver Pacific comparison site. amount_sent is a fixed 200 units of the origin currency, confirmed by arithmetic against amount_received/fee/rate across the wave, not assumed from a single row.",e13690f5b7e6794b2adc8a2994f5c0f5f67ef497e871bae2a208b31cad8bcc8b,archive/manual-audit-2023/2026/09/10/e13690f5b7e6794b2adc8a2994f5c0f5f67ef497e871bae2a208b31cad8bcc8b.json.gz,Original audit's own reported Cost_PP: 7.51 (methodology/benchmark undocumented in source -- not this project's NRBT benchmark). original audit benchmark (200 NZD->TOP): 291.14 (undocumented methodology).,,
df7f2ca0-2c56-452e-858a-87ae4e5bfa6f,manual-audit-2023-audit2-20260910T002305Z-356d2a48,,,2023-07-28T00:00:00+00:00,,,,manual_audit,devpolicy_manual_audit,https://saverpacific.com/,manual_audit.2023_import,0.1.0,0.4,NZL,NZD,TON,TOP,200.0,,kiwibank,Kiwi Bank,Kiwibank,bank,,Kiwi Bank,Account,Account,245.99,20.0,NZD,,1.37,,,,3 - 5 days,,,observed,"Manual audit observation, wave 'audit2' (Round 4 ingestion, reports/04-historical.md Task A). Observed via the Saver Pacific comparison site. amount_sent is a fixed 200 units of the origin currency, confirmed by arithmetic against amount_received/fee/rate across the wave, not assumed from a single row.",e13690f5b7e6794b2adc8a2994f5c0f5f67ef497e871bae2a208b31cad8bcc8b,archive/manual-audit-2023/2026/09/10/e13690f5b7e6794b2adc8a2994f5c0f5f67ef497e871bae2a208b31cad8bcc8b.json.gz,Original audit's own reported Cost_PP: 15.51 (methodology/benchmark undocumented in source -- not this project's NRBT benchmark). original audit benchmark (200 NZD->TOP): 291.14 (undocumented methodology).,,
838afb5c-3279-4085-b062-2594354a2abd,manual-audit-2023-audit2-20260910T002305Z-356d2a48,,,2023-07-29T00:00:00+00:00,,,,manual_audit,devpolicy_manual_audit,https://sendmoneypacific.org/,manual_audit.2023_import,0.1.0,0.4,AUS,AUD,TON,TOP,200.0,,ria-money-transfer,Ria,Ria Money Transfer,global_mto,,Ria,Account,Mobile,311.43,2.89,AUD,,1.58,,,,Less than one hour,,,observed,"Manual audit observation, wave 'audit2' (Round 4 ingestion, reports/04-historical.md Task A). Observed via the Send Money Pacific comparison site. amount_sent is a fixed 200 units of the origin currency, confirmed by arithmetic against amount_received/fee/rate across the wave, not assumed from a single row.",e13690f5b7e6794b2adc8a2994f5c0f5f67ef497e871bae2a208b31cad8bcc8b,archive/manual-audit-2023/2026/09/10/e13690f5b7e6794b2adc8a2994f5c0f5f67ef497e871bae2a208b31cad8bcc8b.json.gz,Original audit's own reported Cost_PP: 2.07 (methodology/benchmark undocumented in source -- not this project's NRBT benchmark). original audit benchmark (200 AUD->TOP): 316.82 (undocumented methodology).,,
8d1e82d9-27dc-4958-82dc-3dbb07b0fd4f,manual-audit-2023-audit2-20260910T002305Z-356d2a48,,,2023-07-29T00:00:00+00:00,,,,manual_audit,devpolicy_manual_audit,https://sendmoneypacific.org/,manual_audit.2023_import,0.1.0,0.4,AUS,AUD,TON,TOP,200.0,,moneygram,Moneygram (Online),MoneyGram,global_mto,,Moneygram (Online),Account,Mobile,308.98,0.0,AUD,,1.54,,,,Next day,,,observed,"Manual audit observation, wave 'audit2' (Round 4 ingestion, reports/04-historical.md Task A). Observed via the Send Money Pacific comparison site. amount_sent is a fixed 200 units of the origin currency, confirmed by arithmetic against amount_received/fee/rate across the wave, not assumed from a single row.",e13690f5b7e6794b2adc8a2994f5c0f5f67ef497e871bae2a208b31cad8bcc8b,archive/manual-audit-2023/2026/09/10/e13690f5b7e6794b2adc8a2994f5c0f5f67ef497e871bae2a208b31cad8bcc8b.json.gz,Original audit's own reported Cost_PP: 2.84 (methodology/benchmark undocumented in source -- not this project's NRBT benchmark). original audit benchmark (200 AUD->TOP): 316.82 (undocumented methodology).,,
8fde72bb-c1ef-4260-b6d4-7a10de7b68ac,manual-audit-2023-audit2-20260910T002305Z-356d2a48,,,2023-07-29T00:00:00+00:00,,,,manual_audit,devpolicy_manual_audit,https://sendmoneypacific.org/,manual_audit.2023_import,0.1.0,0.4,AUS,AUD,TON,TOP,200.0,,ave-paanga-pau,Ave Paanga Pau,'Ave Pa'anga Pau,corridor_specialist,,Ave Paanga Pau,Prepaid,Account,307.26,0.0,AUD,,1.54,,,,Less than one hour,,,observed,"Manual audit observation, wave 'audit2' (Round 4 ingestion, reports/04-historical.md Task A). Observed via the Send Money Pacific comparison site. amount_sent is a fixed 200 units of the origin currency, confirmed by arithmetic against amount_received/fee/rate across the wave, not assumed from a single row.",e13690f5b7e6794b2adc8a2994f5c0f5f67ef497e871bae2a208b31cad8bcc8b,archive/manual-audit-2023/2026/09/10/e13690f5b7e6794b2adc8a2994f5c0f5f67ef497e871bae2a208b31cad8bcc8b.json.gz,Original audit's own reported Cost_PP: 3.38 (methodology/benchmark undocumented in source -- not this project's NRBT benchmark). original audit benchmark (200 AUD->TOP): 316.82 (undocumented methodology).,,
7ced2f61-3b1d-41fc-b061-7f1b060fef6c,manual-audit-2023-audit2-20260910T002305Z-356d2a48,,,2023-07-29T00:00:00+00:00,,,,manual_audit,devpolicy_manual_audit,https://sendmoneypacific.org/,manual_audit.2023_import,0.1.0,0.4,AUS,AUD,TON,TOP,200.0,,anz-australia,ANZ,ANZ (Australia),bank,,ANZ,Online,Account,306.86,0.0,AUD,,1.53,,,,2 days,,,observed,"Manual audit observation, wave 'audit2' (Round 4 ingestion, reports/04-historical.md Task A). Observed via the Send Money Pacific comparison site. amount_sent is a fixed 200 units of the origin currency, confirmed by arithmetic against amount_received/fee/rate across the wave, not assumed from a single row.",e13690f5b7e6794b2adc8a2994f5c0f5f67ef497e871bae2a208b31cad8bcc8b,archive/manual-audit-2023/2026/09/10/e13690f5b7e6794b2adc8a2994f5c0f5f67ef497e871bae2a208b31cad8bcc8b.json.gz,Original audit's own reported Cost_PP: 3.5 (methodology/benchmark undocumented in source -- not this project's NRBT benchmark). original audit benchmark (200 AUD->TOP): 316.82 (undocumented methodology).,,
6bfffb6a-e855-49e9-919c-b7de9a5c8920,manual-audit-2023-audit2-20260910T002305Z-356d2a48,,,2023-07-29T00:00:00+00:00,,,,manual_audit,devpolicy_manual_audit,https://sendmoneypacific.org/,manual_audit.2023_import,0.1.0,0.4,AUS,AUD,TON,TOP,200.0,,klickex,KlickEX,KlickEx,corridor_specialist,,KlickEX,Account,Mobile,298.78,5.0,AUD,,1.53,,,,Instant,,,observed,"Manual audit observation, wave 'audit2' (Round 4 ingestion, reports/04-historical.md Task A). Observed via the Send Money Pacific comparison site. amount_sent is a fixed 200 units of the origin currency, confirmed by arithmetic against amount_received/fee/rate across the wave, not assumed from a single row.",e13690f5b7e6794b2adc8a2994f5c0f5f67ef497e871bae2a208b31cad8bcc8b,archive/manual-audit-2023/2026/09/10/e13690f5b7e6794b2adc8a2994f5c0f5f67ef497e871bae2a208b31cad8bcc8b.json.gz,Original audit's own reported Cost_PP: 6.14 (methodology/benchmark undocumented in source -- not this project's NRBT benchmark). original audit benchmark (200 AUD->TOP): 316.82 (undocumented methodology).,,
24910d8f-7a25-419d-9396-539c4402d5fb,manual-audit-2023-audit2-20260910T002305Z-356d2a48,,,2023-07-29T00:00:00+00:00,,,,manual_audit,devpolicy_manual_audit,https://sendmoneypacific.org/,manual_audit.2023_import,0.1.0,0.4,AUS,AUD,TON,TOP,200.0,,moneygram,Moneygram (Cash),MoneyGram,global_mto,,Moneygram (Cash),Account,Cash,300.4,2.99,AUD,,1.52,,,,Less than one hour,,,observed,"Manual audit observation, wave 'audit2' (Round 4 ingestion, reports/04-historical.md Task A). Observed via the Send Money Pacific comparison site. amount_sent is a fixed 200 units of the origin currency, confirmed by arithmetic against amount_received/fee/rate across the wave, not assumed from a single row.",e13690f5b7e6794b2adc8a2994f5c0f5f67ef497e871bae2a208b31cad8bcc8b,archive/manual-audit-2023/2026/09/10/e13690f5b7e6794b2adc8a2994f5c0f5f67ef497e871bae2a208b31cad8bcc8b.json.gz,Original audit's own reported Cost_PP: 5.6 (methodology/benchmark undocumented in source -- not this project's NRBT benchmark). original audit benchmark (200 AUD->TOP): 316.82 (undocumented methodology).,,
0404e135-76a1-4baf-852f-b7a86cb06417,manual-audit-2023-audit2-20260910T002305Z-356d2a48,,,2023-07-29T00:00:00+00:00,,,,manual_audit,devpolicy_manual_audit,https://sendmoneypacific.org/,manual_audit.2023_import,0.1.0,0.4,AUS,AUD,TON,TOP,200.0,,western-union,Western Union (Online),Western Union,global_mto,,Western Union (Online),Cash,Cash,293.77,5.0,AUD,,1.51,,,,Instant,,,observed,"Manual audit observation, wave 'audit2' (Round 4 ingestion, reports/04-historical.md Task A). Observed via the Send Money Pacific comparison site. amount_sent is a fixed 200 units of the origin currency, confirmed by arithmetic against amount_received/fee/rate across the wave, not assumed from a single row.",e13690f5b7e6794b2adc8a2994f5c0f5f67ef497e871bae2a208b31cad8bcc8b,archive/manual-audit-2023/2026/09/10/e13690f5b7e6794b2adc8a2994f5c0f5f67ef497e871bae2a208b31cad8bcc8b.json.gz,Original audit's own reported Cost_PP: 7.75 (methodology/benchmark undocumented in source -- not this project's NRBT benchmark). original audit benchmark (200 AUD->TOP): 316.82 (undocumented methodology).,,
a5c4cabc-9248-4525-9bf0-7f4a174c026d,manual-audit-2023-audit2-20260910T002305Z-356d2a48,,,2023-07-29T00:00:00+00:00,,,,manual_audit,devpolicy_manual_audit,https://sendmoneypacific.org/,manual_audit.2023_import,0.1.0,0.4,AUS,AUD,TON,TOP,200.0,,western-union,Western Union (Cash),Western Union,global_mto,,Western Union (Cash),Online,Mobile,290.68,0.0,AUD,,1.45,,,,Instant,,,observed,"Manual audit observation, wave 'audit2' (Round 4 ingestion, reports/04-historical.md Task A). Observed via the Send Money Pacific comparison site. amount_sent is a fixed 200 units of the origin currency, confirmed by arithmetic against amount_received/fee/rate across the wave, not assumed from a single row.",e13690f5b7e6794b2adc8a2994f5c0f5f67ef497e871bae2a208b31cad8bcc8b,archive/manual-audit-2023/2026/09/10/e13690f5b7e6794b2adc8a2994f5c0f5f67ef497e871bae2a208b31cad8bcc8b.json.gz,Original audit's own reported Cost_PP: 8.59 (methodology/benchmark undocumented in source -- not this project's NRBT benchmark). original audit benchmark (200 AUD->TOP): 316.82 (undocumented methodology).,,
1ecaa8d6-28ef-4060-a1bf-988259279436,manual-audit-2023-audit2-20260910T002305Z-356d2a48,,,2023-07-29T00:00:00+00:00,,,,manual_audit,devpolicy_manual_audit,https://sendmoneypacific.org/,manual_audit.2023_import,0.1.0,0.4,AUS,AUD,TON,TOP,200.0,,nab,NAB,National Australia Bank,bank,,NAB,Online,Account,246.67,30.0,AUD,,1.45,,,,3 days,,,observed,"Manual audit observation, wave 'audit2' (Round 4 ingestion, reports/04-historical.md Task A). Observed via the Send Money Pacific comparison site. amount_sent is a fixed 200 units of the origin currency, confirmed by arithmetic against amount_received/fee/rate across the wave, not assumed from a single row.",e13690f5b7e6794b2adc8a2994f5c0f5f67ef497e871bae2a208b31cad8bcc8b,archive/manual-audit-2023/2026/09/10/e13690f5b7e6794b2adc8a2994f5c0f5f67ef497e871bae2a208b31cad8bcc8b.json.gz,Original audit's own reported Cost_PP: 23.74 (methodology/benchmark undocumented in source -- not this project's NRBT benchmark). original audit benchmark (200 AUD->TOP): 316.82 (undocumented methodology).,,
a13a5e98-1ee9-427c-ab63-b42558fd68c3,manual-audit-2023-audit2-20260910T002305Z-356d2a48,,,2023-07-29T00:00:00+00:00,,,,manual_audit,devpolicy_manual_audit,https://saverpacific.com/,manual_audit.2023_import,0.1.0,0.4,AUS,AUD,TON,TOP,200.0,,ria-money-transfer,Ria,Ria Money Transfer,global_mto,,Ria,Account,Mobile,313.4,2.89,AUD,,1.59,,,,Less than one hour,,,observed,"Manual audit observation, wave 'audit2' (Round 4 ingestion, reports/04-historical.md Task A). Observed via the Saver Pacific comparison site. amount_sent is a fixed 200 units of the origin currency, confirmed by arithmetic against amount_received/fee/rate across the wave, not assumed from a single row.",e13690f5b7e6794b2adc8a2994f5c0f5f67ef497e871bae2a208b31cad8bcc8b,archive/manual-audit-2023/2026/09/10/e13690f5b7e6794b2adc8a2994f5c0f5f67ef497e871bae2a208b31cad8bcc8b.json.gz,Original audit's own reported Cost_PP: 1.08 (methodology/benchmark undocumented in source -- not this project's NRBT benchmark). original audit benchmark (200 AUD->TOP): 316.82 (undocumented methodology).,,
580828bb-fbce-4005-9123-55c66bb7966d,manual-audit-2023-audit2-20260910T002305Z-356d2a48,,,2023-07-29T00:00:00+00:00,,,,manual_audit,devpolicy_manual_audit,https://saverpacific.com/,manual_audit.2023_import,0.1.0,0.4,AUS,AUD,TON,TOP,200.0,,ave-paanga-pau,Ave Paanga Pau,'Ave Pa'anga Pau,corridor_specialist,,Ave Paanga Pau,Prepaid,Account,308.6,0.0,AUD,,1.54,,,,Next day,,,observed,"Manual audit observation, wave 'audit2' (Round 4 ingestion, reports/04-historical.md Task A). Observed via the Saver Pacific comparison site. amount_sent is a fixed 200 units of the origin currency, confirmed by arithmetic against amount_received/fee/rate across the wave, not assumed from a single row.",e13690f5b7e6794b2adc8a2994f5c0f5f67ef497e871bae2a208b31cad8bcc8b,archive/manual-audit-2023/2026/09/10/e13690f5b7e6794b2adc8a2994f5c0f5f67ef497e871bae2a208b31cad8bcc8b.json.gz,Original audit's own reported Cost_PP: 2.59 (methodology/benchmark undocumented in source -- not this project's NRBT benchmark). original audit benchmark (200 AUD->TOP): 316.82 (undocumented methodology).,,
d31af6c9-11aa-4e44-86ff-9185e327cdcc,manual-audit-2023-audit2-20260910T002305Z-356d2a48,,,2023-07-29T00:00:00+00:00,,,,manual_audit,devpolicy_manual_audit,https://saverpacific.com/,manual_audit.2023_import,0.1.0,0.4,AUS,AUD,TON,TOP,200.0,,moneygram,Moneygram (Online),MoneyGram,global_mto,,Moneygram (Online),Account,Mobile,309.1,0.0,AUD,,1.55,,,,Same day,,,observed,"Manual audit observation, wave 'audit2' (Round 4 ingestion, reports/04-historical.md Task A). Observed via the Saver Pacific comparison site. amount_sent is a fixed 200 units of the origin currency, confirmed by arithmetic against amount_received/fee/rate across the wave, not assumed from a single row.",e13690f5b7e6794b2adc8a2994f5c0f5f67ef497e871bae2a208b31cad8bcc8b,archive/manual-audit-2023/2026/09/10/e13690f5b7e6794b2adc8a2994f5c0f5f67ef497e871bae2a208b31cad8bcc8b.json.gz,Original audit's own reported Cost_PP: 2.44 (methodology/benchmark undocumented in source -- not this project's NRBT benchmark). original audit benchmark (200 AUD->TOP): 316.82 (undocumented methodology).,,
251b4a68-e3d7-4035-9a60-812d8b6c75e5,manual-audit-2023-audit2-20260910T002305Z-356d2a48,,,2023-07-29T00:00:00+00:00,,,,manual_audit,devpolicy_manual_audit,https://saverpacific.com/,manual_audit.2023_import,0.1.0,0.4,AUS,AUD,TON,TOP,200.0,,anz-australia,ANZ,ANZ (Australia),bank,,ANZ,Online,Account,303.78,0.0,AUD,,1.52,,,,2 days,,,observed,"Manual audit observation, wave 'audit2' (Round 4 ingestion, reports/04-historical.md Task A). Observed via the Saver Pacific comparison site. amount_sent is a fixed 200 units of the origin currency, confirmed by arithmetic against amount_received/fee/rate across the wave, not assumed from a single row.",e13690f5b7e6794b2adc8a2994f5c0f5f67ef497e871bae2a208b31cad8bcc8b,archive/manual-audit-2023/2026/09/10/e13690f5b7e6794b2adc8a2994f5c0f5f67ef497e871bae2a208b31cad8bcc8b.json.gz,Original audit's own reported Cost_PP: 2.81 (methodology/benchmark undocumented in source -- not this project's NRBT benchmark). original audit benchmark (200 AUD->TOP): 312.56 (undocumented methodology).,,
1d72a96c-4dc7-44d0-a86a-e74034f9fed1,manual-audit-2023-audit2-20260910T002305Z-356d2a48,,,2023-07-29T00:00:00+00:00,,,,manual_audit,devpolicy_manual_audit,https://saverpacific.com/,manual_audit.2023_import,0.1.0,0.4,AUS,AUD,TON,TOP,200.0,,wantok-money,Wantok,WanTok Money,corridor_specialist,,Wantok,Account,Mobile,299.13,5.0,AUD,,1.53,,,,Less than one hour,,,observed,"Manual audit observation, wave 'audit2' (Round 4 ingestion, reports/04-historical.md Task A). Observed via the Saver Pacific comparison site. amount_sent is a fixed 200 units of the origin currency, confirmed by arithmetic against amount_received/fee/rate across the wave, not assumed from a single row.",e13690f5b7e6794b2adc8a2994f5c0f5f67ef497e871bae2a208b31cad8bcc8b,archive/manual-audit-2023/2026/09/10/e13690f5b7e6794b2adc8a2994f5c0f5f67ef497e871bae2a208b31cad8bcc8b.json.gz,Original audit's own reported Cost_PP: 5.58 (methodology/benchmark undocumented in source -- not this project's NRBT benchmark). original audit benchmark (200 AUD->TOP): 316.82 (undocumented methodology).,,
9178cda8-31e4-4773-8799-00cff52fa5b3,manual-audit-2023-audit2-20260910T002305Z-356d2a48,,,2023-07-29T00:00:00+00:00,,,,manual_audit,devpolicy_manual_audit,https://saverpacific.com/,manual_audit.2023_import,0.1.0,0.4,AUS,AUD,TON,TOP,200.0,,moneygram,Moneygram (Cash),MoneyGram,global_mto,,Moneygram (Cash),Account,Cash,300.66,2.99,AUD,,1.53,,,,Less than one hour,,,observed,"Manual audit observation, wave 'audit2' (Round 4 ingestion, reports/04-historical.md Task A). Observed via the Saver Pacific comparison site. amount_sent is a fixed 200 units of the origin currency, confirmed by arithmetic against amount_received/fee/rate across the wave, not assumed from a single row.",e13690f5b7e6794b2adc8a2994f5c0f5f67ef497e871bae2a208b31cad8bcc8b,archive/manual-audit-2023/2026/09/10/e13690f5b7e6794b2adc8a2994f5c0f5f67ef497e871bae2a208b31cad8bcc8b.json.gz,Original audit's own reported Cost_PP: 5.1 (methodology/benchmark undocumented in source -- not this project's NRBT benchmark). original audit benchmark (200 AUD->TOP): 316.82 (undocumented methodology).,,
79388998-ef98-480a-a2a2-efeda379ee9a,manual-audit-2023-audit2-20260910T002305Z-356d2a48,,,2023-07-29T00:00:00+00:00,,,,manual_audit,devpolicy_manual_audit,https://saverpacific.com/,manual_audit.2023_import,0.1.0,0.4,AUS,AUD,TON,TOP,200.0,,western-union,Western Union (Online),Western Union,global_mto,,Western Union (Online),Cash,Cash,294.92,5.0,AUD,,1.51,,,,Instant,,,observed,"Manual audit observation, wave 'audit2' (Round 4 ingestion, reports/04-historical.md Task A). Observed via the Saver Pacific comparison site. amount_sent is a fixed 200 units of the origin currency, confirmed by arithmetic against amount_received/fee/rate across the wave, not assumed from a single row.",e13690f5b7e6794b2adc8a2994f5c0f5f67ef497e871bae2a208b31cad8bcc8b,archive/manual-audit-2023/2026/09/10/e13690f5b7e6794b2adc8a2994f5c0f5f67ef497e871bae2a208b31cad8bcc8b.json.gz,Original audit's own reported Cost_PP: 6.91 (methodology/benchmark undocumented in source -- not this project's NRBT benchmark). original audit benchmark (200 AUD->TOP): 316.82 (undocumented methodology).,,
af5efe54-79dc-4f8e-a708-d74970dbe483,manual-audit-2023-audit2-20260910T002305Z-356d2a48,,,2023-07-29T00:00:00+00:00,,,,manual_audit,devpolicy_manual_audit,https://saverpacific.com/,manual_audit.2023_import,0.1.0,0.4,AUS,AUD,TON,TOP,200.0,,western-union,Western Union (Cash),Western Union,global_mto,,Western Union (Cash),Online,Mobile,294.6,0.0,AUD,,1.47,,,,Instant,,,observed,"Manual audit observation, wave 'audit2' (Round 4 ingestion, reports/04-historical.md Task A). Observed via the Saver Pacific comparison site. amount_sent is a fixed 200 units of the origin currency, confirmed by arithmetic against amount_received/fee/rate across the wave, not assumed from a single row.",e13690f5b7e6794b2adc8a2994f5c0f5f67ef497e871bae2a208b31cad8bcc8b,archive/manual-audit-2023/2026/09/10/e13690f5b7e6794b2adc8a2994f5c0f5f67ef497e871bae2a208b31cad8bcc8b.json.gz,Original audit's own reported Cost_PP: 7.01 (methodology/benchmark undocumented in source -- not this project's NRBT benchmark). original audit benchmark (200 AUD->TOP): 316.82 (undocumented methodology).,,
b243e4c6-993b-449e-9a71-e7b4d4fab032,manual-audit-2023-audit2-20260910T002305Z-356d2a48,,,2023-07-29T00:00:00+00:00,,,,manual_audit,devpolicy_manual_audit,https://saverpacific.com/,manual_audit.2023_import,0.1.0,0.4,AUS,AUD,TON,TOP,200.0,,ofx,OFX,OFX,global_mto,,OFX,Account,Account,262.29,15.0,AUD,,1.42,,,,3 - 5 days,,,observed,"Manual audit observation, wave 'audit2' (Round 4 ingestion, reports/04-historical.md Task A). Observed via the Saver Pacific comparison site. amount_sent is a fixed 200 units of the origin currency, confirmed by arithmetic against amount_received/fee/rate across the wave, not assumed from a single row.",e13690f5b7e6794b2adc8a2994f5c0f5f67ef497e871bae2a208b31cad8bcc8b,archive/manual-audit-2023/2026/09/10/e13690f5b7e6794b2adc8a2994f5c0f5f67ef497e871bae2a208b31cad8bcc8b.json.gz,Original audit's own reported Cost_PP: 16.08 (methodology/benchmark undocumented in source -- not this project's NRBT benchmark). original audit benchmark (200 AUD->TOP): 312.56 (undocumented methodology).,,
4b2c40c5-57e3-46dc-ad1f-8b7d7ef666cc,manual-audit-2023-audit2-20260910T002305Z-356d2a48,,,2023-07-29T00:00:00+00:00,,,,manual_audit,devpolicy_manual_audit,https://sendmoneypacific.org/,manual_audit.2023_import,0.1.0,0.4,NZL,NZD,TON,TOP,200.0,,ave-paanga-pau,Ave Paanga Pau,'Ave Pa'anga Pau,corridor_specialist,,Ave Paanga Pau,Prepaid,Account,280.78,0.0,NZD,,1.4,,,,Less than one hour,,,observed,"Manual audit observation, wave 'audit2' (Round 4 ingestion, reports/04-historical.md Task A). Observed via the Send Money Pacific comparison site. amount_sent is a fixed 200 units of the origin currency, confirmed by arithmetic against amount_received/fee/rate across the wave, not assumed from a single row.",e13690f5b7e6794b2adc8a2994f5c0f5f67ef497e871bae2a208b31cad8bcc8b,archive/manual-audit-2023/2026/09/10/e13690f5b7e6794b2adc8a2994f5c0f5f67ef497e871bae2a208b31cad8bcc8b.json.gz,Original audit's own reported Cost_PP: 3.87 (methodology/benchmark undocumented in source -- not this project's NRBT benchmark). original audit benchmark (200 NZD->TOP): 291.14 (undocumented methodology).,,
2951219e-1fc3-48d1-ae07-b317d8a151fa,manual-audit-2023-audit2-20260910T002305Z-356d2a48,,,2023-07-29T00:00:00+00:00,,,,manual_audit,devpolicy_manual_audit,https://sendmoneypacific.org/,manual_audit.2023_import,0.1.0,0.4,NZL,NZD,TON,TOP,200.0,,anz-new-zealand,ANZ,ANZ (New Zealand),bank,,ANZ,Online,Account,277.64,0.0,NZD,,1.39,,,,2 days,,,observed,"Manual audit observation, wave 'audit2' (Round 4 ingestion, reports/04-historical.md Task A). Observed via the Send Money Pacific comparison site. amount_sent is a fixed 200 units of the origin currency, confirmed by arithmetic against amount_received/fee/rate across the wave, not assumed from a single row.",e13690f5b7e6794b2adc8a2994f5c0f5f67ef497e871bae2a208b31cad8bcc8b,archive/manual-audit-2023/2026/09/10/e13690f5b7e6794b2adc8a2994f5c0f5f67ef497e871bae2a208b31cad8bcc8b.json.gz,Original audit's own reported Cost_PP: 4.94 (methodology/benchmark undocumented in source -- not this project's NRBT benchmark). original audit benchmark (200 NZD->TOP): 291.14 (undocumented methodology).,,
997d787b-d75b-4832-9afd-d8af53bd3888,manual-audit-2023-audit2-20260910T002305Z-356d2a48,,,2023-07-29T00:00:00+00:00,,,,manual_audit,devpolicy_manual_audit,https://sendmoneypacific.org/,manual_audit.2023_import,0.1.0,0.4,NZL,NZD,TON,TOP,200.0,,klickex,KlickEX,KlickEx,corridor_specialist,,KlickEX,Account,Mobile,274.54,5.0,NZD,,1.41,,,,Instant,,,observed,"Manual audit observation, wave 'audit2' (Round 4 ingestion, reports/04-historical.md Task A). Observed via the Send Money Pacific comparison site. amount_sent is a fixed 200 units of the origin currency, confirmed by arithmetic against amount_received/fee/rate across the wave, not assumed from a single row.",e13690f5b7e6794b2adc8a2994f5c0f5f67ef497e871bae2a208b31cad8bcc8b,archive/manual-audit-2023/2026/09/10/e13690f5b7e6794b2adc8a2994f5c0f5f67ef497e871bae2a208b31cad8bcc8b.json.gz,Original audit's own reported Cost_PP: 6.09 (methodology/benchmark undocumented in source -- not this project's NRBT benchmark). original audit benchmark (200 NZD->TOP): 291.14 (undocumented methodology).,,
e4d3f12b-4ffe-4708-8645-2f6f27e11167,manual-audit-2023-audit2-20260910T002305Z-356d2a48,,,2023-07-29T00:00:00+00:00,,,,manual_audit,devpolicy_manual_audit,https://sendmoneypacific.org/,manual_audit.2023_import,0.1.0,0.4,NZL,NZD,TON,TOP,200.0,,wantok-money,Wantok,WanTok Money,corridor_specialist,,Wantok,Account,Mobile,274.54,5.0,NZD,,1.41,,,,Instant,,,observed,"Manual audit observation, wave 'audit2' (Round 4 ingestion, reports/04-historical.md Task A). Observed via the Send Money Pacific comparison site. amount_sent is a fixed 200 units of the origin currency, confirmed by arithmetic against amount_received/fee/rate across the wave, not assumed from a single row.",e13690f5b7e6794b2adc8a2994f5c0f5f67ef497e871bae2a208b31cad8bcc8b,archive/manual-audit-2023/2026/09/10/e13690f5b7e6794b2adc8a2994f5c0f5f67ef497e871bae2a208b31cad8bcc8b.json.gz,Original audit's own reported Cost_PP: 6.09 (methodology/benchmark undocumented in source -- not this project's NRBT benchmark). original audit benchmark (200 NZD->TOP): 291.14 (undocumented methodology).,,
8aae450e-96ff-45c3-b9e4-c392e7f7b5d4,manual-audit-2023-audit2-20260910T002305Z-356d2a48,,,2023-07-29T00:00:00+00:00,,,,manual_audit,devpolicy_manual_audit,https://sendmoneypacific.org/,manual_audit.2023_import,0.1.0,0.4,NZL,NZD,TON,TOP,200.0,,moneygram,Moneygram (Cash),MoneyGram,global_mto,,Moneygram (Cash),Account,Cash,274.46,4.0,NZD,,1.4,,,,Less than one hour,,,observed,"Manual audit observation, wave 'audit2' (Round 4 ingestion, reports/04-historical.md Task A). Observed via the Send Money Pacific comparison site. amount_sent is a fixed 200 units of the origin currency, confirmed by arithmetic against amount_received/fee/rate across the wave, not assumed from a single row.",e13690f5b7e6794b2adc8a2994f5c0f5f67ef497e871bae2a208b31cad8bcc8b,archive/manual-audit-2023/2026/09/10/e13690f5b7e6794b2adc8a2994f5c0f5f67ef497e871bae2a208b31cad8bcc8b.json.gz,Original audit's own reported Cost_PP: 6.11 (methodology/benchmark undocumented in source -- not this project's NRBT benchmark). original audit benchmark (200 NZD->TOP): 291.14 (undocumented methodology).,,
7e7eecc7-9e5c-467f-ad26-08933ca4136f,manual-audit-2023-audit2-20260910T002305Z-356d2a48,,,2023-07-29T00:00:00+00:00,,,,manual_audit,devpolicy_manual_audit,https://sendmoneypacific.org/,manual_audit.2023_import,0.1.0,0.4,NZL,NZD,TON,TOP,200.0,,moneygram,Moneygram (Online),MoneyGram,global_mto,,Moneygram (Online),Account,Mobile,263.37,4.0,NZD,,1.34,,,,Less than one hour,,,observed,"Manual audit observation, wave 'audit2' (Round 4 ingestion, reports/04-historical.md Task A). Observed via the Send Money Pacific comparison site. amount_sent is a fixed 200 units of the origin currency, confirmed by arithmetic against amount_received/fee/rate across the wave, not assumed from a single row.",e13690f5b7e6794b2adc8a2994f5c0f5f67ef497e871bae2a208b31cad8bcc8b,archive/manual-audit-2023/2026/09/10/e13690f5b7e6794b2adc8a2994f5c0f5f67ef497e871bae2a208b31cad8bcc8b.json.gz,Original audit's own reported Cost_PP: 9.99 (methodology/benchmark undocumented in source -- not this project's NRBT benchmark). original audit benchmark (200 NZD->TOP): 291.14 (undocumented methodology).,,
7c2599d9-0d71-43c1-aeba-d553decb2788,manual-audit-2023-audit2-20260910T002305Z-356d2a48,,,2023-07-29T00:00:00+00:00,,,,manual_audit,devpolicy_manual_audit,https://sendmoneypacific.org/,manual_audit.2023_import,0.1.0,0.4,NZL,NZD,TON,TOP,200.0,,western-union,Western Union (Online),Western Union,global_mto,,Western Union (Online),Online,Mobile,269.34,0.0,NZD,,1.35,,,,Less than one hour,,,observed,"Manual audit observation, wave 'audit2' (Round 4 ingestion, reports/04-historical.md Task A). Observed via the Send Money Pacific comparison site. amount_sent is a fixed 200 units of the origin currency, confirmed by arithmetic against amount_received/fee/rate across the wave, not assumed from a single row.",e13690f5b7e6794b2adc8a2994f5c0f5f67ef497e871bae2a208b31cad8bcc8b,archive/manual-audit-2023/2026/09/10/e13690f5b7e6794b2adc8a2994f5c0f5f67ef497e871bae2a208b31cad8bcc8b.json.gz,Original audit's own reported Cost_PP: 7.78 (methodology/benchmark undocumented in source -- not this project's NRBT benchmark). original audit benchmark (200 NZD->TOP): 291.14 (undocumented methodology).,,
956b10f4-bfd3-433f-8b33-84899b8507c9,manual-audit-2023-audit2-20260910T002305Z-356d2a48,,,2023-07-29T00:00:00+00:00,,,,manual_audit,devpolicy_manual_audit,https://sendmoneypacific.org/,manual_audit.2023_import,0.1.0,0.4,NZL,NZD,TON,TOP,200.0,,western-union,Western Union (Cash),Western Union,global_mto,,Western Union (Cash),Online,Cash,268.94,0.0,NZD,,1.34,,,,Same day,,,observed,"Manual audit observation, wave 'audit2' (Round 4 ingestion, reports/04-historical.md Task A). Observed via the Send Money Pacific comparison site. amount_sent is a fixed 200 units of the origin currency, confirmed by arithmetic against amount_received/fee/rate across the wave, not assumed from a single row.",e13690f5b7e6794b2adc8a2994f5c0f5f67ef497e871bae2a208b31cad8bcc8b,archive/manual-audit-2023/2026/09/10/e13690f5b7e6794b2adc8a2994f5c0f5f67ef497e871bae2a208b31cad8bcc8b.json.gz,Original audit's own reported Cost_PP: 7.92 (methodology/benchmark undocumented in source -- not this project's NRBT benchmark). original audit benchmark (200 NZD->TOP): 291.14 (undocumented methodology).,,
a21481cd-dc47-466a-8270-6912b09e70b4,manual-audit-2023-audit2-20260910T002305Z-356d2a48,,,2023-07-29T00:00:00+00:00,,,,manual_audit,devpolicy_manual_audit,https://sendmoneypacific.org/,manual_audit.2023_import,0.1.0,0.4,NZL,NZD,TON,TOP,200.0,,asb,ASB,ASB,bank,,ASB,Account,Account,232.17,30.0,NZD,,1.37,,,,2 days,,,observed,"Manual audit observation, wave 'audit2' (Round 4 ingestion, reports/04-historical.md Task A). Observed via the Send Money Pacific comparison site. amount_sent is a fixed 200 units of the origin currency, confirmed by arithmetic against amount_received/fee/rate across the wave, not assumed from a single row.",e13690f5b7e6794b2adc8a2994f5c0f5f67ef497e871bae2a208b31cad8bcc8b,archive/manual-audit-2023/2026/09/10/e13690f5b7e6794b2adc8a2994f5c0f5f67ef497e871bae2a208b31cad8bcc8b.json.gz,Original audit's own reported Cost_PP: 21.48 (methodology/benchmark undocumented in source -- not this project's NRBT benchmark). original audit benchmark (200 NZD->TOP): 291.14 (undocumented methodology).,,
15711bb8-a4e8-4099-a093-d16a481bf538,manual-audit-2023-audit2-20260910T002305Z-356d2a48,,,2023-07-29T00:00:00+00:00,,,,manual_audit,devpolicy_manual_audit,https://saverpacific.com/,manual_audit.2023_import,0.1.0,0.4,NZL,NZD,TON,TOP,200.0,,ave-paanga-pau,Ave Paanga Pau,'Ave Pa'anga Pau,corridor_specialist,,Ave Paanga Pau,Prepaid,Account,280.4,0.0,NZD,,1.4,,,,Less than one hour,,,observed,"Manual audit observation, wave 'audit2' (Round 4 ingestion, reports/04-historical.md Task A). Observed via the Saver Pacific comparison site. amount_sent is a fixed 200 units of the origin currency, confirmed by arithmetic against amount_received/fee/rate across the wave, not assumed from a single row.",e13690f5b7e6794b2adc8a2994f5c0f5f67ef497e871bae2a208b31cad8bcc8b,archive/manual-audit-2023/2026/09/10/e13690f5b7e6794b2adc8a2994f5c0f5f67ef497e871bae2a208b31cad8bcc8b.json.gz,Original audit's own reported Cost_PP: 3.69 (methodology/benchmark undocumented in source -- not this project's NRBT benchmark). original audit benchmark (200 NZD->TOP): 291.14 (undocumented methodology).,,
402afa08-cb46-4196-8f59-0cafe9c8f75f,manual-audit-2023-audit2-20260910T002305Z-356d2a48,,,2023-07-29T00:00:00+00:00,,,,manual_audit,devpolicy_manual_audit,https://saverpacific.com/,manual_audit.2023_import,0.1.0,0.4,NZL,NZD,TON,TOP,200.0,,imex,iMEX,IMEX Money Transfer,corridor_specialist,,iMEX,Account,Account/Cash/Mobile,280.0,0.0,NZD,,1.4,,,,Less than one hour,,,observed,"Manual audit observation, wave 'audit2' (Round 4 ingestion, reports/04-historical.md Task A). Observed via the Saver Pacific comparison site. amount_sent is a fixed 200 units of the origin currency, confirmed by arithmetic against amount_received/fee/rate across the wave, not assumed from a single row.",e13690f5b7e6794b2adc8a2994f5c0f5f67ef497e871bae2a208b31cad8bcc8b,archive/manual-audit-2023/2026/09/10/e13690f5b7e6794b2adc8a2994f5c0f5f67ef497e871bae2a208b31cad8bcc8b.json.gz,Original audit's own reported Cost_PP: 3.83 (methodology/benchmark undocumented in source -- not this project's NRBT benchmark). original audit benchmark (200 NZD->TOP): 291.14 (undocumented methodology).,,
da0eac6c-7357-4af9-a2aa-3ba51375f4d4,manual-audit-2023-audit2-20260910T002305Z-356d2a48,,,2023-07-29T00:00:00+00:00,,,,manual_audit,devpolicy_manual_audit,https://saverpacific.com/,manual_audit.2023_import,0.1.0,0.4,NZL,NZD,TON,TOP,200.0,,wantok-money,Wantok,WanTok Money,corridor_specialist,,Wantok,Account,Mobile,273.12,5.0,NZD,,1.4,,,,Less than one hour,,,observed,"Manual audit observation, wave 'audit2' (Round 4 ingestion, reports/04-historical.md Task A). Observed via the Saver Pacific comparison site. amount_sent is a fixed 200 units of the origin currency, confirmed by arithmetic against amount_received/fee/rate across the wave, not assumed from a single row.",e13690f5b7e6794b2adc8a2994f5c0f5f67ef497e871bae2a208b31cad8bcc8b,archive/manual-audit-2023/2026/09/10/e13690f5b7e6794b2adc8a2994f5c0f5f67ef497e871bae2a208b31cad8bcc8b.json.gz,Original audit's own reported Cost_PP: 6.19 (methodology/benchmark undocumented in source -- not this project's NRBT benchmark). original audit benchmark (200 NZD->TOP): 291.14 (undocumented methodology).,,
63e16e95-6921-431e-972b-a83871d7844b,manual-audit-2023-audit2-20260910T002305Z-356d2a48,,,2023-07-29T00:00:00+00:00,,,,manual_audit,devpolicy_manual_audit,https://saverpacific.com/,manual_audit.2023_import,0.1.0,0.4,NZL,NZD,TON,TOP,200.0,,moneygram,Moneygram (Cash),MoneyGram,global_mto,,Moneygram (Cash),Account,Cash,275.16,4.0,NZD,,1.4,,,,Less than one hour,,,observed,"Manual audit observation, wave 'audit2' (Round 4 ingestion, reports/04-historical.md Task A). Observed via the Saver Pacific comparison site. amount_sent is a fixed 200 units of the origin currency, confirmed by arithmetic against amount_received/fee/rate across the wave, not assumed from a single row.",e13690f5b7e6794b2adc8a2994f5c0f5f67ef497e871bae2a208b31cad8bcc8b,archive/manual-audit-2023/2026/09/10/e13690f5b7e6794b2adc8a2994f5c0f5f67ef497e871bae2a208b31cad8bcc8b.json.gz,Original audit's own reported Cost_PP: 5.49 (methodology/benchmark undocumented in source -- not this project's NRBT benchmark). original audit benchmark (200 NZD->TOP): 291.14 (undocumented methodology).,,
603bb846-a5f9-472d-b8ec-b71cdc8ca879,manual-audit-2023-audit2-20260910T002305Z-356d2a48,,,2023-07-29T00:00:00+00:00,,,,manual_audit,devpolicy_manual_audit,https://saverpacific.com/,manual_audit.2023_import,0.1.0,0.4,NZL,NZD,TON,TOP,200.0,,anz-new-zealand,ANZ,ANZ (New Zealand),bank,,ANZ,Account,Account,274.36,0.0,NZD,,1.37,,,,Next day,,,observed,"Manual audit observation, wave 'audit2' (Round 4 ingestion, reports/04-historical.md Task A). Observed via the Saver Pacific comparison site. amount_sent is a fixed 200 units of the origin currency, confirmed by arithmetic against amount_received/fee/rate across the wave, not assumed from a single row.",e13690f5b7e6794b2adc8a2994f5c0f5f67ef497e871bae2a208b31cad8bcc8b,archive/manual-audit-2023/2026/09/10/e13690f5b7e6794b2adc8a2994f5c0f5f67ef497e871bae2a208b31cad8bcc8b.json.gz,Original audit's own reported Cost_PP: 5.76 (methodology/benchmark undocumented in source -- not this project's NRBT benchmark). original audit benchmark (200 NZD->TOP): 291.14 (undocumented methodology).,,
67c181f0-02ac-4dcd-ad2d-a7253ac3bb91,manual-audit-2023-audit2-20260910T002305Z-356d2a48,,,2023-07-29T00:00:00+00:00,,,,manual_audit,devpolicy_manual_audit,https://saverpacific.com/,manual_audit.2023_import,0.1.0,0.4,NZL,NZD,TON,TOP,200.0,,moneygram,Moneygram (Online),MoneyGram,global_mto,,Moneygram (Online),Account,Mobile,264.03,4.0,NZD,,1.35,,,,Same day,,,observed,"Manual audit observation, wave 'audit2' (Round 4 ingestion, reports/04-historical.md Task A). Observed via the Saver Pacific comparison site. amount_sent is a fixed 200 units of the origin currency, confirmed by arithmetic against amount_received/fee/rate across the wave, not assumed from a single row.",e13690f5b7e6794b2adc8a2994f5c0f5f67ef497e871bae2a208b31cad8bcc8b,archive/manual-audit-2023/2026/09/10/e13690f5b7e6794b2adc8a2994f5c0f5f67ef497e871bae2a208b31cad8bcc8b.json.gz,Original audit's own reported Cost_PP: 9.31 (methodology/benchmark undocumented in source -- not this project's NRBT benchmark). original audit benchmark (200 NZD->TOP): 291.14 (undocumented methodology).,,
9b57c7c5-0616-4cfa-8aa1-0304bb792df6,manual-audit-2023-audit2-20260910T002305Z-356d2a48,,,2023-07-29T00:00:00+00:00,,,,manual_audit,devpolicy_manual_audit,https://saverpacific.com/,manual_audit.2023_import,0.1.0,0.4,NZL,NZD,TON,TOP,200.0,,western-union,Western Union (Online),Western Union,global_mto,,Western Union (Online),Account,Mobile,269.68,0.0,NZD,,1.35,,,,Less than one hour,,,observed,"Manual audit observation, wave 'audit2' (Round 4 ingestion, reports/04-historical.md Task A). Observed via the Saver Pacific comparison site. amount_sent is a fixed 200 units of the origin currency, confirmed by arithmetic against amount_received/fee/rate across the wave, not assumed from a single row.",e13690f5b7e6794b2adc8a2994f5c0f5f67ef497e871bae2a208b31cad8bcc8b,archive/manual-audit-2023/2026/09/10/e13690f5b7e6794b2adc8a2994f5c0f5f67ef497e871bae2a208b31cad8bcc8b.json.gz,Original audit's own reported Cost_PP: 7.37 (methodology/benchmark undocumented in source -- not this project's NRBT benchmark). original audit benchmark (200 NZD->TOP): 291.14 (undocumented methodology).,,
7a99f3fa-9cf4-4ca2-a856-2a154783d045,manual-audit-2023-audit2-20260910T002305Z-356d2a48,,,2023-07-29T00:00:00+00:00,,,,manual_audit,devpolicy_manual_audit,https://saverpacific.com/,manual_audit.2023_import,0.1.0,0.4,NZL,NZD,TON,TOP,200.0,,western-union,Western Union (Cash),Western Union,global_mto,,Western Union (Cash),Account,Cash,269.28,0.0,NZD,,1.35,,,,Less than one hour,,,observed,"Manual audit observation, wave 'audit2' (Round 4 ingestion, reports/04-historical.md Task A). Observed via the Saver Pacific comparison site. amount_sent is a fixed 200 units of the origin currency, confirmed by arithmetic against amount_received/fee/rate across the wave, not assumed from a single row.",e13690f5b7e6794b2adc8a2994f5c0f5f67ef497e871bae2a208b31cad8bcc8b,archive/manual-audit-2023/2026/09/10/e13690f5b7e6794b2adc8a2994f5c0f5f67ef497e871bae2a208b31cad8bcc8b.json.gz,Original audit's own reported Cost_PP: 7.51 (methodology/benchmark undocumented in source -- not this project's NRBT benchmark). original audit benchmark (200 NZD->TOP): 291.14 (undocumented methodology).,,
befacf41-85e8-4b5c-b7b9-3220c935fbb1,manual-audit-2023-audit2-20260910T002305Z-356d2a48,,,2023-07-29T00:00:00+00:00,,,,manual_audit,devpolicy_manual_audit,https://saverpacific.com/,manual_audit.2023_import,0.1.0,0.4,NZL,NZD,TON,TOP,200.0,,kiwibank,Kiwi Bank,Kiwibank,bank,,Kiwi Bank,Account,Account,245.99,20.0,NZD,,1.37,,,,3 - 5 days,,,observed,"Manual audit observation, wave 'audit2' (Round 4 ingestion, reports/04-historical.md Task A). Observed via the Saver Pacific comparison site. amount_sent is a fixed 200 units of the origin currency, confirmed by arithmetic against amount_received/fee/rate across the wave, not assumed from a single row.",e13690f5b7e6794b2adc8a2994f5c0f5f67ef497e871bae2a208b31cad8bcc8b,archive/manual-audit-2023/2026/09/10/e13690f5b7e6794b2adc8a2994f5c0f5f67ef497e871bae2a208b31cad8bcc8b.json.gz,Original audit's own reported Cost_PP: 15.51 (methodology/benchmark undocumented in source -- not this project's NRBT benchmark). original audit benchmark (200 NZD->TOP): 291.14 (undocumented methodology).,,
9ef5bedf-25a0-428c-98a2-515918ca3162,manual-audit-2023-audit2-20260910T002305Z-356d2a48,,,2023-07-30T00:00:00+00:00,,,,manual_audit,devpolicy_manual_audit,https://sendmoneypacific.org/,manual_audit.2023_import,0.1.0,0.4,AUS,AUD,TON,TOP,200.0,,ria-money-transfer,Ria,Ria Money Transfer,global_mto,,Ria,Account,Mobile,311.43,2.89,AUD,,1.58,,,,Less than one hour,,,observed,"Manual audit observation, wave 'audit2' (Round 4 ingestion, reports/04-historical.md Task A). Observed via the Send Money Pacific comparison site. amount_sent is a fixed 200 units of the origin currency, confirmed by arithmetic against amount_received/fee/rate across the wave, not assumed from a single row.",e13690f5b7e6794b2adc8a2994f5c0f5f67ef497e871bae2a208b31cad8bcc8b,archive/manual-audit-2023/2026/09/10/e13690f5b7e6794b2adc8a2994f5c0f5f67ef497e871bae2a208b31cad8bcc8b.json.gz,Original audit's own reported Cost_PP: 2.07 (methodology/benchmark undocumented in source -- not this project's NRBT benchmark). original audit benchmark (200 AUD->TOP): 316.82 (undocumented methodology).,,
65f60a16-9418-4f16-852e-6d1fea667b0b,manual-audit-2023-audit2-20260910T002305Z-356d2a48,,,2023-07-30T00:00:00+00:00,,,,manual_audit,devpolicy_manual_audit,https://sendmoneypacific.org/,manual_audit.2023_import,0.1.0,0.4,AUS,AUD,TON,TOP,200.0,,moneygram,Moneygram (Online),MoneyGram,global_mto,,Moneygram (Online),Account,Mobile,308.98,0.0,AUD,,1.54,,,,Next day,,,observed,"Manual audit observation, wave 'audit2' (Round 4 ingestion, reports/04-historical.md Task A). Observed via the Send Money Pacific comparison site. amount_sent is a fixed 200 units of the origin currency, confirmed by arithmetic against amount_received/fee/rate across the wave, not assumed from a single row.",e13690f5b7e6794b2adc8a2994f5c0f5f67ef497e871bae2a208b31cad8bcc8b,archive/manual-audit-2023/2026/09/10/e13690f5b7e6794b2adc8a2994f5c0f5f67ef497e871bae2a208b31cad8bcc8b.json.gz,Original audit's own reported Cost_PP: 2.84 (methodology/benchmark undocumented in source -- not this project's NRBT benchmark). original audit benchmark (200 AUD->TOP): 316.82 (undocumented methodology).,,
5e00ef8a-85b4-4961-b45e-0e532ba7f5d7,manual-audit-2023-audit2-20260910T002305Z-356d2a48,,,2023-07-30T00:00:00+00:00,,,,manual_audit,devpolicy_manual_audit,https://sendmoneypacific.org/,manual_audit.2023_import,0.1.0,0.4,AUS,AUD,TON,TOP,200.0,,ave-paanga-pau,Ave Paanga Pau,'Ave Pa'anga Pau,corridor_specialist,,Ave Paanga Pau,Prepaid,Account,307.26,0.0,AUD,,1.54,,,,Less than one hour,,,observed,"Manual audit observation, wave 'audit2' (Round 4 ingestion, reports/04-historical.md Task A). Observed via the Send Money Pacific comparison site. amount_sent is a fixed 200 units of the origin currency, confirmed by arithmetic against amount_received/fee/rate across the wave, not assumed from a single row.",e13690f5b7e6794b2adc8a2994f5c0f5f67ef497e871bae2a208b31cad8bcc8b,archive/manual-audit-2023/2026/09/10/e13690f5b7e6794b2adc8a2994f5c0f5f67ef497e871bae2a208b31cad8bcc8b.json.gz,Original audit's own reported Cost_PP: 3.38 (methodology/benchmark undocumented in source -- not this project's NRBT benchmark). original audit benchmark (200 AUD->TOP): 316.82 (undocumented methodology).,,
db78249a-266a-4664-84a8-70ba9e51fc7a,manual-audit-2023-audit2-20260910T002305Z-356d2a48,,,2023-07-30T00:00:00+00:00,,,,manual_audit,devpolicy_manual_audit,https://sendmoneypacific.org/,manual_audit.2023_import,0.1.0,0.4,AUS,AUD,TON,TOP,200.0,,anz-australia,ANZ,ANZ (Australia),bank,,ANZ,Online,Account,306.86,0.0,AUD,,1.53,,,,2 days,,,observed,"Manual audit observation, wave 'audit2' (Round 4 ingestion, reports/04-historical.md Task A). Observed via the Send Money Pacific comparison site. amount_sent is a fixed 200 units of the origin currency, confirmed by arithmetic against amount_received/fee/rate across the wave, not assumed from a single row.",e13690f5b7e6794b2adc8a2994f5c0f5f67ef497e871bae2a208b31cad8bcc8b,archive/manual-audit-2023/2026/09/10/e13690f5b7e6794b2adc8a2994f5c0f5f67ef497e871bae2a208b31cad8bcc8b.json.gz,Original audit's own reported Cost_PP: 3.5 (methodology/benchmark undocumented in source -- not this project's NRBT benchmark). original audit benchmark (200 AUD->TOP): 316.82 (undocumented methodology).,,
63adc0ef-be2b-4b00-a535-699b1b409eb3,manual-audit-2023-audit2-20260910T002305Z-356d2a48,,,2023-07-30T00:00:00+00:00,,,,manual_audit,devpolicy_manual_audit,https://sendmoneypacific.org/,manual_audit.2023_import,0.1.0,0.4,AUS,AUD,TON,TOP,200.0,,klickex,KlickEX,KlickEx,corridor_specialist,,KlickEX,Account,Mobile,298.78,5.0,AUD,,1.53,,,,Instant,,,observed,"Manual audit observation, wave 'audit2' (Round 4 ingestion, reports/04-historical.md Task A). Observed via the Send Money Pacific comparison site. amount_sent is a fixed 200 units of the origin currency, confirmed by arithmetic against amount_received/fee/rate across the wave, not assumed from a single row.",e13690f5b7e6794b2adc8a2994f5c0f5f67ef497e871bae2a208b31cad8bcc8b,archive/manual-audit-2023/2026/09/10/e13690f5b7e6794b2adc8a2994f5c0f5f67ef497e871bae2a208b31cad8bcc8b.json.gz,Original audit's own reported Cost_PP: 6.14 (methodology/benchmark undocumented in source -- not this project's NRBT benchmark). original audit benchmark (200 AUD->TOP): 316.82 (undocumented methodology).,,
6b89221b-6d50-4b43-9cd1-31e0d9b82465,manual-audit-2023-audit2-20260910T002305Z-356d2a48,,,2023-07-30T00:00:00+00:00,,,,manual_audit,devpolicy_manual_audit,https://sendmoneypacific.org/,manual_audit.2023_import,0.1.0,0.4,AUS,AUD,TON,TOP,200.0,,moneygram,Moneygram (Cash),MoneyGram,global_mto,,Moneygram (Cash),Account,Cash,300.4,2.99,AUD,,1.52,,,,Less than one hour,,,observed,"Manual audit observation, wave 'audit2' (Round 4 ingestion, reports/04-historical.md Task A). Observed via the Send Money Pacific comparison site. amount_sent is a fixed 200 units of the origin currency, confirmed by arithmetic against amount_received/fee/rate across the wave, not assumed from a single row.",e13690f5b7e6794b2adc8a2994f5c0f5f67ef497e871bae2a208b31cad8bcc8b,archive/manual-audit-2023/2026/09/10/e13690f5b7e6794b2adc8a2994f5c0f5f67ef497e871bae2a208b31cad8bcc8b.json.gz,Original audit's own reported Cost_PP: 5.6 (methodology/benchmark undocumented in source -- not this project's NRBT benchmark). original audit benchmark (200 AUD->TOP): 316.82 (undocumented methodology).,,
8d22cb36-64d0-4efc-a4d4-42e1b849597f,manual-audit-2023-audit2-20260910T002305Z-356d2a48,,,2023-07-30T00:00:00+00:00,,,,manual_audit,devpolicy_manual_audit,https://sendmoneypacific.org/,manual_audit.2023_import,0.1.0,0.4,AUS,AUD,TON,TOP,200.0,,western-union,Western Union (Online),Western Union,global_mto,,Western Union (Online),Cash,Cash,293.77,5.0,AUD,,1.51,,,,Instant,,,observed,"Manual audit observation, wave 'audit2' (Round 4 ingestion, reports/04-historical.md Task A). Observed via the Send Money Pacific comparison site. amount_sent is a fixed 200 units of the origin currency, confirmed by arithmetic against amount_received/fee/rate across the wave, not assumed from a single row.",e13690f5b7e6794b2adc8a2994f5c0f5f67ef497e871bae2a208b31cad8bcc8b,archive/manual-audit-2023/2026/09/10/e13690f5b7e6794b2adc8a2994f5c0f5f67ef497e871bae2a208b31cad8bcc8b.json.gz,Original audit's own reported Cost_PP: 7.75 (methodology/benchmark undocumented in source -- not this project's NRBT benchmark). original audit benchmark (200 AUD->TOP): 316.82 (undocumented methodology).,,
84693d0c-a551-4f31-b2e2-2aaac640e3c2,manual-audit-2023-audit2-20260910T002305Z-356d2a48,,,2023-07-30T00:00:00+00:00,,,,manual_audit,devpolicy_manual_audit,https://sendmoneypacific.org/,manual_audit.2023_import,0.1.0,0.4,AUS,AUD,TON,TOP,200.0,,western-union,Western Union (Cash),Western Union,global_mto,,Western Union (Cash),Online,Mobile,290.68,0.0,AUD,,1.45,,,,Instant,,,observed,"Manual audit observation, wave 'audit2' (Round 4 ingestion, reports/04-historical.md Task A). Observed via the Send Money Pacific comparison site. amount_sent is a fixed 200 units of the origin currency, confirmed by arithmetic against amount_received/fee/rate across the wave, not assumed from a single row.",e13690f5b7e6794b2adc8a2994f5c0f5f67ef497e871bae2a208b31cad8bcc8b,archive/manual-audit-2023/2026/09/10/e13690f5b7e6794b2adc8a2994f5c0f5f67ef497e871bae2a208b31cad8bcc8b.json.gz,Original audit's own reported Cost_PP: 8.59 (methodology/benchmark undocumented in source -- not this project's NRBT benchmark). original audit benchmark (200 AUD->TOP): 316.82 (undocumented methodology).,,
17be31b5-0a04-48dd-aa0c-ad17964a4847,manual-audit-2023-audit2-20260910T002305Z-356d2a48,,,2023-07-30T00:00:00+00:00,,,,manual_audit,devpolicy_manual_audit,https://sendmoneypacific.org/,manual_audit.2023_import,0.1.0,0.4,AUS,AUD,TON,TOP,200.0,,nab,NAB,National Australia Bank,bank,,NAB,Online,Account,246.67,30.0,AUD,,1.45,,,,3 days,,,observed,"Manual audit observation, wave 'audit2' (Round 4 ingestion, reports/04-historical.md Task A). Observed via the Send Money Pacific comparison site. amount_sent is a fixed 200 units of the origin currency, confirmed by arithmetic against amount_received/fee/rate across the wave, not assumed from a single row.",e13690f5b7e6794b2adc8a2994f5c0f5f67ef497e871bae2a208b31cad8bcc8b,archive/manual-audit-2023/2026/09/10/e13690f5b7e6794b2adc8a2994f5c0f5f67ef497e871bae2a208b31cad8bcc8b.json.gz,Original audit's own reported Cost_PP: 23.74 (methodology/benchmark undocumented in source -- not this project's NRBT benchmark). original audit benchmark (200 AUD->TOP): 316.82 (undocumented methodology).,,
e464adba-ae2d-4ca3-9d2d-2ce73558e2f5,manual-audit-2023-audit2-20260910T002305Z-356d2a48,,,2023-07-30T00:00:00+00:00,,,,manual_audit,devpolicy_manual_audit,https://saverpacific.com/,manual_audit.2023_import,0.1.0,0.4,AUS,AUD,TON,TOP,200.0,,ria-money-transfer,Ria,Ria Money Transfer,global_mto,,Ria,Account,Mobile,313.4,2.89,AUD,,1.59,,,,Less than one hour,,,observed,"Manual audit observation, wave 'audit2' (Round 4 ingestion, reports/04-historical.md Task A). Observed via the Saver Pacific comparison site. amount_sent is a fixed 200 units of the origin currency, confirmed by arithmetic against amount_received/fee/rate across the wave, not assumed from a single row.",e13690f5b7e6794b2adc8a2994f5c0f5f67ef497e871bae2a208b31cad8bcc8b,archive/manual-audit-2023/2026/09/10/e13690f5b7e6794b2adc8a2994f5c0f5f67ef497e871bae2a208b31cad8bcc8b.json.gz,Original audit's own reported Cost_PP: 1.08 (methodology/benchmark undocumented in source -- not this project's NRBT benchmark). original audit benchmark (200 AUD->TOP): 316.82 (undocumented methodology).,,
9c9eef6c-1a51-4774-8d88-ec52bc47fe16,manual-audit-2023-audit2-20260910T002305Z-356d2a48,,,2023-07-30T00:00:00+00:00,,,,manual_audit,devpolicy_manual_audit,https://saverpacific.com/,manual_audit.2023_import,0.1.0,0.4,AUS,AUD,TON,TOP,200.0,,ave-paanga-pau,Ave Paanga Pau,'Ave Pa'anga Pau,corridor_specialist,,Ave Paanga Pau,Prepaid,Account,308.6,0.0,AUD,,1.54,,,,Next day,,,observed,"Manual audit observation, wave 'audit2' (Round 4 ingestion, reports/04-historical.md Task A). Observed via the Saver Pacific comparison site. amount_sent is a fixed 200 units of the origin currency, confirmed by arithmetic against amount_received/fee/rate across the wave, not assumed from a single row.",e13690f5b7e6794b2adc8a2994f5c0f5f67ef497e871bae2a208b31cad8bcc8b,archive/manual-audit-2023/2026/09/10/e13690f5b7e6794b2adc8a2994f5c0f5f67ef497e871bae2a208b31cad8bcc8b.json.gz,Original audit's own reported Cost_PP: 2.59 (methodology/benchmark undocumented in source -- not this project's NRBT benchmark). original audit benchmark (200 AUD->TOP): 316.82 (undocumented methodology).,,
bac69a90-3be7-4eec-b8f5-d7f491cf6294,manual-audit-2023-audit2-20260910T002305Z-356d2a48,,,2023-07-30T00:00:00+00:00,,,,manual_audit,devpolicy_manual_audit,https://saverpacific.com/,manual_audit.2023_import,0.1.0,0.4,AUS,AUD,TON,TOP,200.0,,moneygram,Moneygram (Online),MoneyGram,global_mto,,Moneygram (Online),Account,Mobile,309.1,0.0,AUD,,1.55,,,,Same day,,,observed,"Manual audit observation, wave 'audit2' (Round 4 ingestion, reports/04-historical.md Task A). Observed via the Saver Pacific comparison site. amount_sent is a fixed 200 units of the origin currency, confirmed by arithmetic against amount_received/fee/rate across the wave, not assumed from a single row.",e13690f5b7e6794b2adc8a2994f5c0f5f67ef497e871bae2a208b31cad8bcc8b,archive/manual-audit-2023/2026/09/10/e13690f5b7e6794b2adc8a2994f5c0f5f67ef497e871bae2a208b31cad8bcc8b.json.gz,Original audit's own reported Cost_PP: 2.44 (methodology/benchmark undocumented in source -- not this project's NRBT benchmark). original audit benchmark (200 AUD->TOP): 316.82 (undocumented methodology).,,
6b8e027c-59ba-4b82-a53e-513c57efa928,manual-audit-2023-audit2-20260910T002305Z-356d2a48,,,2023-07-30T00:00:00+00:00,,,,manual_audit,devpolicy_manual_audit,https://saverpacific.com/,manual_audit.2023_import,0.1.0,0.4,AUS,AUD,TON,TOP,200.0,,anz-australia,ANZ,ANZ (Australia),bank,,ANZ,Online,Account,303.78,0.0,AUD,,1.52,,,,2 days,,,observed,"Manual audit observation, wave 'audit2' (Round 4 ingestion, reports/04-historical.md Task A). Observed via the Saver Pacific comparison site. amount_sent is a fixed 200 units of the origin currency, confirmed by arithmetic against amount_received/fee/rate across the wave, not assumed from a single row.",e13690f5b7e6794b2adc8a2994f5c0f5f67ef497e871bae2a208b31cad8bcc8b,archive/manual-audit-2023/2026/09/10/e13690f5b7e6794b2adc8a2994f5c0f5f67ef497e871bae2a208b31cad8bcc8b.json.gz,Original audit's own reported Cost_PP: 2.86 (methodology/benchmark undocumented in source -- not this project's NRBT benchmark). original audit benchmark (200 AUD->TOP): 312.72 (undocumented methodology).,,
28b575a8-fbef-4291-9982-d068868ff7d5,manual-audit-2023-audit2-20260910T002305Z-356d2a48,,,2023-07-30T00:00:00+00:00,,,,manual_audit,devpolicy_manual_audit,https://saverpacific.com/,manual_audit.2023_import,0.1.0,0.4,AUS,AUD,TON,TOP,200.0,,wantok-money,Wantok,WanTok Money,corridor_specialist,,Wantok,Account,Mobile,299.13,5.0,AUD,,1.53,,,,Less than one hour,,,observed,"Manual audit observation, wave 'audit2' (Round 4 ingestion, reports/04-historical.md Task A). Observed via the Saver Pacific comparison site. amount_sent is a fixed 200 units of the origin currency, confirmed by arithmetic against amount_received/fee/rate across the wave, not assumed from a single row.",e13690f5b7e6794b2adc8a2994f5c0f5f67ef497e871bae2a208b31cad8bcc8b,archive/manual-audit-2023/2026/09/10/e13690f5b7e6794b2adc8a2994f5c0f5f67ef497e871bae2a208b31cad8bcc8b.json.gz,Original audit's own reported Cost_PP: 5.58 (methodology/benchmark undocumented in source -- not this project's NRBT benchmark). original audit benchmark (200 AUD->TOP): 316.82 (undocumented methodology).,,
cf75257a-6435-4d7b-a82d-287ddcfaaa2a,manual-audit-2023-audit2-20260910T002305Z-356d2a48,,,2023-07-30T00:00:00+00:00,,,,manual_audit,devpolicy_manual_audit,https://saverpacific.com/,manual_audit.2023_import,0.1.0,0.4,AUS,AUD,TON,TOP,200.0,,moneygram,Moneygram (Cash),MoneyGram,global_mto,,Moneygram (Cash),Account,Cash,300.66,2.99,AUD,,1.53,,,,Less than one hour,,,observed,"Manual audit observation, wave 'audit2' (Round 4 ingestion, reports/04-historical.md Task A). Observed via the Saver Pacific comparison site. amount_sent is a fixed 200 units of the origin currency, confirmed by arithmetic against amount_received/fee/rate across the wave, not assumed from a single row.",e13690f5b7e6794b2adc8a2994f5c0f5f67ef497e871bae2a208b31cad8bcc8b,archive/manual-audit-2023/2026/09/10/e13690f5b7e6794b2adc8a2994f5c0f5f67ef497e871bae2a208b31cad8bcc8b.json.gz,Original audit's own reported Cost_PP: 5.1 (methodology/benchmark undocumented in source -- not this project's NRBT benchmark). original audit benchmark (200 AUD->TOP): 316.82 (undocumented methodology).,,
b9d0e126-1bd8-46fb-96fe-f6ca2dbe9b80,manual-audit-2023-audit2-20260910T002305Z-356d2a48,,,2023-07-30T00:00:00+00:00,,,,manual_audit,devpolicy_manual_audit,https://saverpacific.com/,manual_audit.2023_import,0.1.0,0.4,AUS,AUD,TON,TOP,200.0,,western-union,Western Union (Online),Western Union,global_mto,,Western Union (Online),Cash,Cash,294.92,5.0,AUD,,1.51,,,,Instant,,,observed,"Manual audit observation, wave 'audit2' (Round 4 ingestion, reports/04-historical.md Task A). Observed via the Saver Pacific comparison site. amount_sent is a fixed 200 units of the origin currency, confirmed by arithmetic against amount_received/fee/rate across the wave, not assumed from a single row.",e13690f5b7e6794b2adc8a2994f5c0f5f67ef497e871bae2a208b31cad8bcc8b,archive/manual-audit-2023/2026/09/10/e13690f5b7e6794b2adc8a2994f5c0f5f67ef497e871bae2a208b31cad8bcc8b.json.gz,Original audit's own reported Cost_PP: 6.91 (methodology/benchmark undocumented in source -- not this project's NRBT benchmark). original audit benchmark (200 AUD->TOP): 316.82 (undocumented methodology).,,
d57fa61b-9dd7-4d35-bb6f-b3ef217ffdc2,manual-audit-2023-audit2-20260910T002305Z-356d2a48,,,2023-07-30T00:00:00+00:00,,,,manual_audit,devpolicy_manual_audit,https://saverpacific.com/,manual_audit.2023_import,0.1.0,0.4,AUS,AUD,TON,TOP,200.0,,western-union,Western Union (Cash),Western Union,global_mto,,Western Union (Cash),Online,Mobile,294.6,0.0,AUD,,1.47,,,,Instant,,,observed,"Manual audit observation, wave 'audit2' (Round 4 ingestion, reports/04-historical.md Task A). Observed via the Saver Pacific comparison site. amount_sent is a fixed 200 units of the origin currency, confirmed by arithmetic against amount_received/fee/rate across the wave, not assumed from a single row.",e13690f5b7e6794b2adc8a2994f5c0f5f67ef497e871bae2a208b31cad8bcc8b,archive/manual-audit-2023/2026/09/10/e13690f5b7e6794b2adc8a2994f5c0f5f67ef497e871bae2a208b31cad8bcc8b.json.gz,Original audit's own reported Cost_PP: 7.01 (methodology/benchmark undocumented in source -- not this project's NRBT benchmark). original audit benchmark (200 AUD->TOP): 316.82 (undocumented methodology).,,
0d7a6d11-b698-4966-b217-2328bebbe411,manual-audit-2023-audit2-20260910T002305Z-356d2a48,,,2023-07-30T00:00:00+00:00,,,,manual_audit,devpolicy_manual_audit,https://saverpacific.com/,manual_audit.2023_import,0.1.0,0.4,AUS,AUD,TON,TOP,200.0,,ofx,OFX,OFX,global_mto,,OFX,Account,Account,262.29,15.0,AUD,,1.42,,,,3 - 5 days,,,observed,"Manual audit observation, wave 'audit2' (Round 4 ingestion, reports/04-historical.md Task A). Observed via the Saver Pacific comparison site. amount_sent is a fixed 200 units of the origin currency, confirmed by arithmetic against amount_received/fee/rate across the wave, not assumed from a single row.",e13690f5b7e6794b2adc8a2994f5c0f5f67ef497e871bae2a208b31cad8bcc8b,archive/manual-audit-2023/2026/09/10/e13690f5b7e6794b2adc8a2994f5c0f5f67ef497e871bae2a208b31cad8bcc8b.json.gz,Original audit's own reported Cost_PP: 16.13 (methodology/benchmark undocumented in source -- not this project's NRBT benchmark). original audit benchmark (200 AUD->TOP): 312.72 (undocumented methodology).,,
f9537a70-183b-4572-ba35-0c608bc63ff2,manual-audit-2023-audit2-20260910T002305Z-356d2a48,,,2023-07-30T00:00:00+00:00,,,,manual_audit,devpolicy_manual_audit,https://sendmoneypacific.org/,manual_audit.2023_import,0.1.0,0.4,NZL,NZD,TON,TOP,200.0,,ave-paanga-pau,Ave Paanga Pau,'Ave Pa'anga Pau,corridor_specialist,,Ave Paanga Pau,Prepaid,Account,280.78,0.0,NZD,,1.4,,,,Less than one hour,,,observed,"Manual audit observation, wave 'audit2' (Round 4 ingestion, reports/04-historical.md Task A). Observed via the Send Money Pacific comparison site. amount_sent is a fixed 200 units of the origin currency, confirmed by arithmetic against amount_received/fee/rate across the wave, not assumed from a single row.",e13690f5b7e6794b2adc8a2994f5c0f5f67ef497e871bae2a208b31cad8bcc8b,archive/manual-audit-2023/2026/09/10/e13690f5b7e6794b2adc8a2994f5c0f5f67ef497e871bae2a208b31cad8bcc8b.json.gz,Original audit's own reported Cost_PP: 3.87 (methodology/benchmark undocumented in source -- not this project's NRBT benchmark). original audit benchmark (200 NZD->TOP): 291.14 (undocumented methodology).,,
045e428d-3bda-4af9-b051-9beab4bf18c1,manual-audit-2023-audit2-20260910T002305Z-356d2a48,,,2023-07-30T00:00:00+00:00,,,,manual_audit,devpolicy_manual_audit,https://sendmoneypacific.org/,manual_audit.2023_import,0.1.0,0.4,NZL,NZD,TON,TOP,200.0,,anz-new-zealand,ANZ,ANZ (New Zealand),bank,,ANZ,Online,Account,277.64,0.0,NZD,,1.39,,,,2 days,,,observed,"Manual audit observation, wave 'audit2' (Round 4 ingestion, reports/04-historical.md Task A). Observed via the Send Money Pacific comparison site. amount_sent is a fixed 200 units of the origin currency, confirmed by arithmetic against amount_received/fee/rate across the wave, not assumed from a single row.",e13690f5b7e6794b2adc8a2994f5c0f5f67ef497e871bae2a208b31cad8bcc8b,archive/manual-audit-2023/2026/09/10/e13690f5b7e6794b2adc8a2994f5c0f5f67ef497e871bae2a208b31cad8bcc8b.json.gz,Original audit's own reported Cost_PP: 4.94 (methodology/benchmark undocumented in source -- not this project's NRBT benchmark). original audit benchmark (200 NZD->TOP): 291.14 (undocumented methodology).,,
e98bc725-95cd-4494-b69b-df32da535381,manual-audit-2023-audit2-20260910T002305Z-356d2a48,,,2023-07-30T00:00:00+00:00,,,,manual_audit,devpolicy_manual_audit,https://sendmoneypacific.org/,manual_audit.2023_import,0.1.0,0.4,NZL,NZD,TON,TOP,200.0,,klickex,KlickEX,KlickEx,corridor_specialist,,KlickEX,Account,Mobile,274.54,5.0,NZD,,1.41,,,,Instant,,,observed,"Manual audit observation, wave 'audit2' (Round 4 ingestion, reports/04-historical.md Task A). Observed via the Send Money Pacific comparison site. amount_sent is a fixed 200 units of the origin currency, confirmed by arithmetic against amount_received/fee/rate across the wave, not assumed from a single row.",e13690f5b7e6794b2adc8a2994f5c0f5f67ef497e871bae2a208b31cad8bcc8b,archive/manual-audit-2023/2026/09/10/e13690f5b7e6794b2adc8a2994f5c0f5f67ef497e871bae2a208b31cad8bcc8b.json.gz,Original audit's own reported Cost_PP: 6.09 (methodology/benchmark undocumented in source -- not this project's NRBT benchmark). original audit benchmark (200 NZD->TOP): 291.14 (undocumented methodology).,,
73f489bf-b334-4772-8a49-ec9cfd6b2265,manual-audit-2023-audit2-20260910T002305Z-356d2a48,,,2023-07-30T00:00:00+00:00,,,,manual_audit,devpolicy_manual_audit,https://sendmoneypacific.org/,manual_audit.2023_import,0.1.0,0.4,NZL,NZD,TON,TOP,200.0,,wantok-money,Wantok,WanTok Money,corridor_specialist,,Wantok,Account,Mobile,274.54,5.0,NZD,,1.41,,,,Instant,,,observed,"Manual audit observation, wave 'audit2' (Round 4 ingestion, reports/04-historical.md Task A). Observed via the Send Money Pacific comparison site. amount_sent is a fixed 200 units of the origin currency, confirmed by arithmetic against amount_received/fee/rate across the wave, not assumed from a single row.",e13690f5b7e6794b2adc8a2994f5c0f5f67ef497e871bae2a208b31cad8bcc8b,archive/manual-audit-2023/2026/09/10/e13690f5b7e6794b2adc8a2994f5c0f5f67ef497e871bae2a208b31cad8bcc8b.json.gz,Original audit's own reported Cost_PP: 6.09 (methodology/benchmark undocumented in source -- not this project's NRBT benchmark). original audit benchmark (200 NZD->TOP): 291.14 (undocumented methodology).,,
ab71151c-df9b-4462-a236-4353c3db29df,manual-audit-2023-audit2-20260910T002305Z-356d2a48,,,2023-07-30T00:00:00+00:00,,,,manual_audit,devpolicy_manual_audit,https://sendmoneypacific.org/,manual_audit.2023_import,0.1.0,0.4,NZL,NZD,TON,TOP,200.0,,moneygram,Moneygram (Cash),MoneyGram,global_mto,,Moneygram (Cash),Account,Cash,274.46,4.0,NZD,,1.4,,,,Less than one hour,,,observed,"Manual audit observation, wave 'audit2' (Round 4 ingestion, reports/04-historical.md Task A). Observed via the Send Money Pacific comparison site. amount_sent is a fixed 200 units of the origin currency, confirmed by arithmetic against amount_received/fee/rate across the wave, not assumed from a single row.",e13690f5b7e6794b2adc8a2994f5c0f5f67ef497e871bae2a208b31cad8bcc8b,archive/manual-audit-2023/2026/09/10/e13690f5b7e6794b2adc8a2994f5c0f5f67ef497e871bae2a208b31cad8bcc8b.json.gz,Original audit's own reported Cost_PP: 6.11 (methodology/benchmark undocumented in source -- not this project's NRBT benchmark). original audit benchmark (200 NZD->TOP): 291.14 (undocumented methodology).,,
06455c6b-ef5e-4c06-a0ad-a533cd5b2ff5,manual-audit-2023-audit2-20260910T002305Z-356d2a48,,,2023-07-30T00:00:00+00:00,,,,manual_audit,devpolicy_manual_audit,https://sendmoneypacific.org/,manual_audit.2023_import,0.1.0,0.4,NZL,NZD,TON,TOP,200.0,,moneygram,Moneygram (Online),MoneyGram,global_mto,,Moneygram (Online),Account,Mobile,263.37,4.0,NZD,,1.34,,,,Less than one hour,,,observed,"Manual audit observation, wave 'audit2' (Round 4 ingestion, reports/04-historical.md Task A). Observed via the Send Money Pacific comparison site. amount_sent is a fixed 200 units of the origin currency, confirmed by arithmetic against amount_received/fee/rate across the wave, not assumed from a single row.",e13690f5b7e6794b2adc8a2994f5c0f5f67ef497e871bae2a208b31cad8bcc8b,archive/manual-audit-2023/2026/09/10/e13690f5b7e6794b2adc8a2994f5c0f5f67ef497e871bae2a208b31cad8bcc8b.json.gz,Original audit's own reported Cost_PP: 9.99 (methodology/benchmark undocumented in source -- not this project's NRBT benchmark). original audit benchmark (200 NZD->TOP): 291.14 (undocumented methodology).,,
11c3176e-2ec3-4623-8c2e-8f34d175df84,manual-audit-2023-audit2-20260910T002305Z-356d2a48,,,2023-07-30T00:00:00+00:00,,,,manual_audit,devpolicy_manual_audit,https://sendmoneypacific.org/,manual_audit.2023_import,0.1.0,0.4,NZL,NZD,TON,TOP,200.0,,western-union,Western Union (Online),Western Union,global_mto,,Western Union (Online),Online,Mobile,269.34,0.0,NZD,,1.35,,,,Less than one hour,,,observed,"Manual audit observation, wave 'audit2' (Round 4 ingestion, reports/04-historical.md Task A). Observed via the Send Money Pacific comparison site. amount_sent is a fixed 200 units of the origin currency, confirmed by arithmetic against amount_received/fee/rate across the wave, not assumed from a single row.",e13690f5b7e6794b2adc8a2994f5c0f5f67ef497e871bae2a208b31cad8bcc8b,archive/manual-audit-2023/2026/09/10/e13690f5b7e6794b2adc8a2994f5c0f5f67ef497e871bae2a208b31cad8bcc8b.json.gz,Original audit's own reported Cost_PP: 7.78 (methodology/benchmark undocumented in source -- not this project's NRBT benchmark). original audit benchmark (200 NZD->TOP): 291.14 (undocumented methodology).,,
2f941285-2c6b-42e7-8ee4-a19f73bd28bf,manual-audit-2023-audit2-20260910T002305Z-356d2a48,,,2023-07-30T00:00:00+00:00,,,,manual_audit,devpolicy_manual_audit,https://sendmoneypacific.org/,manual_audit.2023_import,0.1.0,0.4,NZL,NZD,TON,TOP,200.0,,western-union,Western Union (Cash),Western Union,global_mto,,Western Union (Cash),Online,Cash,268.94,0.0,NZD,,1.34,,,,Same day,,,observed,"Manual audit observation, wave 'audit2' (Round 4 ingestion, reports/04-historical.md Task A). Observed via the Send Money Pacific comparison site. amount_sent is a fixed 200 units of the origin currency, confirmed by arithmetic against amount_received/fee/rate across the wave, not assumed from a single row.",e13690f5b7e6794b2adc8a2994f5c0f5f67ef497e871bae2a208b31cad8bcc8b,archive/manual-audit-2023/2026/09/10/e13690f5b7e6794b2adc8a2994f5c0f5f67ef497e871bae2a208b31cad8bcc8b.json.gz,Original audit's own reported Cost_PP: 7.92 (methodology/benchmark undocumented in source -- not this project's NRBT benchmark). original audit benchmark (200 NZD->TOP): 291.14 (undocumented methodology).,,
ddedac0b-0ede-4034-8577-ca0ab70f4145,manual-audit-2023-audit2-20260910T002305Z-356d2a48,,,2023-07-30T00:00:00+00:00,,,,manual_audit,devpolicy_manual_audit,https://sendmoneypacific.org/,manual_audit.2023_import,0.1.0,0.4,NZL,NZD,TON,TOP,200.0,,asb,ASB,ASB,bank,,ASB,Account,Account,232.17,30.0,NZD,,1.37,,,,2 days,,,observed,"Manual audit observation, wave 'audit2' (Round 4 ingestion, reports/04-historical.md Task A). Observed via the Send Money Pacific comparison site. amount_sent is a fixed 200 units of the origin currency, confirmed by arithmetic against amount_received/fee/rate across the wave, not assumed from a single row.",e13690f5b7e6794b2adc8a2994f5c0f5f67ef497e871bae2a208b31cad8bcc8b,archive/manual-audit-2023/2026/09/10/e13690f5b7e6794b2adc8a2994f5c0f5f67ef497e871bae2a208b31cad8bcc8b.json.gz,Original audit's own reported Cost_PP: 21.48 (methodology/benchmark undocumented in source -- not this project's NRBT benchmark). original audit benchmark (200 NZD->TOP): 291.14 (undocumented methodology).,,
209da2bd-7b57-42bf-8e96-c86fcb745fd4,manual-audit-2023-audit2-20260910T002305Z-356d2a48,,,2023-07-30T00:00:00+00:00,,,,manual_audit,devpolicy_manual_audit,https://saverpacific.com/,manual_audit.2023_import,0.1.0,0.4,NZL,NZD,TON,TOP,200.0,,ave-paanga-pau,Ave Paanga Pau,'Ave Pa'anga Pau,corridor_specialist,,Ave Paanga Pau,Prepaid,Account,280.4,0.0,NZD,,1.4,,,,Less than one hour,,,observed,"Manual audit observation, wave 'audit2' (Round 4 ingestion, reports/04-historical.md Task A). Observed via the Saver Pacific comparison site. amount_sent is a fixed 200 units of the origin currency, confirmed by arithmetic against amount_received/fee/rate across the wave, not assumed from a single row.",e13690f5b7e6794b2adc8a2994f5c0f5f67ef497e871bae2a208b31cad8bcc8b,archive/manual-audit-2023/2026/09/10/e13690f5b7e6794b2adc8a2994f5c0f5f67ef497e871bae2a208b31cad8bcc8b.json.gz,Original audit's own reported Cost_PP: 3.69 (methodology/benchmark undocumented in source -- not this project's NRBT benchmark). original audit benchmark (200 NZD->TOP): 291.14 (undocumented methodology).,,
92b738d9-60d2-4096-b3b2-51c3b4088bad,manual-audit-2023-audit2-20260910T002305Z-356d2a48,,,2023-07-30T00:00:00+00:00,,,,manual_audit,devpolicy_manual_audit,https://saverpacific.com/,manual_audit.2023_import,0.1.0,0.4,NZL,NZD,TON,TOP,200.0,,imex,iMEX,IMEX Money Transfer,corridor_specialist,,iMEX,Account,Account/Cash/Mobile,280.0,0.0,NZD,,1.4,,,,Less than one hour,,,observed,"Manual audit observation, wave 'audit2' (Round 4 ingestion, reports/04-historical.md Task A). Observed via the Saver Pacific comparison site. amount_sent is a fixed 200 units of the origin currency, confirmed by arithmetic against amount_received/fee/rate across the wave, not assumed from a single row.",e13690f5b7e6794b2adc8a2994f5c0f5f67ef497e871bae2a208b31cad8bcc8b,archive/manual-audit-2023/2026/09/10/e13690f5b7e6794b2adc8a2994f5c0f5f67ef497e871bae2a208b31cad8bcc8b.json.gz,Original audit's own reported Cost_PP: 3.83 (methodology/benchmark undocumented in source -- not this project's NRBT benchmark). original audit benchmark (200 NZD->TOP): 291.14 (undocumented methodology).,,
2b38c04e-bf0d-4279-8319-85e58a2a5738,manual-audit-2023-audit2-20260910T002305Z-356d2a48,,,2023-07-30T00:00:00+00:00,,,,manual_audit,devpolicy_manual_audit,https://saverpacific.com/,manual_audit.2023_import,0.1.0,0.4,NZL,NZD,TON,TOP,200.0,,wantok-money,Wantok,WanTok Money,corridor_specialist,,Wantok,Account,Mobile,273.12,5.0,NZD,,1.4,,,,Less than one hour,,,observed,"Manual audit observation, wave 'audit2' (Round 4 ingestion, reports/04-historical.md Task A). Observed via the Saver Pacific comparison site. amount_sent is a fixed 200 units of the origin currency, confirmed by arithmetic against amount_received/fee/rate across the wave, not assumed from a single row.",e13690f5b7e6794b2adc8a2994f5c0f5f67ef497e871bae2a208b31cad8bcc8b,archive/manual-audit-2023/2026/09/10/e13690f5b7e6794b2adc8a2994f5c0f5f67ef497e871bae2a208b31cad8bcc8b.json.gz,Original audit's own reported Cost_PP: 6.19 (methodology/benchmark undocumented in source -- not this project's NRBT benchmark). original audit benchmark (200 NZD->TOP): 291.14 (undocumented methodology).,,
fe3afd0b-4bf7-4718-b974-f326678b7ba7,manual-audit-2023-audit2-20260910T002305Z-356d2a48,,,2023-07-30T00:00:00+00:00,,,,manual_audit,devpolicy_manual_audit,https://saverpacific.com/,manual_audit.2023_import,0.1.0,0.4,NZL,NZD,TON,TOP,200.0,,moneygram,Moneygram (Cash),MoneyGram,global_mto,,Moneygram (Cash),Account,Cash,275.16,4.0,NZD,,1.4,,,,Less than one hour,,,observed,"Manual audit observation, wave 'audit2' (Round 4 ingestion, reports/04-historical.md Task A). Observed via the Saver Pacific comparison site. amount_sent is a fixed 200 units of the origin currency, confirmed by arithmetic against amount_received/fee/rate across the wave, not assumed from a single row.",e13690f5b7e6794b2adc8a2994f5c0f5f67ef497e871bae2a208b31cad8bcc8b,archive/manual-audit-2023/2026/09/10/e13690f5b7e6794b2adc8a2994f5c0f5f67ef497e871bae2a208b31cad8bcc8b.json.gz,Original audit's own reported Cost_PP: 5.49 (methodology/benchmark undocumented in source -- not this project's NRBT benchmark). original audit benchmark (200 NZD->TOP): 291.14 (undocumented methodology).,,
aac7d2ed-4f62-4eec-924f-b1100d05fe09,manual-audit-2023-audit2-20260910T002305Z-356d2a48,,,2023-07-30T00:00:00+00:00,,,,manual_audit,devpolicy_manual_audit,https://saverpacific.com/,manual_audit.2023_import,0.1.0,0.4,NZL,NZD,TON,TOP,200.0,,anz-new-zealand,ANZ,ANZ (New Zealand),bank,,ANZ,Account,Account,274.36,0.0,NZD,,1.37,,,,Next day,,,observed,"Manual audit observation, wave 'audit2' (Round 4 ingestion, reports/04-historical.md Task A). Observed via the Saver Pacific comparison site. amount_sent is a fixed 200 units of the origin currency, confirmed by arithmetic against amount_received/fee/rate across the wave, not assumed from a single row.",e13690f5b7e6794b2adc8a2994f5c0f5f67ef497e871bae2a208b31cad8bcc8b,archive/manual-audit-2023/2026/09/10/e13690f5b7e6794b2adc8a2994f5c0f5f67ef497e871bae2a208b31cad8bcc8b.json.gz,Original audit's own reported Cost_PP: 5.76 (methodology/benchmark undocumented in source -- not this project's NRBT benchmark). original audit benchmark (200 NZD->TOP): 291.14 (undocumented methodology).,,
938392cd-214f-48cc-96d7-99568fb5bf30,manual-audit-2023-audit2-20260910T002305Z-356d2a48,,,2023-07-30T00:00:00+00:00,,,,manual_audit,devpolicy_manual_audit,https://saverpacific.com/,manual_audit.2023_import,0.1.0,0.4,NZL,NZD,TON,TOP,200.0,,moneygram,Moneygram (Online),MoneyGram,global_mto,,Moneygram (Online),Account,Mobile,264.03,4.0,NZD,,1.35,,,,Same day,,,observed,"Manual audit observation, wave 'audit2' (Round 4 ingestion, reports/04-historical.md Task A). Observed via the Saver Pacific comparison site. amount_sent is a fixed 200 units of the origin currency, confirmed by arithmetic against amount_received/fee/rate across the wave, not assumed from a single row.",e13690f5b7e6794b2adc8a2994f5c0f5f67ef497e871bae2a208b31cad8bcc8b,archive/manual-audit-2023/2026/09/10/e13690f5b7e6794b2adc8a2994f5c0f5f67ef497e871bae2a208b31cad8bcc8b.json.gz,Original audit's own reported Cost_PP: 9.31 (methodology/benchmark undocumented in source -- not this project's NRBT benchmark). original audit benchmark (200 NZD->TOP): 291.14 (undocumented methodology).,,
91f708a9-fda8-4d5d-88d3-3b252953cd52,manual-audit-2023-audit2-20260910T002305Z-356d2a48,,,2023-07-30T00:00:00+00:00,,,,manual_audit,devpolicy_manual_audit,https://saverpacific.com/,manual_audit.2023_import,0.1.0,0.4,NZL,NZD,TON,TOP,200.0,,western-union,Western Union (Online),Western Union,global_mto,,Western Union (Online),Account,Mobile,269.68,0.0,NZD,,1.35,,,,Less than one hour,,,observed,"Manual audit observation, wave 'audit2' (Round 4 ingestion, reports/04-historical.md Task A). Observed via the Saver Pacific comparison site. amount_sent is a fixed 200 units of the origin currency, confirmed by arithmetic against amount_received/fee/rate across the wave, not assumed from a single row.",e13690f5b7e6794b2adc8a2994f5c0f5f67ef497e871bae2a208b31cad8bcc8b,archive/manual-audit-2023/2026/09/10/e13690f5b7e6794b2adc8a2994f5c0f5f67ef497e871bae2a208b31cad8bcc8b.json.gz,Original audit's own reported Cost_PP: 7.37 (methodology/benchmark undocumented in source -- not this project's NRBT benchmark). original audit benchmark (200 NZD->TOP): 291.14 (undocumented methodology).,,
c6f3ea67-8c99-4681-bb20-38609835cc04,manual-audit-2023-audit2-20260910T002305Z-356d2a48,,,2023-07-30T00:00:00+00:00,,,,manual_audit,devpolicy_manual_audit,https://saverpacific.com/,manual_audit.2023_import,0.1.0,0.4,NZL,NZD,TON,TOP,200.0,,western-union,Western Union (Cash),Western Union,global_mto,,Western Union (Cash),Account,Cash,269.28,0.0,NZD,,1.35,,,,Less than one hour,,,observed,"Manual audit observation, wave 'audit2' (Round 4 ingestion, reports/04-historical.md Task A). Observed via the Saver Pacific comparison site. amount_sent is a fixed 200 units of the origin currency, confirmed by arithmetic against amount_received/fee/rate across the wave, not assumed from a single row.",e13690f5b7e6794b2adc8a2994f5c0f5f67ef497e871bae2a208b31cad8bcc8b,archive/manual-audit-2023/2026/09/10/e13690f5b7e6794b2adc8a2994f5c0f5f67ef497e871bae2a208b31cad8bcc8b.json.gz,Original audit's own reported Cost_PP: 7.51 (methodology/benchmark undocumented in source -- not this project's NRBT benchmark). original audit benchmark (200 NZD->TOP): 291.14 (undocumented methodology).,,
24f84c27-0587-4697-8823-a8cf88345629,manual-audit-2023-audit2-20260910T002305Z-356d2a48,,,2023-07-30T00:00:00+00:00,,,,manual_audit,devpolicy_manual_audit,https://saverpacific.com/,manual_audit.2023_import,0.1.0,0.4,NZL,NZD,TON,TOP,200.0,,kiwibank,Kiwi Bank,Kiwibank,bank,,Kiwi Bank,Account,Account,245.99,20.0,NZD,,1.37,,,,3 - 5 days,,,observed,"Manual audit observation, wave 'audit2' (Round 4 ingestion, reports/04-historical.md Task A). Observed via the Saver Pacific comparison site. amount_sent is a fixed 200 units of the origin currency, confirmed by arithmetic against amount_received/fee/rate across the wave, not assumed from a single row.",e13690f5b7e6794b2adc8a2994f5c0f5f67ef497e871bae2a208b31cad8bcc8b,archive/manual-audit-2023/2026/09/10/e13690f5b7e6794b2adc8a2994f5c0f5f67ef497e871bae2a208b31cad8bcc8b.json.gz,Original audit's own reported Cost_PP: 15.51 (methodology/benchmark undocumented in source -- not this project's NRBT benchmark). original audit benchmark (200 NZD->TOP): 291.14 (undocumented methodology).,,
334ccf65-304f-4171-80b4-560554e79e3d,manual-audit-2023-audit2-20260910T002305Z-356d2a48,,,2023-07-31T00:00:00+00:00,,,,manual_audit,devpolicy_manual_audit,https://sendmoneypacific.org/,manual_audit.2023_import,0.1.0,0.4,AUS,AUD,TON,TOP,200.0,,ria-money-transfer,Ria,Ria Money Transfer,global_mto,,Ria,Account,Mobile,311.43,2.89,AUD,,1.58,,,,Less than one hour,,,observed,"Manual audit observation, wave 'audit2' (Round 4 ingestion, reports/04-historical.md Task A). Observed via the Send Money Pacific comparison site. amount_sent is a fixed 200 units of the origin currency, confirmed by arithmetic against amount_received/fee/rate across the wave, not assumed from a single row.",e13690f5b7e6794b2adc8a2994f5c0f5f67ef497e871bae2a208b31cad8bcc8b,archive/manual-audit-2023/2026/09/10/e13690f5b7e6794b2adc8a2994f5c0f5f67ef497e871bae2a208b31cad8bcc8b.json.gz,Original audit's own reported Cost_PP: 2.07 (methodology/benchmark undocumented in source -- not this project's NRBT benchmark). original audit benchmark (200 AUD->TOP): 316.82 (undocumented methodology).,,
43db3f9a-f843-4034-8e5e-1a72c49bb4b6,manual-audit-2023-audit2-20260910T002305Z-356d2a48,,,2023-07-31T00:00:00+00:00,,,,manual_audit,devpolicy_manual_audit,https://sendmoneypacific.org/,manual_audit.2023_import,0.1.0,0.4,AUS,AUD,TON,TOP,200.0,,moneygram,Moneygram (Online),MoneyGram,global_mto,,Moneygram (Online),Account,Mobile,308.98,0.0,AUD,,1.54,,,,Next day,,,observed,"Manual audit observation, wave 'audit2' (Round 4 ingestion, reports/04-historical.md Task A). Observed via the Send Money Pacific comparison site. amount_sent is a fixed 200 units of the origin currency, confirmed by arithmetic against amount_received/fee/rate across the wave, not assumed from a single row.",e13690f5b7e6794b2adc8a2994f5c0f5f67ef497e871bae2a208b31cad8bcc8b,archive/manual-audit-2023/2026/09/10/e13690f5b7e6794b2adc8a2994f5c0f5f67ef497e871bae2a208b31cad8bcc8b.json.gz,Original audit's own reported Cost_PP: 2.84 (methodology/benchmark undocumented in source -- not this project's NRBT benchmark). original audit benchmark (200 AUD->TOP): 316.82 (undocumented methodology).,,
3f9c9894-20f8-4865-ab62-163aa4b299dc,manual-audit-2023-audit2-20260910T002305Z-356d2a48,,,2023-07-31T00:00:00+00:00,,,,manual_audit,devpolicy_manual_audit,https://sendmoneypacific.org/,manual_audit.2023_import,0.1.0,0.4,AUS,AUD,TON,TOP,200.0,,ave-paanga-pau,Ave Paanga Pau,'Ave Pa'anga Pau,corridor_specialist,,Ave Paanga Pau,Prepaid,Account,307.26,0.0,AUD,,1.54,,,,Less than one hour,,,observed,"Manual audit observation, wave 'audit2' (Round 4 ingestion, reports/04-historical.md Task A). Observed via the Send Money Pacific comparison site. amount_sent is a fixed 200 units of the origin currency, confirmed by arithmetic against amount_received/fee/rate across the wave, not assumed from a single row.",e13690f5b7e6794b2adc8a2994f5c0f5f67ef497e871bae2a208b31cad8bcc8b,archive/manual-audit-2023/2026/09/10/e13690f5b7e6794b2adc8a2994f5c0f5f67ef497e871bae2a208b31cad8bcc8b.json.gz,Original audit's own reported Cost_PP: 3.38 (methodology/benchmark undocumented in source -- not this project's NRBT benchmark). original audit benchmark (200 AUD->TOP): 316.82 (undocumented methodology).,,
7548bfd4-45b2-4fec-854b-2da09e11a588,manual-audit-2023-audit2-20260910T002305Z-356d2a48,,,2023-07-31T00:00:00+00:00,,,,manual_audit,devpolicy_manual_audit,https://sendmoneypacific.org/,manual_audit.2023_import,0.1.0,0.4,AUS,AUD,TON,TOP,200.0,,anz-australia,ANZ,ANZ (Australia),bank,,ANZ,Online,Account,306.86,0.0,AUD,,1.53,,,,2 days,,,observed,"Manual audit observation, wave 'audit2' (Round 4 ingestion, reports/04-historical.md Task A). Observed via the Send Money Pacific comparison site. amount_sent is a fixed 200 units of the origin currency, confirmed by arithmetic against amount_received/fee/rate across the wave, not assumed from a single row.",e13690f5b7e6794b2adc8a2994f5c0f5f67ef497e871bae2a208b31cad8bcc8b,archive/manual-audit-2023/2026/09/10/e13690f5b7e6794b2adc8a2994f5c0f5f67ef497e871bae2a208b31cad8bcc8b.json.gz,Original audit's own reported Cost_PP: 3.5 (methodology/benchmark undocumented in source -- not this project's NRBT benchmark). original audit benchmark (200 AUD->TOP): 316.82 (undocumented methodology).,,
e1d657a0-cdf0-4542-b2f6-6700b1c8fcfc,manual-audit-2023-audit2-20260910T002305Z-356d2a48,,,2023-07-31T00:00:00+00:00,,,,manual_audit,devpolicy_manual_audit,https://sendmoneypacific.org/,manual_audit.2023_import,0.1.0,0.4,AUS,AUD,TON,TOP,200.0,,klickex,KlickEX,KlickEx,corridor_specialist,,KlickEX,Account,Mobile,298.78,5.0,AUD,,1.53,,,,Instant,,,observed,"Manual audit observation, wave 'audit2' (Round 4 ingestion, reports/04-historical.md Task A). Observed via the Send Money Pacific comparison site. amount_sent is a fixed 200 units of the origin currency, confirmed by arithmetic against amount_received/fee/rate across the wave, not assumed from a single row.",e13690f5b7e6794b2adc8a2994f5c0f5f67ef497e871bae2a208b31cad8bcc8b,archive/manual-audit-2023/2026/09/10/e13690f5b7e6794b2adc8a2994f5c0f5f67ef497e871bae2a208b31cad8bcc8b.json.gz,Original audit's own reported Cost_PP: 6.14 (methodology/benchmark undocumented in source -- not this project's NRBT benchmark). original audit benchmark (200 AUD->TOP): 316.82 (undocumented methodology).,,
a5c9dd49-4aa2-4479-86a4-f51e523af944,manual-audit-2023-audit2-20260910T002305Z-356d2a48,,,2023-07-31T00:00:00+00:00,,,,manual_audit,devpolicy_manual_audit,https://sendmoneypacific.org/,manual_audit.2023_import,0.1.0,0.4,AUS,AUD,TON,TOP,200.0,,moneygram,Moneygram (Cash),MoneyGram,global_mto,,Moneygram (Cash),Account,Cash,300.4,2.99,AUD,,1.52,,,,Less than one hour,,,observed,"Manual audit observation, wave 'audit2' (Round 4 ingestion, reports/04-historical.md Task A). Observed via the Send Money Pacific comparison site. amount_sent is a fixed 200 units of the origin currency, confirmed by arithmetic against amount_received/fee/rate across the wave, not assumed from a single row.",e13690f5b7e6794b2adc8a2994f5c0f5f67ef497e871bae2a208b31cad8bcc8b,archive/manual-audit-2023/2026/09/10/e13690f5b7e6794b2adc8a2994f5c0f5f67ef497e871bae2a208b31cad8bcc8b.json.gz,Original audit's own reported Cost_PP: 5.6 (methodology/benchmark undocumented in source -- not this project's NRBT benchmark). original audit benchmark (200 AUD->TOP): 316.82 (undocumented methodology).,,
177ba70c-3e8d-490a-a6ca-0262beff0116,manual-audit-2023-audit2-20260910T002305Z-356d2a48,,,2023-07-31T00:00:00+00:00,,,,manual_audit,devpolicy_manual_audit,https://sendmoneypacific.org/,manual_audit.2023_import,0.1.0,0.4,AUS,AUD,TON,TOP,200.0,,western-union,Western Union (Online),Western Union,global_mto,,Western Union (Online),Cash,Cash,293.77,5.0,AUD,,1.51,,,,Instant,,,observed,"Manual audit observation, wave 'audit2' (Round 4 ingestion, reports/04-historical.md Task A). Observed via the Send Money Pacific comparison site. amount_sent is a fixed 200 units of the origin currency, confirmed by arithmetic against amount_received/fee/rate across the wave, not assumed from a single row.",e13690f5b7e6794b2adc8a2994f5c0f5f67ef497e871bae2a208b31cad8bcc8b,archive/manual-audit-2023/2026/09/10/e13690f5b7e6794b2adc8a2994f5c0f5f67ef497e871bae2a208b31cad8bcc8b.json.gz,Original audit's own reported Cost_PP: 7.75 (methodology/benchmark undocumented in source -- not this project's NRBT benchmark). original audit benchmark (200 AUD->TOP): 316.82 (undocumented methodology).,,
982140db-be43-4f7b-9652-66958169244d,manual-audit-2023-audit2-20260910T002305Z-356d2a48,,,2023-07-31T00:00:00+00:00,,,,manual_audit,devpolicy_manual_audit,https://sendmoneypacific.org/,manual_audit.2023_import,0.1.0,0.4,AUS,AUD,TON,TOP,200.0,,western-union,Western Union (Cash),Western Union,global_mto,,Western Union (Cash),Online,Mobile,290.68,0.0,AUD,,1.45,,,,Instant,,,observed,"Manual audit observation, wave 'audit2' (Round 4 ingestion, reports/04-historical.md Task A). Observed via the Send Money Pacific comparison site. amount_sent is a fixed 200 units of the origin currency, confirmed by arithmetic against amount_received/fee/rate across the wave, not assumed from a single row.",e13690f5b7e6794b2adc8a2994f5c0f5f67ef497e871bae2a208b31cad8bcc8b,archive/manual-audit-2023/2026/09/10/e13690f5b7e6794b2adc8a2994f5c0f5f67ef497e871bae2a208b31cad8bcc8b.json.gz,Original audit's own reported Cost_PP: 8.59 (methodology/benchmark undocumented in source -- not this project's NRBT benchmark). original audit benchmark (200 AUD->TOP): 316.82 (undocumented methodology).,,
11ce3af3-02f5-4ddd-bdb7-c5c93aad2f89,manual-audit-2023-audit2-20260910T002305Z-356d2a48,,,2023-07-31T00:00:00+00:00,,,,manual_audit,devpolicy_manual_audit,https://sendmoneypacific.org/,manual_audit.2023_import,0.1.0,0.4,AUS,AUD,TON,TOP,200.0,,nab,NAB,National Australia Bank,bank,,NAB,Online,Account,246.67,30.0,AUD,,1.45,,,,3 days,,,observed,"Manual audit observation, wave 'audit2' (Round 4 ingestion, reports/04-historical.md Task A). Observed via the Send Money Pacific comparison site. amount_sent is a fixed 200 units of the origin currency, confirmed by arithmetic against amount_received/fee/rate across the wave, not assumed from a single row.",e13690f5b7e6794b2adc8a2994f5c0f5f67ef497e871bae2a208b31cad8bcc8b,archive/manual-audit-2023/2026/09/10/e13690f5b7e6794b2adc8a2994f5c0f5f67ef497e871bae2a208b31cad8bcc8b.json.gz,Original audit's own reported Cost_PP: 23.74 (methodology/benchmark undocumented in source -- not this project's NRBT benchmark). original audit benchmark (200 AUD->TOP): 316.82 (undocumented methodology).,,
ae3cae61-d362-443e-8677-5684e1fce179,manual-audit-2023-audit2-20260910T002305Z-356d2a48,,,2023-07-31T00:00:00+00:00,,,,manual_audit,devpolicy_manual_audit,https://saverpacific.com/,manual_audit.2023_import,0.1.0,0.4,AUS,AUD,TON,TOP,200.0,,ria-money-transfer,Ria,Ria Money Transfer,global_mto,,Ria,Account,Mobile,313.4,2.89,AUD,,1.59,,,,Less than one hour,,,observed,"Manual audit observation, wave 'audit2' (Round 4 ingestion, reports/04-historical.md Task A). Observed via the Saver Pacific comparison site. amount_sent is a fixed 200 units of the origin currency, confirmed by arithmetic against amount_received/fee/rate across the wave, not assumed from a single row.",e13690f5b7e6794b2adc8a2994f5c0f5f67ef497e871bae2a208b31cad8bcc8b,archive/manual-audit-2023/2026/09/10/e13690f5b7e6794b2adc8a2994f5c0f5f67ef497e871bae2a208b31cad8bcc8b.json.gz,Original audit's own reported Cost_PP: 1.08 (methodology/benchmark undocumented in source -- not this project's NRBT benchmark). original audit benchmark (200 AUD->TOP): 316.82 (undocumented methodology).,,
793b751e-b532-4417-95f8-b2ddf321bd6a,manual-audit-2023-audit2-20260910T002305Z-356d2a48,,,2023-07-31T00:00:00+00:00,,,,manual_audit,devpolicy_manual_audit,https://saverpacific.com/,manual_audit.2023_import,0.1.0,0.4,AUS,AUD,TON,TOP,200.0,,ave-paanga-pau,Ave Paanga Pau,'Ave Pa'anga Pau,corridor_specialist,,Ave Paanga Pau,Prepaid,Account,308.6,0.0,AUD,,1.54,,,,Next day,,,observed,"Manual audit observation, wave 'audit2' (Round 4 ingestion, reports/04-historical.md Task A). Observed via the Saver Pacific comparison site. amount_sent is a fixed 200 units of the origin currency, confirmed by arithmetic against amount_received/fee/rate across the wave, not assumed from a single row.",e13690f5b7e6794b2adc8a2994f5c0f5f67ef497e871bae2a208b31cad8bcc8b,archive/manual-audit-2023/2026/09/10/e13690f5b7e6794b2adc8a2994f5c0f5f67ef497e871bae2a208b31cad8bcc8b.json.gz,Original audit's own reported Cost_PP: 2.59 (methodology/benchmark undocumented in source -- not this project's NRBT benchmark). original audit benchmark (200 AUD->TOP): 316.82 (undocumented methodology).,,
1a208535-938a-4efb-8da4-865d1a0fbf5b,manual-audit-2023-audit2-20260910T002305Z-356d2a48,,,2023-07-31T00:00:00+00:00,,,,manual_audit,devpolicy_manual_audit,https://saverpacific.com/,manual_audit.2023_import,0.1.0,0.4,AUS,AUD,TON,TOP,200.0,,moneygram,Moneygram (Online),MoneyGram,global_mto,,Moneygram (Online),Account,Mobile,309.1,0.0,AUD,,1.55,,,,Same day,,,observed,"Manual audit observation, wave 'audit2' (Round 4 ingestion, reports/04-historical.md Task A). Observed via the Saver Pacific comparison site. amount_sent is a fixed 200 units of the origin currency, confirmed by arithmetic against amount_received/fee/rate across the wave, not assumed from a single row.",e13690f5b7e6794b2adc8a2994f5c0f5f67ef497e871bae2a208b31cad8bcc8b,archive/manual-audit-2023/2026/09/10/e13690f5b7e6794b2adc8a2994f5c0f5f67ef497e871bae2a208b31cad8bcc8b.json.gz,Original audit's own reported Cost_PP: 2.44 (methodology/benchmark undocumented in source -- not this project's NRBT benchmark). original audit benchmark (200 AUD->TOP): 316.82 (undocumented methodology).,,
a78013ca-33db-4fe7-9a3a-876e1ec45964,manual-audit-2023-audit2-20260910T002305Z-356d2a48,,,2023-07-31T00:00:00+00:00,,,,manual_audit,devpolicy_manual_audit,https://saverpacific.com/,manual_audit.2023_import,0.1.0,0.4,AUS,AUD,TON,TOP,200.0,,anz-australia,ANZ,ANZ (Australia),bank,,ANZ,Online,Account,301.5,0.0,AUD,,1.51,,,,2 days,,,observed,"Manual audit observation, wave 'audit2' (Round 4 ingestion, reports/04-historical.md Task A). Observed via the Saver Pacific comparison site. amount_sent is a fixed 200 units of the origin currency, confirmed by arithmetic against amount_received/fee/rate across the wave, not assumed from a single row.",e13690f5b7e6794b2adc8a2994f5c0f5f67ef497e871bae2a208b31cad8bcc8b,archive/manual-audit-2023/2026/09/10/e13690f5b7e6794b2adc8a2994f5c0f5f67ef497e871bae2a208b31cad8bcc8b.json.gz,Original audit's own reported Cost_PP: 4.8 (methodology/benchmark undocumented in source -- not this project's NRBT benchmark). original audit benchmark (200 AUD->TOP): 316.7 (undocumented methodology).,,
bcfca18c-ffc7-4fa9-99a3-42e33f5b260d,manual-audit-2023-audit2-20260910T002305Z-356d2a48,,,2023-07-31T00:00:00+00:00,,,,manual_audit,devpolicy_manual_audit,https://saverpacific.com/,manual_audit.2023_import,0.1.0,0.4,AUS,AUD,TON,TOP,200.0,,wantok-money,Wantok,WanTok Money,corridor_specialist,,Wantok,Account,Mobile,299.13,5.0,AUD,,1.53,,,,Less than one hour,,,observed,"Manual audit observation, wave 'audit2' (Round 4 ingestion, reports/04-historical.md Task A). Observed via the Saver Pacific comparison site. amount_sent is a fixed 200 units of the origin currency, confirmed by arithmetic against amount_received/fee/rate across the wave, not assumed from a single row.",e13690f5b7e6794b2adc8a2994f5c0f5f67ef497e871bae2a208b31cad8bcc8b,archive/manual-audit-2023/2026/09/10/e13690f5b7e6794b2adc8a2994f5c0f5f67ef497e871bae2a208b31cad8bcc8b.json.gz,Original audit's own reported Cost_PP: 5.58 (methodology/benchmark undocumented in source -- not this project's NRBT benchmark). original audit benchmark (200 AUD->TOP): 316.82 (undocumented methodology).,,
6e3295f3-1a28-4ee9-9190-3d42dcff9d6f,manual-audit-2023-audit2-20260910T002305Z-356d2a48,,,2023-07-31T00:00:00+00:00,,,,manual_audit,devpolicy_manual_audit,https://saverpacific.com/,manual_audit.2023_import,0.1.0,0.4,AUS,AUD,TON,TOP,200.0,,moneygram,Moneygram (Cash),MoneyGram,global_mto,,Moneygram (Cash),Account,Cash,300.66,2.99,AUD,,1.53,,,,Less than one hour,,,observed,"Manual audit observation, wave 'audit2' (Round 4 ingestion, reports/04-historical.md Task A). Observed via the Saver Pacific comparison site. amount_sent is a fixed 200 units of the origin currency, confirmed by arithmetic against amount_received/fee/rate across the wave, not assumed from a single row.",e13690f5b7e6794b2adc8a2994f5c0f5f67ef497e871bae2a208b31cad8bcc8b,archive/manual-audit-2023/2026/09/10/e13690f5b7e6794b2adc8a2994f5c0f5f67ef497e871bae2a208b31cad8bcc8b.json.gz,Original audit's own reported Cost_PP: 5.1 (methodology/benchmark undocumented in source -- not this project's NRBT benchmark). original audit benchmark (200 AUD->TOP): 316.82 (undocumented methodology).,,
d6efaafc-65e9-47ad-bde2-d68fe155aa0d,manual-audit-2023-audit2-20260910T002305Z-356d2a48,,,2023-07-31T00:00:00+00:00,,,,manual_audit,devpolicy_manual_audit,https://saverpacific.com/,manual_audit.2023_import,0.1.0,0.4,AUS,AUD,TON,TOP,200.0,,western-union,Western Union (Online),Western Union,global_mto,,Western Union (Online),Cash,Cash,294.92,5.0,AUD,,1.51,,,,Instant,,,observed,"Manual audit observation, wave 'audit2' (Round 4 ingestion, reports/04-historical.md Task A). Observed via the Saver Pacific comparison site. amount_sent is a fixed 200 units of the origin currency, confirmed by arithmetic against amount_received/fee/rate across the wave, not assumed from a single row.",e13690f5b7e6794b2adc8a2994f5c0f5f67ef497e871bae2a208b31cad8bcc8b,archive/manual-audit-2023/2026/09/10/e13690f5b7e6794b2adc8a2994f5c0f5f67ef497e871bae2a208b31cad8bcc8b.json.gz,Original audit's own reported Cost_PP: 6.91 (methodology/benchmark undocumented in source -- not this project's NRBT benchmark). original audit benchmark (200 AUD->TOP): 316.82 (undocumented methodology).,,
cd661fca-f9a3-4a4f-9600-f0f5ec577f92,manual-audit-2023-audit2-20260910T002305Z-356d2a48,,,2023-07-31T00:00:00+00:00,,,,manual_audit,devpolicy_manual_audit,https://saverpacific.com/,manual_audit.2023_import,0.1.0,0.4,AUS,AUD,TON,TOP,200.0,,western-union,Western Union (Cash),Western Union,global_mto,,Western Union (Cash),Online,Mobile,294.6,0.0,AUD,,1.47,,,,Instant,,,observed,"Manual audit observation, wave 'audit2' (Round 4 ingestion, reports/04-historical.md Task A). Observed via the Saver Pacific comparison site. amount_sent is a fixed 200 units of the origin currency, confirmed by arithmetic against amount_received/fee/rate across the wave, not assumed from a single row.",e13690f5b7e6794b2adc8a2994f5c0f5f67ef497e871bae2a208b31cad8bcc8b,archive/manual-audit-2023/2026/09/10/e13690f5b7e6794b2adc8a2994f5c0f5f67ef497e871bae2a208b31cad8bcc8b.json.gz,Original audit's own reported Cost_PP: 7.01 (methodology/benchmark undocumented in source -- not this project's NRBT benchmark). original audit benchmark (200 AUD->TOP): 316.82 (undocumented methodology).,,
bbca1cea-cb00-48e6-9e82-9fa96dbc568b,manual-audit-2023-audit2-20260910T002305Z-356d2a48,,,2023-07-31T00:00:00+00:00,,,,manual_audit,devpolicy_manual_audit,https://saverpacific.com/,manual_audit.2023_import,0.1.0,0.4,AUS,AUD,TON,TOP,200.0,,ofx,OFX,OFX,global_mto,,OFX,Account,Account,263.92,15.0,AUD,,1.43,,,,3 - 5 days,,,observed,"Manual audit observation, wave 'audit2' (Round 4 ingestion, reports/04-historical.md Task A). Observed via the Saver Pacific comparison site. amount_sent is a fixed 200 units of the origin currency, confirmed by arithmetic against amount_received/fee/rate across the wave, not assumed from a single row.",e13690f5b7e6794b2adc8a2994f5c0f5f67ef497e871bae2a208b31cad8bcc8b,archive/manual-audit-2023/2026/09/10/e13690f5b7e6794b2adc8a2994f5c0f5f67ef497e871bae2a208b31cad8bcc8b.json.gz,Original audit's own reported Cost_PP: 16.67 (methodology/benchmark undocumented in source -- not this project's NRBT benchmark). original audit benchmark (200 AUD->TOP): 316.7 (undocumented methodology).,,
83409aff-0064-4268-ad2c-9dac2dcb7073,manual-audit-2023-audit2-20260910T002305Z-356d2a48,,,2023-07-31T00:00:00+00:00,,,,manual_audit,devpolicy_manual_audit,https://sendmoneypacific.org/,manual_audit.2023_import,0.1.0,0.4,NZL,NZD,TON,TOP,200.0,,ave-paanga-pau,Ave Paanga Pau,'Ave Pa'anga Pau,corridor_specialist,,Ave Paanga Pau,Prepaid,Account,280.78,0.0,NZD,,1.4,,,,Less than one hour,,,observed,"Manual audit observation, wave 'audit2' (Round 4 ingestion, reports/04-historical.md Task A). Observed via the Send Money Pacific comparison site. amount_sent is a fixed 200 units of the origin currency, confirmed by arithmetic against amount_received/fee/rate across the wave, not assumed from a single row.",e13690f5b7e6794b2adc8a2994f5c0f5f67ef497e871bae2a208b31cad8bcc8b,archive/manual-audit-2023/2026/09/10/e13690f5b7e6794b2adc8a2994f5c0f5f67ef497e871bae2a208b31cad8bcc8b.json.gz,Original audit's own reported Cost_PP: 3.87 (methodology/benchmark undocumented in source -- not this project's NRBT benchmark). original audit benchmark (200 NZD->TOP): 291.14 (undocumented methodology).,,
22e01ec0-fc65-467b-83bb-8439aefe0dd3,manual-audit-2023-audit2-20260910T002305Z-356d2a48,,,2023-07-31T00:00:00+00:00,,,,manual_audit,devpolicy_manual_audit,https://sendmoneypacific.org/,manual_audit.2023_import,0.1.0,0.4,NZL,NZD,TON,TOP,200.0,,anz-new-zealand,ANZ,ANZ (New Zealand),bank,,ANZ,Online,Account,277.64,0.0,NZD,,1.39,,,,2 days,,,observed,"Manual audit observation, wave 'audit2' (Round 4 ingestion, reports/04-historical.md Task A). Observed via the Send Money Pacific comparison site. amount_sent is a fixed 200 units of the origin currency, confirmed by arithmetic against amount_received/fee/rate across the wave, not assumed from a single row.",e13690f5b7e6794b2adc8a2994f5c0f5f67ef497e871bae2a208b31cad8bcc8b,archive/manual-audit-2023/2026/09/10/e13690f5b7e6794b2adc8a2994f5c0f5f67ef497e871bae2a208b31cad8bcc8b.json.gz,Original audit's own reported Cost_PP: 4.94 (methodology/benchmark undocumented in source -- not this project's NRBT benchmark). original audit benchmark (200 NZD->TOP): 291.14 (undocumented methodology).,,
9e3879a0-ac0a-4a48-9878-f7d9fd465d9b,manual-audit-2023-audit2-20260910T002305Z-356d2a48,,,2023-07-31T00:00:00+00:00,,,,manual_audit,devpolicy_manual_audit,https://sendmoneypacific.org/,manual_audit.2023_import,0.1.0,0.4,NZL,NZD,TON,TOP,200.0,,klickex,KlickEX,KlickEx,corridor_specialist,,KlickEX,Account,Mobile,274.54,5.0,NZD,,1.41,,,,Instant,,,observed,"Manual audit observation, wave 'audit2' (Round 4 ingestion, reports/04-historical.md Task A). Observed via the Send Money Pacific comparison site. amount_sent is a fixed 200 units of the origin currency, confirmed by arithmetic against amount_received/fee/rate across the wave, not assumed from a single row.",e13690f5b7e6794b2adc8a2994f5c0f5f67ef497e871bae2a208b31cad8bcc8b,archive/manual-audit-2023/2026/09/10/e13690f5b7e6794b2adc8a2994f5c0f5f67ef497e871bae2a208b31cad8bcc8b.json.gz,Original audit's own reported Cost_PP: 6.09 (methodology/benchmark undocumented in source -- not this project's NRBT benchmark). original audit benchmark (200 NZD->TOP): 291.14 (undocumented methodology).,,
a6c2ad92-a1b5-463b-b046-fc275fbd7c1f,manual-audit-2023-audit2-20260910T002305Z-356d2a48,,,2023-07-31T00:00:00+00:00,,,,manual_audit,devpolicy_manual_audit,https://sendmoneypacific.org/,manual_audit.2023_import,0.1.0,0.4,NZL,NZD,TON,TOP,200.0,,wantok-money,Wantok,WanTok Money,corridor_specialist,,Wantok,Account,Mobile,274.54,5.0,NZD,,1.41,,,,Instant,,,observed,"Manual audit observation, wave 'audit2' (Round 4 ingestion, reports/04-historical.md Task A). Observed via the Send Money Pacific comparison site. amount_sent is a fixed 200 units of the origin currency, confirmed by arithmetic against amount_received/fee/rate across the wave, not assumed from a single row.",e13690f5b7e6794b2adc8a2994f5c0f5f67ef497e871bae2a208b31cad8bcc8b,archive/manual-audit-2023/2026/09/10/e13690f5b7e6794b2adc8a2994f5c0f5f67ef497e871bae2a208b31cad8bcc8b.json.gz,Original audit's own reported Cost_PP: 6.09 (methodology/benchmark undocumented in source -- not this project's NRBT benchmark). original audit benchmark (200 NZD->TOP): 291.14 (undocumented methodology).,,
41398b2d-a5e8-4bfd-8e99-200f1f71fffe,manual-audit-2023-audit2-20260910T002305Z-356d2a48,,,2023-07-31T00:00:00+00:00,,,,manual_audit,devpolicy_manual_audit,https://sendmoneypacific.org/,manual_audit.2023_import,0.1.0,0.4,NZL,NZD,TON,TOP,200.0,,moneygram,Moneygram (Cash),MoneyGram,global_mto,,Moneygram (Cash),Account,Cash,274.46,4.0,NZD,,1.4,,,,Less than one hour,,,observed,"Manual audit observation, wave 'audit2' (Round 4 ingestion, reports/04-historical.md Task A). Observed via the Send Money Pacific comparison site. amount_sent is a fixed 200 units of the origin currency, confirmed by arithmetic against amount_received/fee/rate across the wave, not assumed from a single row.",e13690f5b7e6794b2adc8a2994f5c0f5f67ef497e871bae2a208b31cad8bcc8b,archive/manual-audit-2023/2026/09/10/e13690f5b7e6794b2adc8a2994f5c0f5f67ef497e871bae2a208b31cad8bcc8b.json.gz,Original audit's own reported Cost_PP: 6.11 (methodology/benchmark undocumented in source -- not this project's NRBT benchmark). original audit benchmark (200 NZD->TOP): 291.14 (undocumented methodology).,,
4a43c521-6789-4b28-aaf3-00a6bc380085,manual-audit-2023-audit2-20260910T002305Z-356d2a48,,,2023-07-31T00:00:00+00:00,,,,manual_audit,devpolicy_manual_audit,https://sendmoneypacific.org/,manual_audit.2023_import,0.1.0,0.4,NZL,NZD,TON,TOP,200.0,,moneygram,Moneygram (Online),MoneyGram,global_mto,,Moneygram (Online),Account,Mobile,263.37,4.0,NZD,,1.34,,,,Less than one hour,,,observed,"Manual audit observation, wave 'audit2' (Round 4 ingestion, reports/04-historical.md Task A). Observed via the Send Money Pacific comparison site. amount_sent is a fixed 200 units of the origin currency, confirmed by arithmetic against amount_received/fee/rate across the wave, not assumed from a single row.",e13690f5b7e6794b2adc8a2994f5c0f5f67ef497e871bae2a208b31cad8bcc8b,archive/manual-audit-2023/2026/09/10/e13690f5b7e6794b2adc8a2994f5c0f5f67ef497e871bae2a208b31cad8bcc8b.json.gz,Original audit's own reported Cost_PP: 9.99 (methodology/benchmark undocumented in source -- not this project's NRBT benchmark). original audit benchmark (200 NZD->TOP): 291.14 (undocumented methodology).,,
a3b65aab-9cc1-4312-a4a3-df864a594160,manual-audit-2023-audit2-20260910T002305Z-356d2a48,,,2023-07-31T00:00:00+00:00,,,,manual_audit,devpolicy_manual_audit,https://sendmoneypacific.org/,manual_audit.2023_import,0.1.0,0.4,NZL,NZD,TON,TOP,200.0,,western-union,Western Union (Online),Western Union,global_mto,,Western Union (Online),Online,Mobile,269.34,0.0,NZD,,1.35,,,,Less than one hour,,,observed,"Manual audit observation, wave 'audit2' (Round 4 ingestion, reports/04-historical.md Task A). Observed via the Send Money Pacific comparison site. amount_sent is a fixed 200 units of the origin currency, confirmed by arithmetic against amount_received/fee/rate across the wave, not assumed from a single row.",e13690f5b7e6794b2adc8a2994f5c0f5f67ef497e871bae2a208b31cad8bcc8b,archive/manual-audit-2023/2026/09/10/e13690f5b7e6794b2adc8a2994f5c0f5f67ef497e871bae2a208b31cad8bcc8b.json.gz,Original audit's own reported Cost_PP: 7.78 (methodology/benchmark undocumented in source -- not this project's NRBT benchmark). original audit benchmark (200 NZD->TOP): 291.14 (undocumented methodology).,,
485aa431-d523-4049-929e-c3262c4b96d8,manual-audit-2023-audit2-20260910T002305Z-356d2a48,,,2023-07-31T00:00:00+00:00,,,,manual_audit,devpolicy_manual_audit,https://sendmoneypacific.org/,manual_audit.2023_import,0.1.0,0.4,NZL,NZD,TON,TOP,200.0,,western-union,Western Union (Cash),Western Union,global_mto,,Western Union (Cash),Online,Cash,268.94,0.0,NZD,,1.34,,,,Same day,,,observed,"Manual audit observation, wave 'audit2' (Round 4 ingestion, reports/04-historical.md Task A). Observed via the Send Money Pacific comparison site. amount_sent is a fixed 200 units of the origin currency, confirmed by arithmetic against amount_received/fee/rate across the wave, not assumed from a single row.",e13690f5b7e6794b2adc8a2994f5c0f5f67ef497e871bae2a208b31cad8bcc8b,archive/manual-audit-2023/2026/09/10/e13690f5b7e6794b2adc8a2994f5c0f5f67ef497e871bae2a208b31cad8bcc8b.json.gz,Original audit's own reported Cost_PP: 7.92 (methodology/benchmark undocumented in source -- not this project's NRBT benchmark). original audit benchmark (200 NZD->TOP): 291.14 (undocumented methodology).,,
2412f920-767d-4ab5-b792-5bf7d471c792,manual-audit-2023-audit2-20260910T002305Z-356d2a48,,,2023-07-31T00:00:00+00:00,,,,manual_audit,devpolicy_manual_audit,https://sendmoneypacific.org/,manual_audit.2023_import,0.1.0,0.4,NZL,NZD,TON,TOP,200.0,,asb,ASB,ASB,bank,,ASB,Account,Account,232.17,30.0,NZD,,1.37,,,,2 days,,,observed,"Manual audit observation, wave 'audit2' (Round 4 ingestion, reports/04-historical.md Task A). Observed via the Send Money Pacific comparison site. amount_sent is a fixed 200 units of the origin currency, confirmed by arithmetic against amount_received/fee/rate across the wave, not assumed from a single row.",e13690f5b7e6794b2adc8a2994f5c0f5f67ef497e871bae2a208b31cad8bcc8b,archive/manual-audit-2023/2026/09/10/e13690f5b7e6794b2adc8a2994f5c0f5f67ef497e871bae2a208b31cad8bcc8b.json.gz,Original audit's own reported Cost_PP: 21.48 (methodology/benchmark undocumented in source -- not this project's NRBT benchmark). original audit benchmark (200 NZD->TOP): 291.14 (undocumented methodology).,,
a59a0fde-cdcc-4f3d-bf8f-8ac605d36717,manual-audit-2023-audit2-20260910T002305Z-356d2a48,,,2023-07-31T00:00:00+00:00,,,,manual_audit,devpolicy_manual_audit,https://saverpacific.com/,manual_audit.2023_import,0.1.0,0.4,NZL,NZD,TON,TOP,200.0,,ave-paanga-pau,Ave Paanga Pau,'Ave Pa'anga Pau,corridor_specialist,,Ave Paanga Pau,Prepaid,Account,280.4,0.0,NZD,,1.4,,,,Less than one hour,,,observed,"Manual audit observation, wave 'audit2' (Round 4 ingestion, reports/04-historical.md Task A). Observed via the Saver Pacific comparison site. amount_sent is a fixed 200 units of the origin currency, confirmed by arithmetic against amount_received/fee/rate across the wave, not assumed from a single row.",e13690f5b7e6794b2adc8a2994f5c0f5f67ef497e871bae2a208b31cad8bcc8b,archive/manual-audit-2023/2026/09/10/e13690f5b7e6794b2adc8a2994f5c0f5f67ef497e871bae2a208b31cad8bcc8b.json.gz,Original audit's own reported Cost_PP: 3.69 (methodology/benchmark undocumented in source -- not this project's NRBT benchmark). original audit benchmark (200 NZD->TOP): 291.14 (undocumented methodology).,,
6c84d220-e45e-4b42-ae8d-7d21ae8e1c5a,manual-audit-2023-audit2-20260910T002305Z-356d2a48,,,2023-07-31T00:00:00+00:00,,,,manual_audit,devpolicy_manual_audit,https://saverpacific.com/,manual_audit.2023_import,0.1.0,0.4,NZL,NZD,TON,TOP,200.0,,imex,iMEX,IMEX Money Transfer,corridor_specialist,,iMEX,Account,Account/Cash/Mobile,280.0,0.0,NZD,,1.4,,,,Less than one hour,,,observed,"Manual audit observation, wave 'audit2' (Round 4 ingestion, reports/04-historical.md Task A). Observed via the Saver Pacific comparison site. amount_sent is a fixed 200 units of the origin currency, confirmed by arithmetic against amount_received/fee/rate across the wave, not assumed from a single row.",e13690f5b7e6794b2adc8a2994f5c0f5f67ef497e871bae2a208b31cad8bcc8b,archive/manual-audit-2023/2026/09/10/e13690f5b7e6794b2adc8a2994f5c0f5f67ef497e871bae2a208b31cad8bcc8b.json.gz,Original audit's own reported Cost_PP: 3.83 (methodology/benchmark undocumented in source -- not this project's NRBT benchmark). original audit benchmark (200 NZD->TOP): 291.14 (undocumented methodology).,,
f47d9e1b-c6bb-4b36-8c6c-9433a0a87feb,manual-audit-2023-audit2-20260910T002305Z-356d2a48,,,2023-07-31T00:00:00+00:00,,,,manual_audit,devpolicy_manual_audit,https://saverpacific.com/,manual_audit.2023_import,0.1.0,0.4,NZL,NZD,TON,TOP,200.0,,wantok-money,Wantok,WanTok Money,corridor_specialist,,Wantok,Account,Mobile,273.12,5.0,NZD,,1.4,,,,Less than one hour,,,observed,"Manual audit observation, wave 'audit2' (Round 4 ingestion, reports/04-historical.md Task A). Observed via the Saver Pacific comparison site. amount_sent is a fixed 200 units of the origin currency, confirmed by arithmetic against amount_received/fee/rate across the wave, not assumed from a single row.",e13690f5b7e6794b2adc8a2994f5c0f5f67ef497e871bae2a208b31cad8bcc8b,archive/manual-audit-2023/2026/09/10/e13690f5b7e6794b2adc8a2994f5c0f5f67ef497e871bae2a208b31cad8bcc8b.json.gz,Original audit's own reported Cost_PP: 6.19 (methodology/benchmark undocumented in source -- not this project's NRBT benchmark). original audit benchmark (200 NZD->TOP): 291.14 (undocumented methodology).,,
b8c0a0b1-07b3-4039-beaa-ad4e214bc558,manual-audit-2023-audit2-20260910T002305Z-356d2a48,,,2023-07-31T00:00:00+00:00,,,,manual_audit,devpolicy_manual_audit,https://saverpacific.com/,manual_audit.2023_import,0.1.0,0.4,NZL,NZD,TON,TOP,200.0,,moneygram,Moneygram (Cash),MoneyGram,global_mto,,Moneygram (Cash),Account,Cash,275.16,4.0,NZD,,1.4,,,,Less than one hour,,,observed,"Manual audit observation, wave 'audit2' (Round 4 ingestion, reports/04-historical.md Task A). Observed via the Saver Pacific comparison site. amount_sent is a fixed 200 units of the origin currency, confirmed by arithmetic against amount_received/fee/rate across the wave, not assumed from a single row.",e13690f5b7e6794b2adc8a2994f5c0f5f67ef497e871bae2a208b31cad8bcc8b,archive/manual-audit-2023/2026/09/10/e13690f5b7e6794b2adc8a2994f5c0f5f67ef497e871bae2a208b31cad8bcc8b.json.gz,Original audit's own reported Cost_PP: 5.49 (methodology/benchmark undocumented in source -- not this project's NRBT benchmark). original audit benchmark (200 NZD->TOP): 291.14 (undocumented methodology).,,
bd2a15b5-bf05-4864-af30-2d7d6c55aa00,manual-audit-2023-audit2-20260910T002305Z-356d2a48,,,2023-07-31T00:00:00+00:00,,,,manual_audit,devpolicy_manual_audit,https://saverpacific.com/,manual_audit.2023_import,0.1.0,0.4,NZL,NZD,TON,TOP,200.0,,anz-new-zealand,ANZ,ANZ (New Zealand),bank,,ANZ,Account,Account,274.36,0.0,NZD,,1.37,,,,Next day,,,observed,"Manual audit observation, wave 'audit2' (Round 4 ingestion, reports/04-historical.md Task A). Observed via the Saver Pacific comparison site. amount_sent is a fixed 200 units of the origin currency, confirmed by arithmetic against amount_received/fee/rate across the wave, not assumed from a single row.",e13690f5b7e6794b2adc8a2994f5c0f5f67ef497e871bae2a208b31cad8bcc8b,archive/manual-audit-2023/2026/09/10/e13690f5b7e6794b2adc8a2994f5c0f5f67ef497e871bae2a208b31cad8bcc8b.json.gz,Original audit's own reported Cost_PP: 5.76 (methodology/benchmark undocumented in source -- not this project's NRBT benchmark). original audit benchmark (200 NZD->TOP): 291.14 (undocumented methodology).,,
9e365936-14aa-42fa-b4e1-f31bc0fc6601,manual-audit-2023-audit2-20260910T002305Z-356d2a48,,,2023-07-31T00:00:00+00:00,,,,manual_audit,devpolicy_manual_audit,https://saverpacific.com/,manual_audit.2023_import,0.1.0,0.4,NZL,NZD,TON,TOP,200.0,,moneygram,Moneygram (Online),MoneyGram,global_mto,,Moneygram (Online),Account,Mobile,264.03,4.0,NZD,,1.35,,,,Same day,,,observed,"Manual audit observation, wave 'audit2' (Round 4 ingestion, reports/04-historical.md Task A). Observed via the Saver Pacific comparison site. amount_sent is a fixed 200 units of the origin currency, confirmed by arithmetic against amount_received/fee/rate across the wave, not assumed from a single row.",e13690f5b7e6794b2adc8a2994f5c0f5f67ef497e871bae2a208b31cad8bcc8b,archive/manual-audit-2023/2026/09/10/e13690f5b7e6794b2adc8a2994f5c0f5f67ef497e871bae2a208b31cad8bcc8b.json.gz,Original audit's own reported Cost_PP: 9.31 (methodology/benchmark undocumented in source -- not this project's NRBT benchmark). original audit benchmark (200 NZD->TOP): 291.14 (undocumented methodology).,,
b515d7c0-d40f-42c0-8ef4-e6922ee7eed3,manual-audit-2023-audit2-20260910T002305Z-356d2a48,,,2023-07-31T00:00:00+00:00,,,,manual_audit,devpolicy_manual_audit,https://saverpacific.com/,manual_audit.2023_import,0.1.0,0.4,NZL,NZD,TON,TOP,200.0,,western-union,Western Union (Online),Western Union,global_mto,,Western Union (Online),Account,Mobile,269.68,0.0,NZD,,1.35,,,,Less than one hour,,,observed,"Manual audit observation, wave 'audit2' (Round 4 ingestion, reports/04-historical.md Task A). Observed via the Saver Pacific comparison site. amount_sent is a fixed 200 units of the origin currency, confirmed by arithmetic against amount_received/fee/rate across the wave, not assumed from a single row.",e13690f5b7e6794b2adc8a2994f5c0f5f67ef497e871bae2a208b31cad8bcc8b,archive/manual-audit-2023/2026/09/10/e13690f5b7e6794b2adc8a2994f5c0f5f67ef497e871bae2a208b31cad8bcc8b.json.gz,Original audit's own reported Cost_PP: 7.37 (methodology/benchmark undocumented in source -- not this project's NRBT benchmark). original audit benchmark (200 NZD->TOP): 291.14 (undocumented methodology).,,
5deb65ba-2149-4763-9410-7b4c0858babe,manual-audit-2023-audit2-20260910T002305Z-356d2a48,,,2023-07-31T00:00:00+00:00,,,,manual_audit,devpolicy_manual_audit,https://saverpacific.com/,manual_audit.2023_import,0.1.0,0.4,NZL,NZD,TON,TOP,200.0,,western-union,Western Union (Cash),Western Union,global_mto,,Western Union (Cash),Account,Cash,269.28,0.0,NZD,,1.35,,,,Less than one hour,,,observed,"Manual audit observation, wave 'audit2' (Round 4 ingestion, reports/04-historical.md Task A). Observed via the Saver Pacific comparison site. amount_sent is a fixed 200 units of the origin currency, confirmed by arithmetic against amount_received/fee/rate across the wave, not assumed from a single row.",e13690f5b7e6794b2adc8a2994f5c0f5f67ef497e871bae2a208b31cad8bcc8b,archive/manual-audit-2023/2026/09/10/e13690f5b7e6794b2adc8a2994f5c0f5f67ef497e871bae2a208b31cad8bcc8b.json.gz,Original audit's own reported Cost_PP: 7.51 (methodology/benchmark undocumented in source -- not this project's NRBT benchmark). original audit benchmark (200 NZD->TOP): 291.14 (undocumented methodology).,,
5f1e30f3-21a9-4ad8-9222-acced185717d,manual-audit-2023-audit2-20260910T002305Z-356d2a48,,,2023-07-31T00:00:00+00:00,,,,manual_audit,devpolicy_manual_audit,https://saverpacific.com/,manual_audit.2023_import,0.1.0,0.4,NZL,NZD,TON,TOP,200.0,,kiwibank,Kiwi Bank,Kiwibank,bank,,Kiwi Bank,Account,Account,245.99,20.0,NZD,,1.37,,,,3 - 5 days,,,observed,"Manual audit observation, wave 'audit2' (Round 4 ingestion, reports/04-historical.md Task A). Observed via the Saver Pacific comparison site. amount_sent is a fixed 200 units of the origin currency, confirmed by arithmetic against amount_received/fee/rate across the wave, not assumed from a single row.",e13690f5b7e6794b2adc8a2994f5c0f5f67ef497e871bae2a208b31cad8bcc8b,archive/manual-audit-2023/2026/09/10/e13690f5b7e6794b2adc8a2994f5c0f5f67ef497e871bae2a208b31cad8bcc8b.json.gz,Original audit's own reported Cost_PP: 15.51 (methodology/benchmark undocumented in source -- not this project's NRBT benchmark). original audit benchmark (200 NZD->TOP): 291.14 (undocumented methodology).,,
